temperature_C,wavelength_nm,absorption_cm2,archived_emission_reconstruction_cm2,mccumber_emission_cm2,fluorescence_photon_probability_per_nm,energy_equivalent_fluorescence_wavelength_nm
20.0,880.0,2.412444942990923e-22,0.0,1.3290515486255272e-24,4.6294296117489085e-06,1012.5969786847127
20.0,880.5,2.4595251715564715e-22,0.0,1.3985893580394631e-24,4.860591534328578e-06,1012.5969786847127
20.0,881.0,2.5065291646041396e-22,0.0,1.4711285708480727e-24,5.101094209718306e-06,1012.5969786847127
20.0,881.5,2.553417794633028e-22,0.0,1.5467605351216756e-24,5.351187447437509e-06,1012.5969786847127
20.0,882.0,2.600152186577728e-22,0.0,1.6255777450139592e-24,5.611122529166226e-06,1012.5969786847127
20.0,882.5,2.646692455630871e-22,0.0,1.7076729474397365e-24,5.881149105493694e-06,1012.5969786847127
20.0,883.0,2.692998969420579e-22,0.0,1.7931397656161545e-24,6.161517346884824e-06,1012.5969786847127
20.0,883.5,2.7390315907039945e-22,0.0,1.882072075974745e-24,6.45247579159797e-06,1012.5969786847127
20.0,884.0,2.784750182238259e-22,0.0,1.974564171382441e-24,6.7542719124191395e-06,1012.5969786847127
20.0,884.5,2.830115111651495e-22,0.0,2.070710975709128e-24,7.067152851026774e-06,1012.5969786847127
20.0,885.0,2.875085736829866e-22,0.0,2.1706067914180622e-24,7.391361147088834e-06,1012.5969786847127
20.0,885.5,2.919622172966002e-22,0.0,2.2743463770647285e-24,7.72713844109765e-06,1012.5969786847127
20.0,886.0,2.963685040123517e-22,0.0,2.382024638769414e-24,8.07472442890597e-06,1012.5969786847127
20.0,886.5,3.0072349583660207e-22,0.0,2.493736066944875e-24,8.434354968830574e-06,1012.5969786847127
20.0,887.0,3.0502322953216346e-22,0.0,2.6095742993872382e-24,8.806260640857685e-06,1012.5969786847127
20.0,887.5,3.0926389332314195e-22,0.0,2.7296334092818987e-24,9.190671133296967e-06,1012.5969786847127
20.0,888.0,3.1344167543364346e-22,0.0,2.8540064805963367e-24,9.587810457676336e-06,1012.5969786847127
20.0,888.5,3.1755278933132293e-22,0.0,2.9827855827499078e-24,9.997896918428604e-06,1012.5969786847127
20.0,889.0,3.215935999451291e-22,0.0,3.1160627499318682e-24,1.0421146443166467e-05,1012.5969786847127
20.0,889.5,3.255604722040108e-22,0.0,3.2539284001558225e-24,1.0857767325238213e-05,1012.5969786847127
20.0,890.0,3.294499224982104e-22,0.0,3.396472591908974e-24,1.1307964484504635e-05,1012.5969786847127
20.0,890.5,3.3325849246151945e-22,0.0,3.543783601955733e-24,1.1771934772425375e-05,1012.5969786847127
20.0,891.0,3.369828751890234e-22,0.0,3.695949019362638e-24,1.2249870680271786e-05,1012.5969786847127
20.0,891.5,3.406198647500033e-22,0.0,3.853055083084593e-24,1.2741958189406578e-05,1012.5969786847127
20.0,892.0,3.4416630570083833e-22,0.0,4.015185912806199e-24,1.3248374298476437e-05,1012.5969786847127
20.0,892.5,3.4761924454629933e-22,0.0,4.182425051918847e-24,1.3769292196140093e-05,1012.5969786847127
20.0,893.0,3.5097580352180404e-22,0.0,4.354853891604187e-24,1.4304876119855569e-05,1012.5969786847127
20.0,893.5,3.54233281567613e-22,0.0,4.532552718166718e-24,1.4855284881465104e-05,1012.5969786847127
20.0,894.0,3.5738907859818263e-22,0.0,4.715599659449288e-24,1.5420668475693034e-05,1012.5969786847127
20.0,894.5,3.6044072074571407e-22,0.0,4.904070824884454e-24,1.600116862902971e-05,1012.5969786847127
20.0,895.0,3.6338596133434926e-22,0.0,5.0980415656900325e-24,1.6596922988427256e-05,1012.5969786847127
20.0,895.5,3.662226294188771e-22,0.0,5.2975843461413295e-24,1.7208058246177577e-05,1012.5969786847127
20.0,896.0,3.6894873075892924e-22,0.0,5.502769990151192e-24,1.783469429651252e-05,1012.5969786847127
20.0,896.5,3.715624730625289e-22,0.0,5.7136680334391126e-24,1.847694544485402e-05,1012.5969786847127
20.0,897.0,3.7406219025544426e-22,0.0,5.9303455576009526e-24,1.9134916702953415e-05,1012.5969786847127
20.0,897.5,3.7644641821183523e-22,0.0,6.1528682939669975e-24,1.980870744124336e-05,1012.5969786847127
20.0,898.0,3.787138442671556e-22,0.0,6.381299832566255e-24,2.0498408906036228e-05,1012.5969786847127
20.0,898.5,3.808633072181529e-22,0.0,6.61570157045436e-24,2.1204104139906567e-05,1012.5969786847127
20.0,899.0,3.8289389829706416e-22,0.0,6.856134478275156e-24,2.1925873718278175e-05,1012.5969786847127
20.0,899.5,3.848048097103226e-22,0.0,7.102656553067034e-24,2.266378764527867e-05,1012.5969786847127
20.0,900.0,3.865954608563019e-22,0.0,7.35532507537888e-24,2.3417912653668567e-05,1012.5969786847127
20.0,900.5,3.882654478382185e-22,0.0,7.614195846294645e-24,2.4188309814111035e-05,1012.5969786847127
20.0,901.0,3.898145182205829e-22,0.0,7.879322788001721e-24,2.497503332875316e-05,1012.5969786847127
20.0,901.5,3.912426467598461e-22,0.0,8.150759579196029e-24,2.5778135776670173e-05,1012.5969786847127
20.0,902.0,3.9254993443020385e-22,0.0,8.428557806841347e-24,2.6597662296756015e-05,1012.5969786847127
20.0,902.5,3.937367346413418e-22,0.0,8.712769790860117e-24,2.7433659561512177e-05,1012.5969786847127
20.0,903.0,3.9480352702069027e-22,0.0,9.003446182083883e-24,2.8286168211213672e-05,1012.5969786847127
20.0,903.5,3.9575096790052243e-22,2.802596928649634e-45,9.300637242684268e-24,2.915522693206729e-05,1012.5969786847127
20.0,904.0,3.9657989031795423e-22,9.80908925027372e-45,9.604393143614693e-24,3.0040873405987783e-05,1012.5969786847127
20.0,904.5,3.972913292584932e-22,4.624284932271896e-44,9.91476493246419e-24,3.0943147340187026e-05,1012.5969786847127
20.0,905.0,3.9788647116894093e-22,2.045895757914233e-43,1.0231803712443841e-23,3.186208788609965e-05,1012.5969786847127
20.0,905.5,3.9836672968803943e-22,8.842193309889596e-43,1.0555562984223627e-23,3.279774091982871e-05,1012.5969786847127
20.0,906.0,3.987339728384124e-22,3.7316578104969885e-42,1.0886105530461622e-23,3.375018030997182e-05,1012.5969786847127
20.0,906.5,3.989913055765828e-22,1.5417085704501637e-41,1.1223527122991021e-23,3.4719580944063117e-05,1012.5969786847127
20.0,907.0,3.9914645242853436e-22,6.234096608088246e-41,1.1568059746346842e-23,3.5706536227112836e-05,1012.5969786847127
20.0,907.5,3.9922283940770873e-22,2.4668037776434782e-40,1.1920422977127351e-23,3.671313566295127e-05,1012.5969786847127
20.0,908.0,3.992942534077366e-22,9.551768813269753e-40,1.2282962449285829e-23,3.774644695628586e-05,1012.5969786847127
20.0,908.5,3.9958170169982467e-22,3.61931010741821e-39,1.2662958902302903e-23,3.8828607766150844e-05,1012.5969786847127
20.0,909.0,4.006963558480147e-22,1.3420249405823416e-38,1.308128254514348e-23,4.0023138457461296e-05,1012.5969786847127
20.0,909.5,4.041810258345273e-22,4.86954355261434e-38,1.359258301025753e-23,4.149612357878599e-05,1012.5969786847127
20.0,910.0,4.1356814244052075e-22,1.729054552066746e-37,1.4326830471303026e-23,4.3641623739529764e-05,1012.5969786847127
20.0,910.5,4.3614814358188145e-22,6.007889817459008e-37,1.556323598908591e-23,4.7303845802116005e-05,1012.5969786847127
20.0,911.0,4.853723572483015e-22,2.0428103004827685e-36,1.7839785317900565e-23,5.4104384891865655e-05,1012.5969786847127
20.0,911.5,5.831523858915915e-22,6.797151873202317e-36,2.2076552573687708e-23,6.680683723951803e-05,1012.5969786847127
20.0,912.0,7.603204477846439e-22,2.213189826645435e-35,2.9646020907724125e-23,8.95165642812054e-05,1012.5969786847127
20.0,912.5,1.0527178891089854e-21,7.051852025570958e-35,4.227544954223765e-23,0.00012737174242645846,1012.5969786847127
20.0,913.0,1.490806352838672e-21,2.1987736626501085e-34,6.165807057132995e-23,0.00018536305066756579,1012.5969786847127
20.0,913.5,2.0832895117349624e-21,6.7088901840759065e-34,8.873537392355328e-23,0.0002661821477794888,1012.5969786847127
20.0,914.0,2.7997478795505762e-21,2.0031507396866447e-33,1.2280910333642203e-22,0.00036758867734275986,1012.5969786847127
20.0,914.5,3.561393007810816e-21,5.852877106214374e-33,1.6087259214353487e-22,0.0004804670045749271,1012.5969786847127
20.0,915.0,4.249107253236995e-21,1.673470198155484e-32,1.9764982687520197e-22,0.0005890177874539949,1012.5969786847127
20.0,915.5,4.731620526129286e-21,4.6823016849714994e-32,2.266372681992476e-22,0.0006739292097791993,1012.5969786847127
20.0,916.0,4.905939146702034e-21,1.2820164733994526e-31,2.419648950345257e-22,0.0007179377922545959,1012.5969786847127
20.0,916.5,4.733283773083629e-21,3.434951774246864e-31,2.4037409713742557e-22,0.0007116625899766955,1012.5969786847127
20.0,917.0,4.253512555454337e-21,9.006176922214845e-31,2.224097989185301e-22,0.0006570416838100151,1012.5969786847127
20.0,917.5,3.570854693860458e-21,2.3107508717390917e-30,1.9224082868243318e-22,0.0005666797403148716,1012.5969786847127
20.0,918.0,2.818131039701965e-21,5.801744339161409e-30,1.562025393463891e-22,0.0004594451940621927,1012.5969786847127
20.0,918.5,2.116484374729879e-21,1.4254660645189985e-29,1.2077628070206162e-22,0.00035447152759998267,1012.5969786847127
20.0,919.0,1.5473570522089033e-21,3.427266965822431e-29,9.090401139739722e-23,0.00026621795965418393,1012.5969786847127
20.0,919.5,1.1445873427100271e-21,8.063653213736828e-29,6.922351404475173e-23,0.00020228470928178164,1012.5969786847127
20.0,920.0,9.03749850150931e-22,1.856558188531651e-28,5.626669752093968e-23,0.00016406519700904696,1012.5969786847127
20.0,920.5,7.995455402439128e-22,4.182906060985249e-28,5.124260392038407e-23,0.0001490913225246293,1012.5969786847127
20.0,921.0,8.020986727864425e-22,9.222325168348e-28,5.29159889061923e-23,0.00015362600746487116,1012.5969786847127
20.0,921.5,8.871261653625468e-22,1.9897365812237683e-27,6.02423630962898e-23,0.00017451669879996117,1012.5969786847127
20.0,922.0,1.0394635112883344e-21,4.200911580035326e-27,7.265570665841577e-23,0.00021002084182983273,1012.5969786847127
20.0,922.5,1.2520454955918032e-21,8.679292657530498e-27,9.007636802118256e-23,0.0002598135011400887,1012.5969786847127
20.0,923.0,1.5228922162403672e-21,1.7547606865010848e-26,1.1276559659667703e-22,0.00032455340202438985,1012.5969786847127
20.0,923.5,1.8518883607023454e-21,3.471717063012199e-26,1.411319694649e-22,0.0004053163760683455,1012.5969786847127
20.0,924.0,2.2381806970226507e-21,6.721458528056522e-26,1.7554778709342108e-22,0.0005030646749628521,1012.5969786847127
20.0,924.5,2.6783861857429117e-21,1.2734314119832117e-25,2.161969254534625e-22,0.0006182130943174971,1012.5969786847127
20.0,925.0,3.1655521476324217e-21,2.360915243097088e-25,2.6295922164210786e-22,0.0007503049689894177,1012.5969786847127
20.0,925.5,3.688779629937549e-21,4.283295806448895e-25,3.153339961893809e-22,0.0008978038227902025,1012.5969786847127
20.0,926.0,4.233451406116009e-21,7.604462340225642e-25,3.7240745734611393e-22,0.001058012430705838,1012.5969786847127
20.0,926.5,4.7820304797777874e-21,1.321148942538642e-24,4.3287092275170445e-22,0.0012271370463168394,1012.5969786847127
20.0,927.0,5.315349121269601e-21,2.2460936787213885e-24,4.950929619048205e-22,0.001400503388772098,1012.5969786847127
20.0,927.5,5.8142610074676845e-21,3.7367737601726835e-24,5.57243467521751e-22,0.0015729164733851273,1012.5969786847127
20.0,928.0,6.261464007961618e-21,6.083569872180514e-24,6.1745953036752e-22,0.0017391335827163588,1012.5969786847127
20.0,928.5,6.643247038642838e-21,9.691991624338759e-24,6.740340312946601e-22,0.0018943950048450006,1012.5969786847127
20.0,929.0,6.950918240731e-21,1.5109857555821365e-23,7.256030498777288e-22,0.0020349446055983617,1012.5969786847127
20.0,929.5,7.181694361491192e-21,2.305157114644915e-23,7.713048155856868e-22,0.002158464023780225,1012.5969786847127
20.0,930.0,7.338903106522449e-21,3.441386766364939e-23,8.108848979880193e-22,0.0022643510920767056,1012.5969786847127
20.0,930.5,7.431464132390993e-21,5.027583151739571e-23,8.447304090219097e-22,0.0023537967917393243,1012.5969786847127
20.0,931.0,7.47270522515787e-21,7.187499771908443e-23,8.738241618215499e-22,0.0024296385692621565,1012.5969786847127
20.0,931.5,7.478685320933974e-21,1.0055166303479142e-22,8.996233236570554e-22,0.0024960059571468795,1012.5969786847127
20.0,932.0,7.466259032493638e-21,1.3765547065459757e-22,9.238778655628007e-22,0.002557803992525888,1012.5969786847127
20.0,932.5,7.45114844603034e-21,1.844125691715932e-22,9.484132720899813e-22,0.0026201044754749084,1012.5969786847127
20.0,933.0,7.446263718331016e-21,2.4175772089314183e-22,9.74905621804158e-22,0.0026875239785776684,1012.5969786847127
20.0,933.5,7.460473614967169e-21,3.101437319788403e-22,1.0046786939570233e-21,0.0027636704263035825,1012.5969786847127
20.0,934.0,7.497940696189273e-21,3.8934847181955287e-22,1.0385474062270357e-21,0.002850723976920649,1012.5969786847127
20.0,934.5,7.558033267427976e-21,4.783070413021035e-22,1.07672196800139e-21,0.002949189636188124,1012.5969786847127
20.0,935.0,7.635776935898024e-21,5.749999817526755e-22,1.1187818152629793e-21,0.003057843843085152,1012.5969786847127
20.0,935.5,7.722714102953487e-21,6.764282585797847e-22,1.1637145813037085e-21,0.0031738592016237214,1012.5969786847127
20.0,936.0,7.808025181558687e-21,7.786969436391057e-22,1.2100102777511378e-21,0.0032930779599353536,1012.5969786847127
20.0,936.5,7.879758865890654e-21,8.772189811607338e-22,1.2557960714576853e-21,0.0034103923172403338,1012.5969786847127
20.0,937.0,7.926014741121134e-21,9.670308835725673e-22,1.298991864545665e-21,0.0035201763075917965,1012.5969786847127
20.0,937.5,7.935981298150118e-21,1.043195012696647e-21,1.3374716923054472e-21,0.0036167279411860776,1012.5969786847127
20.0,938.0,7.900748573934187e-21,1.1012437652367806e-21,1.3692150940995971e-21,0.0036946786638890347,1012.5969786847127
20.0,938.5,7.813856643318473e-21,1.1376122472078374e-21,1.392436617756759e-21,0.0037493387109669304,1012.5969786847127
20.0,939.0,7.671596926037124e-21,1.149999963505351e-21,1.405689625854541e-21,0.0037769689856407508,1012.5969786847127
20.0,939.5,7.473060654327326e-21,1.1376122472078374e-21,1.4079361654373792e-21,0.0037749584428756256,1012.5969786847127
20.0,940.0,7.219999932435786e-21,1.1012437652367806e-21,1.3985873424805201e-21,0.0037419202479295373,1012.5969786847127
20.0,940.5,6.916528045205394e-21,1.043195012696647e-21,1.37751283220968e-21,0.0036777042503678705,1012.5969786847127
20.0,941.0,6.568713541807835e-21,9.670308835725673e-22,1.3450243101542814e-21,0.0035833397582251455,1012.5969786847127
20.0,941.5,6.18411333106189e-21,8.772189811607338e-22,1.3018374489717429e-21,0.003460921995664542,1012.5969786847127
20.0,942.0,5.771275484492987e-21,7.786969436391057e-22,1.2490156069102201e-21,0.0033134513768062405,1012.5969786847127
20.0,942.5,5.3392537523994595e-21,6.764282585797847e-22,1.1879019924827109e-21,0.0031446442642305648,1012.5969786847127
20.0,943.0,4.897151968280791e-21,5.749999817526755e-22,1.1200435008231619e-21,0.00295872408761018,1012.5969786847127
20.0,943.5,4.453725806609115e-21,4.783070413021035e-22,1.0471124802285264e-21,0.0027602096244715296,1012.5969786847127
20.0,944.0,4.017047144602142e-21,3.8934847181955287e-22,9.708287963870817e-22,0.002553706727368243,1012.5969786847127
20.0,944.5,3.5942467799720895e-21,3.101437319788403e-22,8.928876288919472e-22,0.002343717726433513,1012.5969786847127
20.0,945.0,3.1913344949086473e-21,2.4175772089314183e-22,8.148952446583662e-22,0.0021344741396839423,1012.5969786847127
20.0,945.5,2.8130974760379307e-21,1.844125691715932e-22,7.383157835252906e-22,0.0019298002932148295,1012.5969786847127
20.0,946.0,2.4630680026798042e-21,1.3765547065459757e-22,6.644297655551546e-22,0.0017330092565866733,1012.5969786847127
20.0,946.5,2.1435567683325183e-21,1.0055166303479142e-22,5.943063686771645e-22,0.001546835957539464,1012.5969786847127
20.0,947.0,1.855736487306886e-21,7.187499771908443e-23,5.287883152182064e-22,0.001373403917571144,1012.5969786847127
20.0,947.5,1.59976548714203e-21,5.027583151739571e-23,4.684890725387483e-22,0.0012142243527381248,1012.5969786847127
20.0,948.0,1.374938261131418e-21,3.441386766364939e-23,4.1380087997849576e-22,0.0010702233165676978,1012.5969786847127
20.0,948.5,1.1798499552879349e-21,2.305157114644915e-23,3.6491150297985146e-22,0.0009417910540440612,1012.5969786847127
20.0,949.0,1.0125645913541973e-21,1.5109857555821365e-23,3.2182781818688034e-22,0.0008288483538831935,1012.5969786847127
20.0,949.5,8.707770294127286e-22,9.691991624338759e-24,2.844038101011016e-22,0.0007309234273339293,1012.5969786847127
20.0,950.0,7.519608950829041e-22,6.083569872180514e-24,2.523706543518663e-22,0.0006472331913602014,1012.5969786847127
20.0,950.5,6.534989876949156e-22,3.7367737601726835e-24,2.2536747439533195e-22,0.0005767652694292374,1012.5969786847127
20.0,951.0,5.727906663470773e-22,2.246093875936615e-24,2.0297033158618623e-22,0.0005183544622208555,1012.5969786847127
20.0,951.5,5.073370721271388e-22,1.3211492383614814e-24,1.847188200740911e-22,0.00047075216205709724,1012.5969786847127
20.0,952.0,4.548037826008211e-22,7.604466284530168e-25,1.7013911235028447e-22,0.00043268587424118415,1012.5969786847127
20.0,952.5,4.130626656160041e-22,4.283301722905684e-25,1.5876297659449747e-22,0.0004029077705827464,1012.5969786847127
20.0,953.0,3.8021543153391294e-22,2.3609248573393706e-25,1.501425856317489e-22,0.0003802319756630439,1012.5969786847127
20.0,953.5,3.546021655486688e-22,1.2734459566061517e-25,1.438613340892747e-22,0.00036356129514570663,1012.5969786847127
20.0,954.0,3.3479781883398256e-22,6.721677313698204e-26,1.395409175283045e-22,0.00035190417835560134,1012.5969786847127
20.0,954.5,3.19599687742867e-22,3.4720452414747233e-26,1.3684510915628328e-22,0.00034438315263823536,1012.5969786847127
20.0,955.0,3.080092636959295e-22,1.7552529541948702e-26,1.3548101348191323e-22,0.00034023681047341223,1012.5969786847127
20.0,955.5,2.9921011983247707e-22,8.686670509961457e-27,1.3519804893375292e-22,0.00033881607472228704,1012.5969786847127
20.0,956.0,2.9254461121481954e-22,4.2119691142180304e-27,1.3578553875839207e-22,0.0003395770246076186,1012.5969786847127
20.0,956.5,2.8749054978902404e-22,2.0063240380557922e-27,1.3706925856466866e-22,0.0003420712023566201,1012.5969786847127
20.0,957.0,2.836389143311771e-22,9.471710947951787e-28,1.389073412737382e-22,0.0003459344358636758,1012.5969786847127
20.0,957.5,2.806737313388579e-22,4.559312216728721e-28,1.4118608230498097e-22,0.0003508755487473747,1012.5969786847127
20.0,958.0,2.7835405113717567e-22,2.4280550291104733e-28,1.4381568674594788e-22,0.0003566650637374444,1012.5969786847127
20.0,958.5,2.7649859980099796e-22,1.6812977209980618e-28,1.467263526080903e-22,0.00036312487559275557,1012.5969786847127
20.0,959.0,2.7497275348368327e-22,1.6969029294843237e-28,1.498646547878414e-22,0.0003701187927935022,1012.5969786847127
20.0,959.5,2.73678087587809e-22,2.267096156232039e-28,1.531905118898617e-22,0.00037754463142752735,1012.5969786847127
20.0,960.0,2.7254374347142467e-22,3.44534928132904e-28,1.5667448606034735e-22,0.00038532722480268545,1012.5969786847127
20.0,960.5,2.7151989036886913e-22,5.532603543801657e-28,1.602957052325785e-22,0.0003934130462611462,1012.5969786847127
20.0,961.0,2.7057270192452664e-22,9.303893116317661e-28,1.6404022759636758e-22,0.00040176598086914616,1012.5969786847127
20.0,961.5,2.69680822095971e-22,1.7723609128536642e-27,1.6789995793936434e-22,0.00041036449762051644,1012.5969786847127
20.0,962.0,2.688327903119712e-22,4.927575348074329e-27,1.7187191392454776e-22,0.00041919970954724375,1012.5969786847127
20.0,962.5,2.680258297821408e-22,2.3147938431608807e-26,1.7595819613871285e-22,0.0004282751702418576,1012.5969786847127
20.0,963.0,2.6726602420178087e-22,1.3587165203013361e-25,1.8016682744180378e-22,0.0004376087837543554,1012.5969786847127
20.0,963.5,2.6657773359564467e-22,7.66707570938723e-25,1.8451906337441837e-22,0.0004472503751279538,1012.5969786847127
20.0,964.0,2.66086847542431e-22,3.819412856451374e-24,1.8911028770322004e-22,0.00045742865588463947,1012.5969786847127
20.0,964.5,2.6660307811880766e-22,1.643994330634003e-23,1.9454469234792528e-22,0.00046959861438102544,1012.5969786847127
20.0,965.0,2.72735165303242e-22,6.080443931957484e-23,2.0433650789080385e-22,0.000492212979430386,1012.5969786847127
20.0,965.5,3.0524289889527493e-22,1.9293875454006467e-22,2.3479516045206483e-22,0.0005644121792117299,1012.5969786847127
20.0,966.0,4.35328182624333e-22,5.249740834581592e-22,3.4378526338270254e-22,0.0008246982988930238,1012.5969786847127
20.0,966.5,8.419936785481996e-22,1.2246601829561685e-21,6.826441636586084e-22,0.0016341928126359653,1012.5969786847127
20.0,967.0,1.8302122300752997e-21,2.4492018222063873e-21,1.5233169588112763e-21,0.003639156467560846,1012.5969786847127
20.0,967.5,3.6664437339147e-21,4.199080193739226e-21,3.132747091971589e-21,0.007468575725714627,1012.5969786847127
20.0,968.0,6.1871970830037076e-21,6.17166200102098e-21,5.426927001258493e-21,0.012911268080919426,1012.5969786847127
20.0,968.5,8.526429927973858e-21,7.776292626868335e-21,7.677065150969556e-21,0.018226911044744935,1012.5969786847127
20.0,969.0,9.499999698522466e-21,8.39999973343039e-21,8.780269128882039e-21,0.020803148428147997,1012.5969786847127
20.0,969.5,8.540390216397824e-21,7.779607003873516e-21,8.102265582206685e-21,0.019157179523891857,1012.5969786847127
20.0,970.0,6.215964631406583e-21,6.1787641220615715e-21,6.0529923300040316e-21,0.014282345493420343,1012.5969786847127
20.0,970.5,3.71170885033532e-21,4.210948700721585e-21,3.70985249807363e-21,0.008735561624039014,1012.5969786847127
20.0,971.0,1.894496442132888e-21,2.467378994998205e-21,1.9435066284881333e-21,0.004566941562929946,1012.5969786847127
20.0,971.5,9.286285793483312e-22,1.2513332236141483e-21,9.77759688920205e-22,0.002292858514220175,1012.5969786847127
20.0,972.0,5.484184237161524e-22,5.630721524302442e-22,5.926364326559346e-22,0.0013868823933718306,1012.5969786847127
20.0,972.5,4.496092155814749e-22,2.4623640610733085e-22,4.986388779921799e-22,0.0011645122051316078,1012.5969786847127
20.0,973.0,4.538302903784549e-22,1.3401441688223393e-22,5.165441481898958e-22,0.0012038501545011554,1012.5969786847127
20.0,973.5,4.903958234927489e-22,1.1528054810504534e-22,5.728121148422783e-22,0.001332246902647935,1012.5969786847127
20.0,974.0,5.389106934331943e-22,1.3503696994201761e-22,6.459845724113378e-22,0.0014993487664164012,1012.5969786847127
20.0,974.5,5.949417291043896e-22,1.7209367941033843e-22,7.318265400449143e-22,0.0016951070477275593,1012.5969786847127
20.0,975.0,6.576296905865935e-22,2.2016703967934966e-22,8.301030302872244e-22,0.0019188007717944706,1012.5969786847127
20.0,975.5,7.2654240832149e-22,2.7799682967574263e-22,9.41059146641706e-22,0.0021708217952545214,1012.5969786847127
20.0,976.0,8.010690389111736e-22,3.45483665547234e-22,1.0646816795591115e-21,0.0024509635826678484,1012.5969786847127
20.0,976.5,8.803249474256425e-22,4.224574057737856e-22,1.2005362107011106e-21,0.002758053087836677,1012.5969786847127
20.0,977.0,9.631447906703805e-22,5.083212171271691e-22,1.3477049043081626e-21,0.00308981802169423,1012.5969786847127
20.0,977.5,1.0481019547190624e-21,6.019475207621232e-22,1.5047567701351426e-21,0.0034428300876706724,1012.5969786847127
20.0,978.0,1.1335467231595925e-21,7.016625684079351e-22,1.6697457107516375e-21,0.0038125124045024434,1012.5969786847127
20.0,978.5,1.2176624692341041e-21,8.0528976029846805e-22,1.8402404546766814e-21,0.004193219548389149,1012.5969786847127
20.0,979.0,1.2985379533632023e-21,9.102487513454058e-22,2.0133888902490047e-21,0.004578394895277127,1012.5969786847127
20.0,979.5,1.374252040496297e-21,1.0137060036642926e-21,2.1860164186220412e-21,0.004960803288139437,1012.5969786847127
20.0,980.0,1.4429653846814517e-21,1.1127678492370324e-21,2.354754360964276e-21,0.005332828964431506,1012.5969786847127
20.0,980.5,1.5030133253255814e-21,1.204697988329791e-21,2.516192551212078e-21,0.005686824533802154,1012.5969786847127
20.0,981.0,1.5529943405900342e-21,1.2871389763916311e-21,2.667048742103093e-21,0.0060154936305998625,1012.5969786847127
20.0,981.5,1.5918451721923171e-21,1.3583133646526834e-21,2.804339916781382e-21,0.0063122731827724,1012.5969786847127
20.0,982.0,1.6189001982332668e-21,1.4171805130503295e-21,2.9255490446849407e-21,0.006571700763572481,1012.5969786847127
20.0,982.5,1.6339266731914063e-21,1.4635301933087709e-21,3.0287685898502547e-21,0.006789725311119987,1012.5969786847127
20.0,983.0,1.6371361380070799e-21,1.4980004613717e-21,3.1128150067134086e-21,0.00696394910055555,1012.5969786847127
20.0,983.5,1.6291684661595047e-21,1.5220161641170141e-21,3.177300401770276e-21,0.00709377106755795,1012.5969786847127
20.0,984.0,1.6110520798335997e-21,1.5376541388053318e-21,3.222659529215315e-21,0.007180428788185439,1012.5969786847127
20.0,984.5,1.5841410429959586e-21,1.5474496455465145e-21,3.2501250304740443e-21,0.007226924780207997,1012.5969786847127
20.0,985.0,1.5500355947027016e-21,1.5541660451588899e-21,3.2616555996600115e-21,0.007237849155684607,1012.5969786847127
20.0,985.5,1.5104912723231951e-21,1.5605525620733631e-21,3.2598206517528823e-21,0.007219108021746693,1012.5969786847127
20.0,986.0,1.4673237938475427e-21,1.5691150729087982e-21,3.2476511123183582e-21,0.007177580236515616,1012.5969786847127
20.0,986.5,1.4223154548070153e-21,1.581924255499866e-21,3.2284654277717144e-21,0.00712072362234207,1012.5969786847127
20.0,987.0,1.3771304109237185e-21,1.6004748308680046e-21,3.2056860104873075e-21,0.00705616486358663,1012.5969786847127
20.0,987.5,1.3332422796121541e-21,1.6256092267293434e-21,3.1826553286839643e-21,0.0069912935767038244,1012.5969786847127
20.0,988.0,1.291880118784431e-21,1.6575034411072807e-21,3.162469139267627e-21,0.006932898880185445,1012.5969786847127
20.0,988.5,1.253991268346185e-21,1.695713793385171e-21,3.1478287216032967e-21,0.006886851953916649,1012.5969786847127
20.0,989.0,1.2202251943252415e-21,1.7392710322568752e-21,3.140928388790683e-21,0.006857869498934071,1012.5969786847127
20.0,989.5,1.1909351044587474e-21,1.7868086739297072e-21,3.143377880519344e-21,0.006849356111587714,1012.5969786847127
20.0,990.0,1.1661952147806659e-21,1.8367097176310324e-21,3.156161365074779e-21,0.006863328229022525,1012.5969786847127
20.0,990.5,1.1458316477257122e-21,1.887257400082698e-21,3.1796346568573676e-21,0.0069004219902527265,1012.5969786847127
20.0,991.0,1.1294622159625243e-21,1.9367735301493734e-21,3.2135540813017825e-21,0.006959969607924697,1012.5969786847127
20.0,991.5,1.1165420627301973e-21,1.983741071512333e-21,3.2571333661272315e-21,0.007040135457007553,1012.5969786847127
20.0,992.0,1.1064109177619484e-21,2.0268964330844814e-21,3.3091200139600684e-21,0.007138092601229408,1012.5969786847127
20.0,992.5,1.0983401512603918e-21,2.0652942944440993e-21,3.3678878490185767e-21,0.007250232058905405,1012.5969786847127
20.0,993.0,1.0915752840340001e-21,2.0983433507001826e-21,3.431533545818022e-21,0.007372378142144738,1012.5969786847127
20.0,993.5,1.085373953794749e-21,2.1258117650990164e-21,3.497976281239076e-21,0.007500007929634915,1012.5969786847127
20.0,994.0,1.0790369142362511e-21,2.147811820946408e-21,3.5650515071241345e-21,0.007628455537032529,1012.5969786847127
20.0,994.5,1.0719320668923707e-21,2.164762763103601e-21,3.63059628944696e-21,0.007753095930964208,1012.5969786847127
20.0,995.0,1.0635121316215016e-21,2.1773405128377385e-21,3.6925254666116306e-21,0.007869506968348986,1012.5969786847127
20.0,995.5,1.0533251479229373e-21,2.1864182949946894e-21,3.7488929509623294e-21,0.007973597883148713,1012.5969786847127
20.0,996.0,1.0410197255950567e-21,2.1930022164620854e-21,3.797941560187827e-21,0.008061711870284,1012.5969786847127
20.0,996.5,1.0263452466837138e-21,2.1981662387871814e-21,3.838139369403194e-21,0.00813069886587251,1012.5969786847127
20.0,997.0,1.0091484323595815e-21,2.202990583917377e-21,3.868205082622882e-21,0.00817796421810727,1012.5969786847127
20.0,997.5,9.893668805696123e-22,2.2085066022892695e-21,3.887122535983677e-21,0.008201493819315212,1012.5969786847127
20.0,998.0,9.670205842045888e-22,2.2156485071630336e-21,3.8941463211576226e-21,0.008199860213058997,1012.5969786847127
20.0,998.5,9.422019346537301e-22,2.225215206376379e-21,3.888799043060691e-21,0.008172211021566528,1012.5969786847127
20.0,999.0,9.150652204883232e-22,2.237843443208451e-21,3.87086312923584e-21,0.00811824605915069,1012.5969786847127
20.0,999.5,8.858161261453517e-22,2.253990226869749e-21,3.8403686468046384e-21,0.008038186337941653,1012.5969786847127
20.0,1000.0,8.547004228175589e-22,2.2739265721019842e-21,3.7975731256900676e-21,0.007932726722449272,1012.5969786847127
20.0,1000.5,8.219943759048406e-22,2.2977393167136026e-21,3.7429438192706226e-21,0.00780299420953743,1012.5969786847127
20.0,1001.0,7.879946980817557e-22,2.3253430365349007e-21,3.677133116077533e-21,0.007650492437232842,1012.5969786847127
20.0,1001.5,7.530097140553881e-22,2.3564974129797107e-21,3.600954252724132e-21,0.0074770474640043555,1012.5969786847127
20.0,1002.0,7.173514340909707e-22,2.39082985126528e-21,3.515356343343648e-21,0.007284752763599107,1012.5969786847127
20.0,1002.5,6.813281828955873e-22,2.4278621375999747e-21,3.421397256960468e-21,0.007075910412527498,1012.5969786847127
20.0,1003.0,6.452383392180287e-22,2.467037096370995e-21,3.3202172436207095e-21,0.006852974514053194,1012.5969786847127
20.0,1003.5,6.093651861648036e-22,2.5077472668159967e-21,3.2130138644632886e-21,0.006618497974777049,1012.5969786847127
20.0,1004.0,5.739721654129322e-22,2.5493607524172362e-21,3.1010150289678544e-21,0.0063750760186949244,1012.5969786847127
20.0,1004.5,5.39299595548581e-22,2.5912444449666192e-21,2.9854560440031122e-21,0.006125298602062263,1012.5969786847127
20.0,1005.0,5.055619457637743e-22,2.6327856330436174e-21,2.8675565814740186e-21,0.005871703227301906,1012.5969786847127
20.0,1005.5,4.729461192950643e-22,2.673406542299471e-21,2.7485004913373904e-21,0.0056167341343991446,1012.5969786847127
20.0,1006.0,4.416101912460828e-22,2.712577462102657e-21,2.6294159294922458e-21,0.005362702623082302,1012.5969786847127
20.0,1006.5,4.1168345907463917e-22,2.7498242176293765e-21,2.511361326195999e-21,0.005111759739819556,1012.5969786847127
20.0,1007.0,3.832665435669161e-22,2.7847314010378273e-21,2.3953105288761935e-21,0.0048658676186566704,1012.5969786847127
20.0,1007.5,3.564324490665264e-22,2.81694196757142e-21,2.282142929020494e-21,0.004626781274755651,1012.5969786847127
20.0,1008.0,3.3122797711325505e-22,2.8461548121780748e-21,2.1726355888025458e-21,0.00439603466894359,1012.5969786847127
20.0,1008.5,3.0767554397858484e-22,2.8721189130068633e-21,2.067458112539807e-21,0.004174932489785281,1012.5969786847127
20.0,1009.0,2.857753011238094e-22,2.8946250515239463e-21,1.967170070544103e-21,0.003964547186956193,1012.5969786847127
20.0,1009.5,2.655076343113815e-22,2.9134989462672553e-21,1.8722219402110086e-21,0.003765723124331958,1012.5969786847127
20.0,1010.0,2.468355617420643e-22,2.9285911554269054e-21,1.7829566606388015e-21,0.003579081925520005,1012.5969786847127
20.0,1010.5,2.297073593840243e-22,2.939770412548267e-21,1.699614249374872e-21,0.0034050339006519285,1012.5969786847127
20.0,1011.0,2.1405931251966857e-22,2.9469159524930826e-21,1.622339147811886e-21,0.003243794803207853,1012.5969786847127
20.0,1011.5,1.998181769916692e-22,2.949912866626453e-21,1.5511873998021341e-21,0.00309540206462716,1012.5969786847127
20.0,1012.0,1.8690382977560463e-22,2.9486486696941824e-21,1.4861372924744822e-21,0.00295973774027132,1012.5969786847127
20.0,1012.5,1.7523175546953316e-22,2.9430145115131236e-21,1.4271010204239759e-21,0.002836553225532433,1012.5969786847127
20.0,1013.0,1.647155958924384e-22,2.9329086100938413e-21,1.373939255190861e-21,0.002725499449432627,1012.5969786847127
20.0,1013.5,1.5526983852219443e-22,2.918246349060199e-21,1.3264795669718526e-21,0.0026261643433655945,1012.5969786847127
20.0,1014.0,1.4681273212547134e-22,2.898976837417478e-21,1.2845399022379494e-21,0.002538119861111414,1012.5969786847127
20.0,1014.5,1.3926983347636528e-22,2.8751079511529564e-21,1.2479613302755428e-21,0.002460986724226862,1012.5969786847127
20.0,1015.0,1.3257848808633995e-22,2.8467475307078216e-21,1.2166540898598868e-21,0.002394524579551916,1012.5969786847127
20.0,1015.5,1.2669364884226362e-22,2.814161340165599e-21,1.1906625578075457e-21,0.0023387582573144894,1012.5969786847127
20.0,1016.0,1.2159580248078474e-22,2.7778599050605985e-21,1.1702591705255055e-21,0.0022941592921086463,1012.5969786847127
20.0,1016.5,1.1730153401357467e-22,2.738719479464565e-21,1.1560766161353695e-21,0.002261900168616055,1012.5969786847127
20.0,1017.0,1.138774106792596e-22,2.6981522884809133e-21,1.149290501081805e-21,0.002244204111018573,1012.5969786847127
20.0,1017.5,1.1145771553656983e-22,2.6583343260306033e-21,1.1518649075573916e-21,0.002244813284547618,1012.5969786847127
20.0,1018.0,1.1026620740354953e-22,2.6225014111944317e-21,1.1668711613052188e-21,0.0022695938324058455,1012.5969786847127
20.0,1018.5,1.1064136440652368e-22,2.5953187537699047e-21,1.198883406292701e-21,0.0023272828215799533,1012.5969786847127
20.0,1019.0,1.130639246920212e-22,2.583318980332917e-21,1.2544471031683954e-21,0.0024303675893741668,1012.5969786847127
20.0,1019.5,1.1818378342819937e-22,2.5953880220682703e-21,1.3425948675301339e-21,0.002596046159147029,1012.5969786847127
20.0,1020.0,1.2684264889004177e-22,2.6432574649487256e-21,1.4753706387529907e-21,0.002847192279239547,1012.5969786847127
20.0,1020.5,1.4008637393302868e-22,2.7419377290352793e-21,1.6682856886284413e-21,0.003213177639397849,1012.5969786847127
20.0,1021.0,1.591605383720679e-22,2.90999675725776e-21,1.940611490659004e-21,0.003730370587753393,1012.5969786847127
20.0,1021.5,1.8548162084857424e-22,3.16956284269231e-21,2.3153824484043357e-21,0.004442072075449457,1012.5969786847127
20.0,1022.0,2.205767677226342e-22,3.545920529829526e-21,2.8189688674197473e-21,0.005397629172654396,1012.5969786847127
20.0,1022.5,2.6598695881916828e-22,4.066561659081683e-21,3.480082405698057e-21,0.006650474140972296,1012.5969786847127
20.0,1023.0,3.23132320472417e-22,4.7595960329397716e-21,4.328109966342871e-21,0.008254905382117064,1012.5969786847127
20.0,1023.5,3.9314295588253836e-22,5.6514683894049115e-21,5.3907244647798076e-21,0.010261529414943855,1012.5969786847127
20.0,1024.0,4.766661096450479e-22,6.764040045779372e-21,6.690825745605063e-21,0.012711483580549203,1012.5969786847127
20.0,1024.5,5.736667184704307e-22,8.111194146201475e-21,8.242974981073162e-21,0.015629766097060845,1012.5969786847127
20.0,1025.0,6.832456323880282e-22,9.695266021873263e-21,1.0049632086053168e-20,0.019018271768376397,1012.5969786847127
20.0,1025.5,8.0350241605740355e-22,1.150371386987433e-20,1.2097609464923665e-20,0.022849318410565037,1012.5969786847127
20.0,1026.0,9.314717097813946e-22,1.3506530582573317e-20,1.4355265714355226e-20,0.02706064478931346,1012.5969786847127
20.0,1026.5,1.0631572073230246e-21,1.5654910080448894e-20,1.677097761543145e-20,0.03155287322181026,1012.5969786847127
20.0,1027.0,1.1936774626443341e-21,1.7881631821827628e-20,1.9273356635455356e-20,0.03619027900960861,1012.5969786847127
20.0,1027.5,1.3175266557672135e-21,2.0103456718603536e-20,2.1773558220982558e-20,0.04080547454220294,1012.5969786847127
20.0,1028.0,1.428935525036532e-21,2.2225582117759793e-20,2.416976558751281e-20,0.04520810758047404,1012.5969786847127
20.0,1028.5,1.5223016181687338e-21,2.41479579392687e-20,2.635363412466689e-20,0.04919711956876823,1012.5969786847127
20.0,1029.0,1.5926466043849237e-21,2.5772894475905168e-20,2.8218207682759225e-20,0.05257560446150228,1012.5969786847127
20.0,1029.5,1.6360491507885576e-21,2.7013216261511484e-20,2.9666531482464124e-20,0.05516679035854385,1012.5969786847127
20.0,1030.0,1.6500000486123082e-21,2.7799999117781527e-20,3.061998943117818e-20,0.05682932342860792,1012.5969786847127
20.0,1030.5,1.6336350597137385e-21,2.8088972726072366e-20,3.102537395615709e-20,0.057470025312185674,1012.5969786847127
20.0,1031.0,1.5878171095707393e-21,2.7864716307191e-20,3.0859836305424266e-20,0.05705258214162125,1012.5969786847127
20.0,1031.5,1.5150545991570706e-21,2.7142135268034715e-20,3.0133033960323286e-20,0.0556009586811351,1012.5969786847127
20.0,1032.0,1.419267447730535e-21,2.5965003941996338e-20,2.888620868465268e-20,0.053197117832156145,1012.5969786847127
20.0,1032.5,1.3054322695086974e-21,2.4401760215654693e-20,2.718833894843869e-20,0.0499733866532887,1012.5969786847127
20.0,1033.0,1.1791499011879798e-21,2.2539127190770006e-20,2.5129838463774783e-20,0.0461004069225462,1012.5969786847127
20.0,1033.5,1.0461874839653997e-21,2.047437775308681e-20,2.281460090506325e-20,0.0417721953409545,1012.5969786847127
20.0,1034.0,9.12048111515779e-22,1.8307192013179152e-20,2.0351392398189712e-20,0.03719018348612442,1012.5969786847127
20.0,1034.5,7.816098472415141e-22,1.6132046275462807e-20,1.7845543739018092e-20,0.03254798844187292,1012.5969786847127
20.0,1035.0,6.588652613343358e-22,1.403191386396023e-20,1.5391825445691498e-20,0.02801851272245263,1012.5969786847127
20.0,1035.5,5.467748162429063e-22,1.2073806101811021e-20,1.3069114625203497e-20,0.023744449333419345,1012.5969786847127
20.0,1036.0,4.472329393430085e-22,1.0306372356584523e-20,1.0937195920989298e-20,0.019832767387532108,1012.5969786847127
20.0,1036.5,3.6113181338578556e-22,8.75952360847762e-21,9.035723213172938e-21,0.016353173378717,1012.5969786847127
20.0,1037.0,2.884977926363592e-22,7.445757231764542e-21,7.385077461522377e-21,0.013340016827640544,1012.5969786847127
20.0,1037.5,2.28673383618333e-22,6.362742338107863e-21,5.9887200420087154e-21,0.010796871630092764,1012.5969786847127
20.0,1038.0,1.8051616427965317e-22,5.496644250983279e-21,4.836495411313431e-21,0.008702774169230406,1012.5969786847127
20.0,1038.5,1.4259154373252095e-22,4.825684855825917e-21,3.908365891980396e-21,0.0070191667388250865,1012.5969786847127
20.0,1039.0,1.1334135129516932e-22,4.323528062869409e-21,3.1780964611297324e-21,0.005696672234932661,1012.5969786847127
20.0,1039.5,9.121842878406816e-23,3.962192710748302e-21,2.6165498835500417e-21,0.004681094323163635,1012.5969786847127
20.0,1040.0,7.478296620766979e-23,3.714320850834041e-21,2.1943574491588473e-21,0.003918233957126603,1012.5969786847127
20.0,1040.5,6.27624236407696e-23,3.554763042110104e-21,1.8838797258438094e-21,0.0033573852811022127,1012.5969786847127
20.0,1041.0,5.407999332596644e-23,3.4615133722257386e-21,1.6604638113963023e-21,0.002953539918171407,1012.5969786847127
20.0,1041.5,4.785868912859525e-23,3.41610769972447e-21,1.5030847082353908e-21,0.002668472351571132,1012.5969786847127
20.0,1042.0,4.340859854449869e-23,3.4036139605212945e-21,1.3945010984676537e-21,0.0024709521357694077,1012.5969786847127
20.0,1042.5,4.020405622087368e-23,3.412345805083201e-21,1.3210643892029092e-21,0.0023363401869004713,1012.5969786847127
20.0,1043.0,3.78563840788306e-23,3.433429621077283e-21,1.2723156086542638e-21,0.0022458149545557565,1012.5969786847127
20.0,1043.5,3.608625593816156e-23,3.460306528636721e-21,1.2404800085318281e-21,0.002185426998656835,1012.5969786847127
20.0,1044.0,3.469832459518484e-23,3.488250127601311e-21,1.2199422973495803e-21,0.0021451301284539257,1012.5969786847127
20.0,1044.5,3.3559506059746064e-23,3.513930288991318e-21,1.2067569732428206e-21,0.002117885065170902,1012.5969786847127
20.0,1045.0,3.2581406889693394e-23,3.535048840108779e-21,1.1982245433297331e-21,0.002098888641364865,1012.5969786847127
20.0,1045.5,3.170674000608968e-23,3.550051990027673e-21,1.1925449297236948e-21,0.002084946664601918,1012.5969786847127
20.0,1046.0,3.089924620628735e-23,3.557909801950143e-21,1.1885473805765498e-21,0.0020739873786330878,1012.5969786847127
20.0,1046.5,3.0136506063360017e-23,3.557957865667377e-21,1.185489352241637e-21,0.0020647005569604036,1012.5969786847127
20.0,1047.0,2.940494170340702e-23,3.5497878415312816e-21,1.182910602154947e-21,0.0020562766579105313,1012.5969786847127
20.0,1047.5,2.869650990063872e-23,3.533170720065629e-21,1.1805332957627998e-21,0.002048228769182762,1012.5969786847127
20.0,1048.0,2.8006512199503625e-23,3.5080115855263024e-21,1.1781930940502508e-21,0.002040270218243318,1012.5969786847127
20.0,1048.5,2.73322538511495e-23,3.4743201314361055e-21,1.1757958359724072e-21,0.0020322378073680774,1012.5969786847127
20.0,1049.0,2.667218553275849e-23,3.432192889126288e-21,1.17328861431208e-21,0.0020240407481588577,1012.5969786847127
20.0,1049.5,2.6025407942898648e-23,3.3818055536976617e-21,1.1706426598304928e-21,0.002015630506201508,1012.5969786847127
20.0,1050.0,2.5391383078432606e-23,3.323406319723669e-21,1.167843066374421e-21,0.0020069827436100863,1012.5969786847127
20.0,1050.5,2.4769768573727504e-23,3.2573158812503893e-21,1.1648827114076625e-21,0.001998086662259193,1012.5969786847127
20.0,1051.0,2.4160316726459096e-23,3.1839242006222652e-21,1.1617583502695641e-21,0.0019889381890584447,1012.5969786847127
20.0,1051.5,2.3562839787731944e-23,3.1036897006885393e-21,1.1584693771308663e-21,0.001979537795120204,1012.5969786847127
20.0,1052.0,2.2977168941312326e-23,3.0171356297322002e-21,1.155016069907775e-21,0.0019698874594007553,1012.5969786847127
20.0,1052.5,2.2403149570462825e-23,2.9248472341925006e-21,1.1513994429495662e-21,0.0019599904036128185,1012.5969786847127
20.0,1053.0,2.184063336933326e-23,2.8274661041099883e-21,1.1476209074169944e-21,0.0019498505033552496,1012.5969786847127
20.0,1053.5,2.1289473609795254e-23,2.7256833068811855e-21,1.1436820502636689e-21,0.0019394719070236679,1012.5969786847127
20.0,1054.0,2.0749525141442246e-23,2.6202307034777456e-21,1.1395846410473778e-21,0.0019288590446547473,1012.5969786847127
20.0,1054.5,2.0220641236145874e-23,2.511872264665608e-21,1.1353304618156792e-21,0.0019180163377620753,1012.5969786847127
20.0,1055.0,1.9702673588055944e-23,2.4013925599466695e-21,1.1309212946560512e-21,0.0019069481783109345,1012.5969786847127
20.0,1055.5,1.919547862448772e-23,2.289585448448847e-21,1.1263592785577942e-21,0.0018956595294827236,1012.5969786847127
20.0,1056.0,1.8698906461869193e-23,2.1772415581257875e-21,1.1216462736554923e-21,0.0018841548522059734,1012.5969786847127
20.0,1056.5,1.8212811949793816e-23,2.0651369766469365e-21,1.1167844930164066e-21,0.0018724391690558367,1012.5969786847127
20.0,1057.0,1.7737046782411403e-23,1.954020124752069e-21,1.1117760348901722e-21,0.00186051727606692,1012.5969786847127
20.0,1057.5,1.7271462653871772e-23,1.8446008510381393e-21,1.1066230582716177e-21,0.0018483940379877513,1012.5969786847127
20.0,1058.0,1.6815912836046553e-23,1.7375397286945175e-21,1.1013278801620115e-21,0.001836074549657475,1012.5969786847127
20.0,1058.5,1.6370249023085563e-23,1.6334386649027747e-21,1.0958927691722127e-21,0.0018235637902647784,1012.5969786847127
20.0,1059.0,1.5934322909138621e-23,1.5328332267977962e-21,1.0903200351103828e-21,0.0018108667731006516,1012.5969786847127
20.0,1059.5,1.5507989343799167e-23,1.4361861791192465e-21,1.0846122419273024e-21,0.0017979888981136082,1012.5969786847127
20.0,1060.0,1.509109844349521e-23,1.3438835462179298e-21,1.07877165982619e-21,0.0017849350415968979,1012.5969786847127
20.0,1060.5,1.4683503480098378e-23,1.2562321886750899e-21,1.0728007963102003e-21,0.0017717104379986817,1012.5969786847127
20.0,1061.0,1.4285060880923915e-23,1.1734588945346471e-21,1.0667024114226466e-21,0.0017583207015451038,1012.5969786847127
20.0,1061.5,1.3895622340121647e-23,1.095712196838724e-21,1.0604789318328935e-21,0.001744770858545247,1012.5969786847127
20.0,1062.0,1.3515041129563202e-23,1.023064696034149e-21,1.0541328938735097e-21,0.0017310660803209268,1012.5969786847127
20.0,1062.5,1.3143175254285639e-23,9.555184116048402e-22,1.0476671967775038e-21,0.001717212096790098,1012.5969786847127
20.0,1063.0,1.2779878775021491e-23,8.930097298074003e-22,1.0410844251781962e-21,0.0017032140826923816,1012.5969786847127
20.0,1063.5,1.2425007330225101e-23,8.354165728390248e-22,1.0343872624499022e-21,0.0016890773376123224,1012.5969786847127
20.0,1064.0,1.2078418924933534e-23,7.82565921415093e-22,1.0275785588502338e-21,0.0016748073957359472,1012.5969786847127
20.0,1064.5,1.1739971564183848e-23,7.342416907564471e-22,1.0206611341887754e-21,0.0016604097024936957,1012.5969786847127
20.0,1065.0,1.140952404187401e-23,6.901931114476479e-22,1.0136378343210318e-21,0.0016458897069822887,1012.5969786847127
20.0,1065.5,1.1086934363041076e-23,6.501428073726454e-22,1.0065113811074805e-21,0.0016312526186186567,1012.5969786847127
20.0,1066.0,1.0772065265887539e-23,6.137948231633497e-22,9.992848617827119e-22,0.0016165042008796846,1012.5969786847127
20.0,1066.5,1.0464777122033177e-23,5.80842096290125e-22,9.919610875311932e-22,0.0016016497303140184,1012.5969786847127
20.0,1067.0,1.0164931880819577e-23,5.509733737942077e-22,9.845429357314255e-22,0.0015866945525161032,1012.5969786847127
20.0,1067.5,9.872393858171037e-24,5.238794726878489e-22,9.770334273519527e-22,0.001571644205842176,1012.5969786847127
20.0,1068.0,9.587028158872768e-24,4.992584296383046e-22,9.694355752317125e-22,0.0015565041758711868,1012.5969786847127
20.0,1068.5,9.308699887709974e-24,4.768203982163347e-22,9.617522935912274e-22,0.0015412797507404923,1012.5969786847127
20.0,1069.0,9.037276516050582e-24,4.562909810446672e-22,9.539866295017137e-22,0.0015259763931030677,1012.5969786847127
20.0,1069.5,8.772626304123414e-24,4.374144609722657e-22,9.461416003915675e-22,0.0015105994789252257,1012.5969786847127
20.0,1070.0,8.514619089879115e-24,4.1995534093081635e-22,9.382202707523005e-22,0.0014951544203944715,1012.5969786847127
20.0,1070.5,8.263123922407414e-24,4.0370006049605765e-22,9.302254843566568e-22,0.0014796462395004113,1012.5969786847127
20.0,1071.0,8.018014583963478e-24,3.8845745027166207e-22,9.221604691791526e-22,0.001464080531946242,1012.5969786847127
20.0,1071.5,7.77916485680247e-24,3.7405875713278474e-22,9.140283179545031e-22,0.0014484626385086639,1012.5969786847127
20.0,1072.0,7.546447734318651e-24,3.60357189842182e-22,9.058318725392559e-22,0.0014327974643592253,1012.5969786847127
20.0,1072.5,7.319740154210807e-24,3.4722713650019384e-22,8.975742719565175e-22,0.0014170903482384604,1012.5969786847127
20.0,1073.0,7.09892063189953e-24,3.3456287712374607e-22,8.892586842650068e-22,0.0014013466357549898,1012.5969786847127
20.0,1073.5,6.883866105083608e-24,3.222772457382554e-22,8.808879010959588e-22,0.001385571041420725,1012.5969786847127
20.0,1074.0,6.674459033488165e-24,3.1029991381629957e-22,8.724652206404133e-22,0.0013697690406737737,1012.5969786847127
20.0,1074.5,6.47058029911651e-24,2.9857592615177735e-22,8.639935516802479e-22,0.0013539454586268512,1012.5969786847127
20.0,1075.0,6.2721135449851246e-24,2.8706380759373573e-22,8.554759590247838e-22,0.001338105329124158,1012.5969786847127
20.0,1075.5,6.0789432029713924e-24,2.7573387172858943e-22,8.469154031938116e-22,0.0013222534862556688,1012.5969786847127
20.0,1076.0,5.890955677104962e-24,2.6456668102363393e-22,8.383148949004726e-22,0.0013063948068222377,1012.5969786847127
20.0,1076.5,5.708039343567745e-24,2.535513807528132e-22,8.296774985190669e-22,0.0012905342152086286,1012.5969786847127
20.0,1077.0,5.530082972972105e-24,2.4268415914023344e-22,8.210061017534226e-22,0.0012746763252084476,1012.5969786847127
20.0,1077.5,5.356978096943575e-24,2.319670861569097e-22,8.123037538246036e-22,0.0012588259668667875,1012.5969786847127
20.0,1078.0,5.18861703596859e-24,2.2140669988202465e-22,8.035733766413247e-22,0.001242987737587767,1012.5969786847127
20.0,1078.5,5.024893293824948e-24,2.110129841391947e-22,7.948178124812241e-22,0.001227166077783602,1012.5969786847127
20.0,1079.0,4.865702740873158e-24,2.0079835875451162e-22,7.86040006431414e-22,0.0012113655533690926,1012.5969786847127
20.0,1079.5,4.710942825195542e-24,1.907768843847501e-22,7.772428876006065e-22,0.001195590671760462,1012.5969786847127
20.0,1080.0,4.560512178165779e-24,1.8096346734557523e-22,7.684293011501402e-22,0.0011798457779394907,1012.5969786847127
20.0,1080.5,4.110000026081301e-24,1.7137332949701408e-22,7.072371004434468e-22,0.00108388273388816,1012.5969786847127
20.0,1081.0,3.703510651243134e-24,1.620213897765062e-22,6.508205733801033e-22,0.000995576978136482,1012.5969786847127
20.0,1081.5,3.336789726789422e-24,1.529219486545415e-22,5.988148237967293e-22,0.0009143296340584119,1012.5969786847127
20.0,1082.0,3.0059907669463057e-24,1.4408827161610212e-22,5.508824644187315e-22,0.0008395880588701487,1012.5969786847127
20.0,1082.5,2.707633711830404e-24,1.355323745904964e-22,5.067110882309722e-22,0.0007708415852470116,1012.5969786847127
20.0,1083.0,2.438572584151695e-24,1.2726485986829053e-22,4.660118599970661e-22,0.0007076190092455056,1012.5969786847127
20.0,1083.5,2.1959629487011774e-24,1.192947015311423e-22,4.285176240001471e-22,0.0006494853712044861,1012.5969786847127
20.0,1084.0,1.9772329217126054e-24,1.116292454518011e-22,3.939812299787826e-22,0.0005960391008705654,1012.5969786847127
20.0,1084.5,1.7800579273135188e-24,1.0427410831991213e-22,3.621741802939077e-22,0.0005469096778099764,1012.5969786847127
20.0,1085.0,1.6023374261285402e-24,9.723324075088872e-23,3.3288530450370003e-22,0.0005017553577351298,1012.5969786847127
20.0,1085.5,1.4421728271740287e-24,9.05088704879272e-23,3.059193215345332e-22,0.00046026075366929547,1012.5969786847127
20.0,1086.0,1.297848949626808e-24,8.410162861975181e-23,2.8109580791105366e-22,0.000422135052539069,1012.5969786847127
20.0,1086.5,1.1678162734537973e-24,7.801058744593795e-23,2.5824804400784933e-22,0.00038711006761856523,1012.5969786847127
20.0,1087.0,1.0506749649786819e-24,7.223334251844651e-23,2.3722196112681037e-22,0.0003549384623969229,1012.5969786847127
20.0,1087.5,9.451609732084586e-25,6.676614517025591e-23,2.1787529107761304e-22,0.0003253922956186352,1012.5969786847127
20.0,1088.0,8.501326191980462e-25,6.160398455689617e-23,2.0007659373995983e-22,0.0002982613996837114,1012.5969786847127
20.0,1088.5,7.645591082633536e-25,5.67407138741938e-23,1.837045028383797e-22,0.00027335210088814596,1012.5969786847127
20.0,1089.0,6.875099296628661e-25,5.2169176576016656e-23,1.686469831622549e-22,0.00025048597009267204,1012.5969786847127
20.0,1089.5,6.181450944439431e-25,4.788132312568785e-23,1.5480060121434203e-22,0.00022949860643577496,1012.5969786847127
20.0,1090.0,5.557063100614409e-25,4.386832459195614e-23,1.4206984859011186e-22,0.00021023851189225394,1012.5969786847127
20.0,1090.5,4.995095355029195e-25,4.0120705177628033e-23,1.3036665319767125e-22,0.00019256625514736062,1012.5969786847127
20.0,1091.0,4.4893733919862405e-25,3.662844950465082e-23,1.1960969608202982e-22,0.00017635335756314375,1012.5969786847127
20.0,1091.5,4.0343281000137165e-25,3.338111936552663e-23,1.0972399012228445e-22,0.00016148157633594625,1012.5969786847127
20.0,1092.0,3.624934681664398e-25,3.036795785295186e-23,1.0064033768575129e-22,0.00014784201730545256,1012.5969786847127
20.0,1092.5,3.2566618705948895e-25,2.757798717856947e-23,9.229494338294025e-23,0.00013533448455067075,1012.5969786847127
20.0,1093.0,2.9254228742780803e-25,2.500009860311212e-23,8.462897021406743e-23,0.0001238667539206761,1012.5969786847127
20.0,1093.5,2.6275329727294885e-25,2.2623150255154485e-23,7.758818295295139e-23,0.0001133539816612139,1012.5969786847127
20.0,1094.0,2.359669582423938e-25,2.043603181770742e-23,7.112257190919347e-23,0.00010371809061433536,1012.5969786847127
20.0,1094.5,2.118837743630949e-25,1.8427746569752143e-23,6.518605098634415e-23,9.488727101832118e-05,1012.5969786847127
20.0,1095.0,1.9023381961999866e-25,1.6587463451059982e-23,5.973615752000355e-23,8.679548911089198e-05,1012.5969786847127
20.0,1095.5,1.7077381670550576e-25,1.4904584904230184e-23,5.473376296289764e-23,7.938201661189714e-05,1012.5969786847127
20.0,1096.0,1.532845362436747e-25,1.3368781584569795e-23,5.014281679624081e-23,7.259101324240511e-05,1012.5969786847127
20.0,1096.5,1.3756846718536072e-25,1.1970048369217893e-23,4.5930116431504044e-23,6.637115117148597e-05,1012.5969786847127
20.0,1097.0,1.234476844185816e-25,1.0698725656390046e-23,4.206508562210948e-23,6.067525566330128e-05,1012.5969786847127
20.0,1097.5,1.1076193824601264e-25,9.545534864119048e-24,3.851957478214777e-23,5.5459981026190634e-05,1012.5969786847127
20.0,1098.0,9.936687944795006e-26,8.501598940638442e-24,3.5267659143504163e-23,5.068548684175329e-05,1012.5969786847127
20.0,1098.5,8.913253086430704e-26,7.558454197296115e-24,3.2285477707075593e-23,4.6315176109067446e-05,1012.5969786847127
20.0,1099.0,7.994188223612635e-26,6.708067663494201e-24,2.955107629131062e-23,4.231544198476723e-05,1012.5969786847127
20.0,1099.5,7.168957132875442e-26,5.942839058841348e-24,2.7044243843112774e-23,3.865540753612317e-05,1012.5969786847127
20.0,1100.0,6.428078075916916e-26,5.2556031597354325e-24,2.4746393274411668e-23,3.530673174844748e-05,1012.5969786847127
20.0,1100.5,5.763015331223533e-26,4.639628616072206e-24,2.2640418118597668e-23,3.224338311036866e-05,1012.5969786847127
20.0,1101.0,5.166089522772242e-26,4.08861242921895e-24,2.0710591388201685e-23,2.9441475564349756e-05,1012.5969786847127
20.0,1101.5,4.6303901057737904e-26,3.5966712745445266e-24,1.8942446659970427e-23,2.687908093978036e-05,1012.5969786847127
20.0,1102.0,4.149700486516487e-26,3.1583310490123828e-24,1.7322684187611252e-23,2.4536078798405298e-05,1012.5969786847127
20.0,1102.5,3.718428688888204e-26,2.768513066114704e-24,1.5839077142750247e-23,2.2394008022896877e-05,1012.5969786847127
20.0,1103.0,3.3315448001717857e-26,2.42252123688271e-24,1.4480384790070684e-23,2.043592973922698e-05,1012.5969786847127
20.0,1103.5,2.9845258124114353e-26,2.116024320516285e-24,1.3236277700841526e-23,1.8646308627117153e-05,1012.5969786847127
20.0,1104.0,2.673305394159774e-26,1.845039949950647e-24,1.2097266837838245e-23,1.701090090824734e-05,1012.5969786847127
20.0,1104.5,2.394226743712792e-26,1.6059166852707541e-24,1.1054629648480675e-23,1.5516639300266336e-05,1012.5969786847127
20.0,1105.0,2.1440036082877848e-26,1.3953150810495797e-24,1.0100357744481244e-23,1.4151549417182023e-05,1012.5969786847127
20.0,1105.5,1.9196819194988526e-26,1.2101901341929703e-24,9.227093989826056e-24,1.2904652220852973e-05,1012.5969786847127
20.0,1106.0,1.7186068214362568e-26,1.0477725484931475e-24,8.428081731136158e-24,1.1765884441732517e-05,1012.5969786847127
20.0,1106.5,1.5383929343080763e-26,9.055500977898222e-25,7.697117982846926e-24,1.0726025337129149e-05,1012.5969786847127
20.0,1107.0,1.376897391420989e-26,7.812500245112461e-25,7.028509512750901e-24,9.77662824415688e-06,1012.5969786847127
20.0,1107.5,1.232194725053794e-26,6.728211423924247e-25,6.4170281089943006e-24,8.909951706841765e-06,1012.5969786847127
20.0,1108.0,1.102555989376816e-26,5.7841736900372095e-25,5.857878237637931e-24,8.118908493784026e-06,1012.5969786847127
20.0,1108.5,9.864281144829011e-27,4.963808638490064e-25,5.3466577512260435e-24,7.397005528114314e-06,1012.5969786847127
20.0,1109.0,8.824168041295107e-27,4.252270400084619e-25,4.8793294765018915e-24,6.7382994674051505e-06,1012.5969786847127
20.0,1109.5,7.892699727411997e-27,3.636291813509252e-25,4.452188805546676e-24,6.13734723301556e-06,1012.5969786847127
20.0,1110.0,7.058638016768194e-27,3.104049579427931e-25,4.061839119894505e-24,5.5891678324399286e-06,1012.5969786847127
20.0,1110.5,6.3118952735009874e-27,2.6450304006453563e-25,3.705165516002751e-24,5.089202242784232e-06,1012.5969786847127
20.0,1111.0,5.6434169305698324e-27,2.249907969109552e-25,3.379311336656751e-24,4.63327755779416e-06,1012.5969786847127
20.0,1111.5,5.045079415469306e-27,1.910428827599643e-25,3.0816587375364822e-24,4.217577029106567e-06,1012.5969786847127
20.0,1112.0,4.50959346854589e-27,1.6193064898012328e-25,2.8098079430752012e-24,3.8386086261191e-06,1012.5969786847127
20.0,1112.5,4.030419787266412e-27,1.370122339655184e-25,2.561559695713742e-24,3.493178276811731e-06,1012.5969786847127
20.0,1113.0,3.601692759392247e-27,1.1572352821320677e-25,2.33489888304201e-24,3.1783649886535253e-06,1012.5969786847127
20.0,1113.5,3.21815209246629e-27,9.756994675049392e-26,2.1279796268236166e-24,2.891498213199824e-06,1012.5969786847127
20.0,1114.0,2.8750804136827586e-27,8.211879320789031e-26,1.939110967521533e-24,2.63013625231331e-06,1012.5969786847127
20.0,1114.5,2.568247803104795e-27,6.899236961214228e-26,1.766744097860212e-24,2.39204698507945e-06,1012.5969786847127
20.0,1115.0,2.2938622972648955e-27,5.786176410660338e-26,1.6094608819506748e-24,2.17519053128642e-06,1012.5969786847127
20.0,1115.5,2.0485252075901998e-27,4.844113787264749e-26,1.4659631883630375e-24,1.977703191891299e-06,1012.5969786847127
20.0,1116.0,1.8291897129086872e-27,4.048266224503082e-26,1.335062185129653e-24,1.7978815039429077e-06,1012.5969786847127
20.0,1116.5,1.633126192710178e-27,3.377193037639256e-26,1.2156703187629663e-24,1.6341700684968628e-06,1012.5969786847127
20.0,1117.0,1.4578881381863167e-27,2.81238496138694e-26,1.1067918142880936e-24,1.4851475189392198e-06,1012.5969786847127
20.0,1117.5,1.3012843225428769e-27,2.3378986854433097e-26,1.007516004130108e-24,1.349516423733973e-06,1012.5969786847127
20.0,1118.0,1.16135145279455e-27,1.940030987142457e-26,9.170094401018197e-25,1.226091665660542e-06,1012.5969786847127
20.0,1118.5,1.0363314437916025e-27,1.607029071591753e-26,8.345100491747726e-25,1.1137916690162402e-06,1012.5969786847127
20.0,1119.0,9.246496552115035e-28,1.3288345000264433e-26,7.593207139116266e-25,1.011628950343543e-06,1012.5969786847127
20.0,1119.5,8.248961137419664e-28,1.0968571626713742e-26,6.908039730365299e-25,9.187022563878211e-07,1012.5969786847127
20.0,1120.0,7.3580846860094325e-28,9.03777139068314e-27,6.283770120075812e-25,8.341891678948078e-07,1012.5969786847127
20.0,1120.5,6.562568248383105e-28,7.433693614138164e-27,5.715071810965283e-25,7.573394785512082e-07,1012.5969786847127
20.0,1121.0,5.852297321955244e-28,6.10351581649411e-27,5.197075392960759e-25,6.874686761369908e-07,1012.5969786847127
20.0,1121.5,5.218220998952205e-28,5.0025048081186814e-27,4.725331853905449e-25,6.239525302392619e-07,1012.5969786847127
20.0,1122.0,4.6522392995103775e-28,4.092861517551357e-27,4.295775201500618e-25,5.662216447130356e-07,1012.5969786847127
20.0,1122.5,4.147105912214007e-28,3.342709493096596e-27,3.9046915958839904e-25,5.137569228497314e-07,1012.5969786847127
20.0,1123.0,3.6963383976115293e-28,2.725224575081966e-27,3.5486887457862897e-25,4.660851136608313e-07,1012.5969786847127
20.0,1123.5,3.2941382621228788e-28,2.2178799313199473e-27,3.2246683743695654e-25,4.2277480638697366e-07,1012.5969786847127
20.0,1124.0,2.935319939372794e-28,1.8017968261236787e-27,2.9298016129598466e-25,3.834328493153198e-07,1012.5969786847127
20.0,1124.5,2.6152460307964337e-28,1.4611866784020686e-27,2.6615053884009963e-25,3.477009351273095e-07,1012.5969786847127
20.0,1125.0,2.329770972188504e-28,1.1828716014001385e-27,2.4174225110788253e-25,3.1525270390334145e-07,1012.5969786847127
20.0,1125.5,2.0751875891473022e-28,9.558761055508146e-28,2.195400416638705e-25,2.8579070051601667e-07,1012.5969786847127
20.0,1126.0,1.8481831617978615e-28,7.710768681145402e-28,1.993475780914888e-25,2.590441265096894e-07,1012.5969786847127
20.0,1126.5,1.645796693221307e-28,6.209058992265967e-28,1.8098569435047923e-25,2.347663306491449e-07,1012.5969786847127
20.0,1127.0,1.4653820760446733e-28,4.990981969261413e-28,1.6429093117599964e-25,2.1273271115964442e-07,1012.5969786847127
20.0,1127.5,1.3045749905199812e-28,4.0047763189463877e-28,1.4911418951917565e-25,1.9273878554856345e-07,1012.5969786847127
20.0,1128.0,1.1612634137219672e-28,3.2077653596832153e-28,1.3531951718888693e-25,1.7459845204363465e-07,1012.5969786847127
20.0,1128.5,1.0335606565288612e-28,2.5648321663484243e-28,1.2278293537349488e-25,1.5814232016977776e-07,1012.5969786847127
20.0,1129.0,9.197815302393243e-29,2.047139549143462e-28,1.1139139892395649e-25,1.432162303957703e-07,1012.5969786847127
20.0,1129.5,8.184212817136825e-29,1.6310524957908075e-28,1.0104187874276019e-25,1.296799456307804e-07,1012.5969786847127
20.0,1130.0,7.281362738891716e-29,1.2972406881798899e-28,9.164046725271007e-26,1.1740588564694128e-07,1012.5969786847127
20.0,1130.5,6.477268329663708e-29,1.029924019311372e-28,8.310157584885088e-26,1.0627799207998507e-07,1012.5969786847127
20.0,1131.0,5.761222622668224e-29,8.162476290301984e-29,7.534724796394656e-26,9.619075262128259e-08,1012.5969786847127
20.0,1131.5,5.123667588703134e-29,6.457593751575577e-29,6.830644495604669e-26,8.704820051757564e-08,1012.5969786847127
20.0,1132.0,4.55607346460068e-29,5.099781242567872e-29,6.191446120952572e-26,7.876308868046562e-08,1012.5969786847127
20.0,1132.5,4.050829817814994e-29,4.020355888490265e-29,5.611237792020492e-26,7.125612133522064e-08,1012.5969786847127
20.0,1133.0,3.601146541585895e-29,3.163803360548903e-29,5.084654266614205e-26,6.445522618761813e-08,1012.5969786847127
20.0,1133.5,3.2009662853117315e-29,2.485344132440736e-29,4.60681067157317e-26,5.829490707756189e-08,1012.5969786847127
20.0,1134.0,2.844886514571944e-29,1.9489273534825423e-29,4.1732607763346003e-26,5.271566061210699e-08,1012.5969786847127
20.0,1134.5,2.528088492460365e-29,1.5255865859209073e-29,3.779956943244111e-26,4.766341988107412e-08,1012.5969786847127
20.0,1135.0,2.246275890568241e-29,1.1920929329090058e-29,3.4232166236575804e-26,4.3089086237619976e-08,1012.5969786847127
20.0,1135.5,1.995618214792119e-29,9.298553776473401e-30,3.099689287793045e-26,3.894807128669068e-08,1012.5969786847127
20.0,1136.0,1.772700249672803e-29,7.24023721326831e-30,2.8063261692840027e-26,3.5199878842472725e-08,1012.5969786847127
20.0,1136.5,1.574478273581777e-29,5.6275876100418854e-30,2.5403548166596384e-26,3.1807751329405475e-08,1012.5969786847127
20.0,1137.0,1.3982394336364392e-29,4.366402542231095e-30,2.2992535235261826e-26,2.8738318256028236e-08,1012.5969786847127
20.0,1137.5,1.2415663868300299e-29,3.3818735493496086e-30,2.0807294657165852e-26,2.5961294518428482e-08,1012.5969786847127
20.0,1138.0,1.1023051761220116e-29,2.614707003630085e-30,1.8826978780130502e-26,2.3449194714814515e-08,1012.5969786847127
20.0,1138.5,9.785370185736503e-30,2.0179980473673678e-30,1.7032638538596482e-26,2.1177082975867944e-08,1012.5969786847127
20.0,1139.0,8.685527265909406e-30,1.554714000572701e-30,1.5407050990917557e-26,1.912233717393773e-08,1012.5969786847127
20.0,1139.5,7.70829987969794e-30,1.1956728868485029e-30,1.3934563951178232e-26,1.7264436706043395e-08,1012.5969786847127
20.0,1140.0,6.840133542802091e-30,9.17923037935646e-31,1.2600959279234188e-26,1.5584775506587567e-08,1012.5969786847127
20.0,1140.5,6.0689562103575624e-30,7.034484512552357e-31,1.1393314453347106e-26,1.4066474834118213e-08,1012.5969786847127
20.0,1141.0,5.384023675918738e-30,5.381338846821461e-31,1.0299897662165696e-26,1.2694239271784804e-08,1012.5969786847127
20.0,1141.5,4.775770612814562e-30,4.109419164598961e-31,9.31005188698e-27,1.1454200636420821e-08,1012.5969786847127
20.0,1142.0,4.235682680363158e-30,3.13258335906564e-31,8.414098434148095e-27,1.0333787360584617e-08,1012.5969786847127
20.0,1142.5,3.756184428730536e-30,2.3837290405014177e-31,7.603253177677852e-27,9.321610779757205e-09,1012.5969786847127
20.0,1143.0,3.3305343507949595e-30,1.81068612392471e-31,6.869540493082481e-27,8.407349742969226e-09,1012.5969786847127
20.0,1143.5,2.9527347922598877e-30,1.3729716418381128e-31,6.205721784505907e-27,7.581654222259445e-09,1012.5969786847127
20.0,1144.0,2.61745032532626e-30,1.0392308105760978e-31,5.605227833685623e-27,6.836054557398622e-09,1012.5969786847127
20.0,1144.5,2.319935902477773e-30,7.852257594707549e-32,5.06209919152716e-27,6.162881410153992e-09,1012.5969786847127
20.0,1145.0,2.0559712168763313e-30,5.922554901201349e-32,4.570928516977368e-27,5.555188893703922e-09,1012.5969786847127
20.0,1145.5,1.821803714395917e-30,4.4591878613344377e-32,4.126811356477652e-27,5.006688719914411e-09,1012.5969786847127
20.0,1146.0,1.614097059950253e-30,3.3514634046993444e-32,3.725299759494709e-27,4.511688446015874e-09,1012.5969786847127
20.0,1146.5,1.4298853402328925e-30,2.5144629377719043e-32,3.362360340872623e-27,4.065035721119757e-09,1012.5969786847127
20.0,1147.0,1.266532344592907e-30,1.8831638435995887e-32,3.0343363321085575e-27,3.662067909673486e-09,1012.5969786847127
20.0,1147.5,1.1216952657693339e-30,1.40787151075421e-32,2.737913021635873e-27,3.2985663061562683e-09,1012.5969786847127
20.0,1148.0,9.932921622075447e-31,1.0506788178156417e-32,2.4700858283306823e-27,2.9707139784667268e-09,1012.5969786847127
20.0,1148.5,8.794731819575373e-31,7.827246601405103e-33,2.2281317496097943e-27,2.67505808802341e-09,1012.5969786847127
20.0,1149.0,7.785952190157328e-31,5.820766273969755e-33,2.0095841402005736e-27,2.4084765814093346e-09,1012.5969786847127
20.0,1149.5,6.891985444972796e-31,4.320990500638031e-33,1.812207750769649e-27,2.168145528165724e-09,1012.5969786847127
20.0,1150.0,6.09986870251865e-31,3.201979755398708e-33,1.6339782537184066e-27,1.951512147242437e-09,1012.5969786847127
80.0,880.0,2.1376408921449866e-22,0.0,2.781976688510386e-24,1.244807189983351e-05,1005.6214228858759
80.0,880.5,2.1793747894747994e-22,0.0,2.9118453472988213e-24,1.2999604938823457e-05,1005.6214228858759
80.0,881.0,2.22107915185232e-22,0.0,3.0465275008297253e-24,1.3570028488280418e-05,1005.6214228858759
80.0,881.5,2.2627219199703616e-22,0.0,3.18613371503709e-24,1.4159699015584236e-05,1005.6214228858759
80.0,882.0,2.3042705296507553e-22,0.0,3.3307735773377425e-24,1.4768964972489803e-05,1005.6214228858759
80.0,882.5,2.345692164279845e-22,0.0,3.4805557917846595e-24,1.5398167292295496e-05,1005.6214228858759
80.0,883.0,2.386953502372994e-22,0.0,3.63558754570343e-24,1.60476366649871e-05,1005.6214228858759
80.0,883.5,2.428021474881055e-22,0.0,3.795975377691744e-24,1.6717697461852713e-05,1005.6214228858759
80.0,884.0,2.468862507883902e-22,0.0,3.961823781958099e-24,1.7408661660667862e-05,1005.6214228858759
80.0,884.5,2.509443279896899e-22,0.0,4.1332361048579546e-24,1.8120832902957446e-05,1005.6214228858759
80.0,885.0,2.5497302169999183e-22,0.0,4.3103134824996545e-24,1.885450192807105e-05,1005.6214228858759
80.0,885.5,2.5896902501438145e-22,0.0,4.493155822203182e-24,1.9609950989733117e-05,1005.6214228858759
80.0,886.0,2.6292903102794408e-22,0.0,4.681860723736401e-24,2.0387449242172657e-05,1005.6214228858759
80.0,886.5,2.668497075922159e-22,0.0,4.8765227121604464e-24,2.118724954297715e-05,1005.6214228858759
80.0,887.0,2.707278235329293e-22,0.0,5.0772352214525026e-24,2.2009597224388896e-05,1005.6214228858759
80.0,887.5,2.7456014767581643e-22,0.0,5.284088555627227e-24,2.2854721348900963e-05,1005.6214228858759
80.0,888.0,2.7834347409015847e-22,0.0,5.497170037251909e-24,2.3722835522944964e-05,1005.6214228858759
80.0,888.5,2.8207469781943247e-22,0.0,5.716565238503643e-24,2.4614143361666443e-05,1005.6214228858759
80.0,889.0,2.8575073915066445e-22,0.0,5.942356288311049e-24,2.5528831319484524e-05,1005.6214228858759
80.0,889.5,2.893685436144294e-22,0.0,6.174621548590558e-24,2.646706748636412e-05,1005.6214228858759
80.0,890.0,2.9292520820259614e-22,0.0,6.413438038582772e-24,2.7429012154343363e-05,1005.6214228858759
80.0,890.5,2.9641780466348436e-22,0.0,6.658877469968043e-24,2.8414800978694757e-05,1005.6214228858759
80.0,891.0,2.9984358145025683e-22,0.0,6.911010400412764e-24,2.9424562931426145e-05,1005.6214228858759
80.0,891.5,3.03199787016076e-22,0.0,7.169902131215594e-24,3.045840294287956e-05,1005.6214228858759
80.0,892.0,3.0648384651894724e-22,0.0,7.435616545136255e-24,3.1516418432079466e-05,1005.6214228858759
80.0,892.5,3.0969321036042495e-22,0.0,7.708212420496385e-24,3.259868379787268e-05,1005.6214228858759
80.0,893.0,3.1282548040335727e-22,0.0,7.987746267999022e-24,3.370526264211377e-05,1005.6214228858759
80.0,893.5,3.1587835948478806e-22,0.0,8.274271022044363e-24,3.483620237678101e-05,1005.6214228858759
80.0,894.0,3.188496009288594e-22,0.0,8.56783454054766e-24,3.5991528099580445e-05,1005.6214228858759
80.0,894.5,3.217371852516538e-22,0.0,8.868484159089019e-24,3.71712619286018e-05,1005.6214228858759
80.0,895.0,3.2453914345635195e-22,0.0,9.176261995144103e-24,3.837540339576372e-05,1005.6214228858759
80.0,895.5,3.2725363276387923e-22,0.0,9.491206837553168e-24,3.960393758114675e-05,1005.6214228858759
80.0,896.0,3.2987893661290574e-22,0.0,9.813354112552402e-24,4.085683513171333e-05,1005.6214228858759
80.0,896.5,3.3241354039049366e-22,0.0,1.0142738171773167e-23,4.2134061926297654e-05,1005.6214228858759
80.0,897.0,3.348560052143517e-22,0.0,1.0479388628170795e-23,4.343556394173375e-05,1005.6214228858759
80.0,897.5,3.372050184199336e-22,0.0,1.082333179144886e-23,4.4761273411045385e-05,1005.6214228858759
80.0,898.0,3.3945944404753595e-22,0.0,1.1174592352631656e-23,4.6111115928615136e-05,1005.6214228858759
80.0,898.5,3.4161827235520003e-22,0.0,1.1533191930543668e-23,4.748500454100264e-05,1005.6214228858759
80.0,899.0,3.436806703058098e-22,0.0,1.1899150885799124e-23,4.888284734019082e-05,1005.6214228858759
80.0,899.5,3.456459310799943e-22,0.0,1.2272486836109434e-23,5.0304541435124265e-05,1005.6214228858759
80.0,900.0,3.4751344883257837e-22,1.5160648085530196e-41,1.2653213853299822e-23,5.1749969791941714e-05,1005.6214228858759
80.0,900.5,3.492828701538763e-22,4.864187229364305e-41,1.3041348140014612e-23,5.321902455915513e-05,1005.6214228858759
80.0,901.0,3.509539173648496e-22,1.537308493272184e-40,1.343690202007879e-23,5.471158249945808e-05,1005.6214228858759
80.0,901.5,3.525264642477534e-22,4.786148917886057e-40,1.3839886877292116e-23,5.622751710272561e-05,1005.6214228858759
80.0,902.0,3.5400056128968555e-22,1.4678349180078882e-39,1.4250314524922817e-23,5.776670417736201e-05,1005.6214228858759
80.0,902.5,3.5537638519548893e-22,4.434407589057419e-39,1.4668195642737712e-23,5.9329015506507205e-05,1005.6214228858759
80.0,903.0,3.5665433986194697e-22,1.3196578348843282e-38,1.5093544357977114e-23,6.0914337384012986e-05,1005.6214228858759
80.0,903.5,3.578349049164901e-22,3.8686044673379093e-38,1.5526372555957073e-23,6.25225475473004e-05,1005.6214228858759
80.0,904.0,3.5891893863978303e-22,1.117157847336937e-37,1.596670348416341e-23,6.415356993584646e-05,1005.6214228858759
80.0,904.5,3.599077284528233e-22,3.177912862062993e-37,1.641457590307559e-23,6.580739082533007e-05,1005.6214228858759
80.0,905.0,3.608040006588992e-22,8.905056680037978e-37,1.6870093581176354e-23,6.748425613267161e-05,1005.6214228858759
80.0,905.5,3.616142176065463e-22,2.458094539531884e-36,1.7333543803975704e-23,6.918514156774643e-05,1005.6214228858759
80.0,906.0,3.6235516625582783e-22,6.683865614043297e-36,1.780574397898982e-23,7.091312496341108e-05,1005.6214228858759
80.0,906.5,3.6307059367710362e-22,1.7902928195704695e-35,1.8288944758007875e-23,7.267695191292516e-05,1005.6214228858759
80.0,907.0,3.638704607696743e-22,4.723758487090422e-35,1.8789031863650645e-23,7.449970360143671e-05,1005.6214228858759
80.0,907.5,3.6501616448309383e-22,1.2277742324863686e-34,1.9320478233471083e-23,7.643823097657261e-05,1005.6214228858759
80.0,908.0,3.6709128518238304e-22,3.143522605003308e-34,1.991664510345724e-23,7.86234471167239e-05,1005.6214228858759
80.0,908.5,3.713131172858321e-22,7.928332870762081e-34,2.0649375405920823e-23,8.133668787788178e-05,1005.6214228858759
80.0,909.0,3.8004488611709145e-22,1.9697648634133682e-33,2.1662782575137703e-23,8.51408532383101e-05,1005.6214228858759
80.0,909.5,3.975376305657649e-22,4.8207449443924184e-33,2.322515032285575e-23,9.108083642483505e-05,1005.6214228858759
80.0,910.0,4.308382135437557e-22,1.1622006852088383e-32,2.5797860312659946e-23,0.00010094792765151238,1005.6214228858759
80.0,910.5,4.906236717657257e-22,2.760039870706004e-32,3.010893614042963e-23,0.00011755873394102855,1005.6214228858759
80.0,911.0,5.91491491318668e-22,6.456792398268712e-32,3.720155856072575e-23,0.00014493287836412125,1005.6214228858759
80.0,911.5,7.51041777465013e-22,1.4879402790731112e-31,4.8409516950377046e-23,0.00018818428242383027,1005.6214228858759
80.0,912.0,9.871026352014618e-22,3.3777026132742473e-31,6.520355916767804e-23,0.00025291305027701623,1005.6214228858759
80.0,912.5,1.3128527621888621e-21,7.5530876996549125e-31,8.887010402612365e-23,0.00034395647242615394,1005.6214228858759
80.0,913.0,1.7304420505185437e-21,1.663776272402445e-30,1.2003717272037536e-22,0.0004635663869239973,1005.6214228858759
80.0,913.5,2.2248030297088445e-21,3.610210223691752e-30,1.5814580336820234e-22,0.0006094004284472673,1005.6214228858759
80.0,914.0,2.760180131157628e-21,7.71680180715947e-30,2.010478027961722e-22,0.0007730255322193427,1005.6214228858759
80.0,914.5,3.281860890730445e-21,1.624835624022981e-29,2.4494370872366584e-22,0.0009397465504875658,1005.6214228858759
80.0,915.0,3.7242983130761786e-21,3.3701459901577825e-29,2.848152429677692e-22,0.001090330453817413,1005.6214228858759
80.0,915.5,4.0244929818054694e-21,6.885813441354142e-29,3.153486974823823e-22,0.0012045835752737678,1005.6214228858759
80.0,916.0,4.137073959540427e-21,1.3858907620375482e-28,3.3214117788001485e-22,0.0012659603887005062,1005.6214228858759
80.0,916.5,4.046216974201357e-21,2.747704270134097e-28,3.328255534295742e-22,0.0012658028694928422,1005.6214228858759
80.0,917.0,3.7701999708275526e-21,5.366340419115138e-28,3.177301645583881e-22,0.001205758675069983,1005.6214228858759
80.0,917.5,3.3569434852425793e-21,1.0324134282092383e-27,2.8983657267799235e-22,0.0010975092368551973,1005.6214228858759
80.0,918.0,2.872176468298508e-21,1.9565743786973534e-27,2.5405275840729144e-22,0.0009599143411282362,1005.6214228858759
80.0,918.5,2.384416980085685e-21,3.652634761979256e-27,2.1606638436281237e-22,0.0008146102158821079,1005.6214228858759
80.0,919.0,1.9516217856518054e-21,6.717124415309672e-27,1.8116798031442254e-22,0.0006815515149029963,1005.6214228858759
80.0,919.5,1.6130511669634003e-21,1.216824032242035e-26,1.533922145208244e-22,0.000575805320271795,1005.6214228858759
80.0,920.0,1.3874733997548992e-21,2.1713977276679577e-26,1.3515678357001745e-22,0.0005062509239189136,1005.6214228858759
80.0,920.5,1.2765144715023699e-21,3.8169654278188777e-26,1.273754033558995e-22,0.0004760687681892501,1005.6214228858759
80.0,921.0,1.2706660460776784e-21,6.609434116539315e-26,1.2987529870201343e-22,0.0004843589497562336,1005.6214228858759
80.0,921.5,1.3554283299283347e-21,1.1273988370633789e-25,1.4190433841564684e-22,0.0005280725651553884,1005.6214228858759
80.0,922.0,1.5159075281895702e-21,1.8943408722542758e-25,1.625565595069919e-22,0.0006036151130370728,1005.6214228858759
80.0,922.5,1.73928436085073e-21,3.1354933285910083e-25,1.9103096440277432e-22,0.0007078114097470305,1005.6214228858759
80.0,923.0,2.0154267741758027e-21,5.1123536121335095e-25,2.267202532096638e-22,0.0008382292356976614,1005.6214228858759
80.0,923.5,2.336328423200195e-21,8.211133354195531e-25,2.691758257085044e-22,0.0009930422926754294,1005.6214228858759
80.0,924.0,2.695069748229446e-21,1.2991298625216606e-24,3.180092885488368e-22,0.0011706611624738746,1005.6214228858759
80.0,924.5,3.084808737751519e-21,2.0247399003620515e-24,3.7278159202682654e-22,0.0013693235803592043,1005.6214228858759
80.0,925.0,3.4980704739946776e-21,3.1085162577847126e-24,4.329123698243252e-22,0.0015867640576880534,1005.6214228858759
80.0,925.5,3.9264123024939816e-21,4.7011518780703925e-24,4.976240810121471e-22,0.001820015080041324,1005.6214228858759
80.0,926.0,4.360446652259556e-21,7.0036215013834e-24,5.659256138246206e-22,0.002065354922440459,1005.6214228858759
80.0,926.5,4.790139515499578e-21,1.0277992214616756e-23,6.366317300173924e-22,0.00231838669552258,1005.6214228858759
80.0,927.0,5.205305827025205e-21,1.485802633360404e-23,7.084137613140517e-22,0.002574229972633203,1005.6214228858759
80.0,927.5,5.596206423696546e-21,2.1158320751136827e-23,7.798731688843372e-22,0.0028277928757637003,1005.6214228858759
80.0,928.0,5.954173276643487e-21,2.968031411275795e-23,8.496306081540624e-22,0.003074096772269026,1005.6214228858759
80.0,928.5,6.272176158452893e-21,4.101314036426094e-23,9.164194222058608e-22,0.003308612778810484,1005.6214228858759
80.0,929.0,6.545279046533938e-21,5.582706779554131e-23,9.79175434429036e-22,0.0035275805842913187,1005.6214228858759
80.0,929.5,6.770917196311569e-21,7.485723903961815e-23,1.0371107032023407e-21,0.003728265482816001,1005.6214228858759
80.0,930.0,6.948980343963895e-21,9.887580061685266e-23,1.0897652402791687e-21,0.003909133006028155,1005.6214228858759
80.0,930.5,7.081677400999734e-21,1.2865109673804283e-22,1.1370282705243687e-21,0.004069912227610494,1005.6214228858759
80.0,931.0,7.173209297863988e-21,1.6489373961749902e-22,1.1791278618853083e-21,0.0042115452169551645,1005.6214228858759
80.0,931.5,7.229274210377897e-21,2.081910709090381e-22,1.2165876640984657e-21,0.004336019850917243,1005.6214228858759
80.0,932.0,7.256474235364113e-21,2.5893290149580957e-22,1.2501575097151302e-21,0.004446111756595536,1005.6214228858759
80.0,932.5,7.261673194760981e-21,3.1723391282077088e-22,1.2807230162162139e-21,0.004545054996807439,1005.6214228858759
80.0,933.0,7.251373826782414e-21,3.8285933987852823e-22,1.3092040396993542e-21,0.004636177467873828,1005.6214228858759
80.0,933.5,7.231185449957292e-21,4.551620895348597e-22,1.3364544955463007e-21,0.004722545787106202,1005.6214228858759
80.0,934.0,7.205411180616736e-21,5.330404070950974e-22,1.363170581474765e-21,0.004806644361486322,1005.6214228858759
80.0,934.5,7.176796709094796e-21,6.1492401759574465e-22,1.3898181589778064e-21,0.0048901259968398385,1005.6214228858759
80.0,935.0,7.146445481403922e-21,6.9879530514205915e-22,1.41658449150722e-21,0.004973651251818748,1005.6214228858759
80.0,935.5,7.113896247417388e-21,7.822503265659066e-22,1.4433583284735525e-21,0.005056829203456378,1005.6214228858759
80.0,936.0,7.077333087196698e-21,8.625986244183765e-22,1.4697372558487742e-21,0.005138254347345153,1005.6214228858759
80.0,936.5,7.033897219308426e-21,9.369987343406372e-22,1.4950603667410491e-21,0.005215631409853199,1005.6214228858759
80.0,937.0,6.980063432626423e-21,1.0026202486483047e-21,1.5184620842610833e-21,0.005285972249138977,1005.6214228858759
80.0,937.5,6.912034289592472e-21,1.0568202687387223e-21,1.5389396344171833e-21,0.005345837699767876,1005.6214228858759
80.0,938.0,6.826115750224928e-21,1.0973194031143593e-21,1.5554273474017399e-21,0.005391600030757625,1005.6214228858759
80.0,938.5,6.71905281034578e-21,1.1223600949219323e-21,1.566873004815124e-21,0.005419709150417667,1005.6214228858759
80.0,939.0,6.588290822799562e-21,1.1308333445682198e-21,1.5723074222082912e-21,0.00542693207300512,1005.6214228858759
80.0,939.5,6.4321645211480134e-21,1.1223600949219323e-21,1.5709057188532543e-21,0.005410560694382391,1005.6214228858759
80.0,940.0,6.2499998016595166e-21,1.0973194031143593e-21,1.5620343693436113e-21,0.0053685680349209106,1005.6214228858759
80.0,940.5,6.042140380496808e-21,1.0568202687387223e-21,1.5452841393099368e-21,0.00529971405211447,1005.6214228858759
80.0,941.0,5.8099049806579265e-21,1.0026202486483047e-21,1.5204876081901351e-21,0.005203597322469351,1005.6214228858759
80.0,941.5,5.555489588954617e-21,9.369987343406372e-22,1.4877223777177608e-21,0.005080657141347374,1005.6214228858759
80.0,942.0,5.28183053500273e-21,8.625986244183765e-22,1.4473018660005796e-21,0.004932133247707883,1005.6214228858759
80.0,942.5,4.9924356623667274e-21,7.822503265659066e-22,1.399753795650398e-21,0.004759984171269757,1005.6214228858759
80.0,943.0,4.691210249046013e-21,6.9879530514205915e-22,1.345792257909452e-21,0.004566784778328116,1005.6214228858759
80.0,943.5,4.382276869509497e-21,6.1492401759574465e-22,1.2862824427746808e-21,0.0043556002488801,1005.6214228858759
80.0,944.0,4.0698057580465395e-21,5.330404070950974e-22,1.2222022500286236e-21,0.004129851083742501,1005.6214228858759
80.0,944.5,3.757862135782798e-21,4.551620895348597e-22,1.1546027603152744e-21,0.003893175956735375,1005.6214228858759
80.0,945.0,3.450274944225598e-21,3.8285933987852823e-22,1.0845692925285802e-21,0.0036492982617325766,1005.6214228858759
80.0,945.5,3.1505290048227462e-21,3.1723391282077088e-22,1.0131842970293863e-21,0.003401900504938212,1005.6214228858759
80.0,946.0,2.861685249347793e-21,2.5893290149580957e-22,9.414943857031945e-22,0.003154514145368756,1005.6214228858759
80.0,946.5,2.5863265977310504e-21,2.081910709090381e-22,8.704817842587859e-22,0.0029104256182604874,1005.6214228858759
80.0,947.0,2.326527867749219e-21,1.6489373961749902e-22,8.010407294753131e-22,0.0026726000540529034,1005.6214228858759
80.0,947.5,2.0838491107284644e-21,1.2865109673804283e-22,7.339596924476459e-22,0.002443625371639371,1005.6214228858759
80.0,948.0,1.8593479303963112e-21,9.887581323862714e-23,6.699089911865157e-22,0.002225674999924592,1005.6214228858759
80.0,948.5,1.6536093712436203e-21,7.48572453505054e-23,6.094342865524622e-22,0.0020204905946152505,1005.6214228858759
80.0,949.0,1.466786914048111e-21,5.58270804173158e-23,5.529545489044463e-22,0.0018293797846801753,1005.6214228858759
80.0,949.5,1.2986538717400593e-21,4.1013162452366283e-23,5.007649471883188e-22,0.0016532302196355022,1005.6214228858759
80.0,950.0,1.1486607427455498e-21,2.9680342511750535e-23,4.53043651151535e-22,0.0014925363526834344,1005.6214228858759
80.0,950.5,1.015993977968472e-21,2.1158361771903898e-23,4.0986123911489525e-22,0.001347434472655694,1005.6214228858759
80.0,951.0,8.99636060437061e-22,1.4858083131589216e-23,3.7119294441762337e-22,0.001217746626379612,1005.6214228858759
80.0,951.5,7.984219498793884e-22,1.0278070311846373e-23,3.369319395609063e-22,0.001103027402449762,1005.6214228858759
80.0,952.0,7.110922456374871e-22,7.003729575327415e-24,3.0690378436282843e-22,0.0010026139439999336,1005.6214228858759
80.0,952.5,6.363401396684296e-22,4.7013009727814785e-24,2.808807350633662e-22,0.0009156748918482053,1005.6214228858759
80.0,953.0,5.728520586581652e-22,3.1087221504809753e-24,2.5859564572152226e-22,0.0008412573962911318,1005.6214228858759
80.0,953.5,5.193415408642342e-22,2.0250244819336104e-24,2.397549962188074e-22,0.0007783307107375758,1005.6214228858759
80.0,954.0,4.745760952518681e-22,1.299523602720979e-24,2.2405061050677243e-22,0.0007258250004529434,1005.6214228858759
80.0,954.5,4.373974973073598e-22,8.216584876088674e-25,2.1116991561906013e-22,0.0006826649503100273,1005.6214228858759
80.0,955.0,4.067357487206419e-22,5.119912378719725e-25,2.0080448286212966e-22,0.0006477974108622805,1005.6214228858759
80.0,955.5,3.816179378709745e-22,3.145997258063059e-25,1.9265708660623458e-22,0.0006202139255937629,1005.6214228858759
80.0,956.0,3.611720263592901e-22,1.9089829934717926e-25,1.8644696642930946e-22,0.000598967202815568,1005.6214228858759
80.0,956.5,3.4462692473884055e-22,1.1478915944882741e-25,1.8191365623130735e-22,0.0005831827849105073,1005.6214228858759
80.0,957.0,3.3130969048126147e-22,6.897666018677189e-26,1.788195548685104e-22,0.0005720665423982204,1005.6214228858759
80.0,957.5,3.2064017634419175e-22,4.2247541305236535e-26,1.7695119028236333e-22,0.0005649078996927718,1005.6214228858759
80.0,958.0,3.121243913178947e-22,2.7522737604090987e-26,1.7611966835738968e-22,0.0005610804193280344,1005.6214228858759
80.0,958.5,3.0534675085572546e-22,2.0509574645169664e-26,1.7616028020287866e-22,0.0005600396993443293,1005.6214228858759
80.0,959.0,2.999621503997551e-22,1.8829251613242336e-26,1.769316957905097e-22,0.0005613199806046109,1005.6214228858759
80.0,959.5,2.9568778647090564e-22,2.1613590104258337e-26,1.7831465160507636e-22,0.0005645291906329423,1005.6214228858759
80.0,960.0,2.9229565933490627e-22,2.9983595360903755e-26,1.8021065109816539e-22,0.0005693440860061302,1005.6214228858759
80.0,960.5,2.8960553005213227e-22,5.038571698187222e-26,1.8254056370841902e-22,0.0005755051320330135,1005.6214228858759
80.0,961.0,2.874787610516564e-22,1.0813712684340616e-25,1.8524340899821992e-22,0.0005828120254098921,1005.6214228858759
80.0,961.5,2.8581344412629866e-22,2.947889879377807e-25,1.8827564690722373e-22,0.0005911208586688241,1005.6214228858759
80.0,962.0,2.8454321398582454e-22,9.150861442349733e-25,1.9161269101701266e-22,0.0006003482821015952,1005.6214228858759
80.0,962.5,2.836515613492096e-22,2.8900859979401247e-24,1.952611402636363e-22,0.0006105091237209489,1005.6214228858759
80.0,963.0,2.832599329305345e-22,8.724593352465412e-24,1.993244039580042e-22,0.0006219201324951693,1005.6214228858759
80.0,963.5,2.8400933816871993e-22,2.4504638734369963e-23,2.042879371677364e-22,0.0006360849751992537,1005.6214228858759
80.0,964.0,2.8840918777948478e-22,6.334083538913937e-23,2.1205283405111414e-22,0.0006588935189198546,1005.6214228858759
80.0,964.5,3.0469993540054217e-22,1.5000802268839993e-22,2.28993082196968e-22,0.0007100562016986605,1005.6214228858759
80.0,965.0,3.555351418749429e-22,3.248737971850085e-22,2.731100520827837e-22,0.0008450992609486428,1005.6214228858759
80.0,965.5,4.921267231583231e-22,6.4285736767945455e-22,3.863913590921114e-22,0.0011931569723516288,1005.6214228858759
80.0,966.0,8.067300057412355e-22,1.1618259603512491e-21,6.473872533806458e-22,0.001994963382992028,1005.6214228858759
80.0,966.5,1.4229959199129717e-21,1.917390119613713e-21,1.1671192997819498e-21,0.003589112798031773,1005.6214228858759
80.0,967.0,2.4387556377470292e-21,2.8892417132454247e-21,2.0443052568599015e-21,0.006273633431883632,1005.6214228858759
80.0,967.5,3.8231447806891315e-21,3.975094789599568e-21,3.275324118431124e-21,0.010030663900823336,1005.6214228858759
80.0,968.0,5.3305219078375525e-21,4.993518913540003e-21,4.667126599309061e-21,0.014263543882730012,1005.6214228858759
80.0,968.5,6.531347434781599e-21,5.7278032658942045e-21,5.8441209130925096e-21,0.01782378696745941,1005.6214228858759
80.0,969.0,6.999999777858658e-21,5.999999809593135e-21,6.40090307534857e-21,0.019481636377304004,1005.6214228858759
80.0,969.5,6.557409278631988e-21,5.741403682284095e-21,6.127631088879093e-21,0.018611468751654613,1005.6214228858759
80.0,970.0,5.383327373308834e-21,5.021568737358647e-21,5.140655469530423e-21,0.015581556946930837,1005.6214228858759
80.0,970.5,3.904042075244537e-21,4.019295637995737e-21,3.809604491879765e-21,0.011523304057185655,1005.6214228858759
80.0,971.0,2.5497202205545277e-21,2.9521520703940282e-21,2.5424120833062942e-21,0.007674468617694754,1005.6214228858759
80.0,971.5,1.5665797118247413e-21,2.0024273561997188e-21,1.5961888231128017e-21,0.004808308630638295,1005.6214228858759
80.0,972.0,9.859874761822926e-22,1.2732580536856174e-21,1.0265305283482952e-21,0.003085930210099065,1005.6214228858759
80.0,972.5,7.105248211438052e-22,7.857798290953848e-22,7.558555294718981e-22,0.002267564476446384,1005.6214228858759
80.0,973.0,6.168443953398657e-22,5.051617850255482e-22,6.704781271078645e-22,0.002007301197319401,1005.6214228858759
80.0,973.5,6.128682839420622e-22,3.7423765816431433e-22,6.806376761710356e-22,0.0020335340664620815,1005.6214228858759
80.0,974.0,6.474203411036446e-22,3.3867285506172197e-22,7.346245477545461e-22,0.002190326709283393,1005.6214228858759
80.0,974.5,6.977279574046334e-22,3.5852723449046097e-22,8.088833660503103e-22,0.0024067879089078254,1005.6214228858759
80.0,975.0,7.552672446395133e-22,4.0925386846075428e-22,8.945642809575656e-22,0.0026562709988148902,1005.6214228858759
80.0,975.5,8.170758218499004e-22,4.777312359501646e-22,9.88723465204797e-22,0.0029298476410504946,1005.6214228858759
80.0,976.0,8.818900474616008e-22,5.575911216172195e-22,1.0902321169517963e-21,0.0032240293832249962,1005.6214228858759
80.0,976.5,9.488026178376404e-22,6.457543678460137e-22,1.1982927653405447e-21,0.0035363336778886745,1005.6214228858759
80.0,977.0,1.0168920424665246e-21,7.404269660985549e-22,1.3120033487208447e-21,0.003863989867185754,1005.6214228858759
80.0,977.5,1.0851540319961478e-21,8.401448915089492e-22,1.4302601164931039e-21,0.004203656825426204,1005.6214228858759
80.0,978.0,1.152510081040441e-21,9.434028207651917e-22,1.5517524724032429e-21,0.004551413748820617,1005.6214228858759
80.0,978.5,1.2178376594639356e-21,1.0485588629553666e-21,1.6749881108087573e-21,0.00490283975527254,1005.6214228858759
80.0,979.0,1.2800073708858458e-21,1.1538572787617156e-21,1.7983324148782665e-21,0.005253134197368204,1005.6214228858759
80.0,979.5,1.3379229384616288e-21,1.2574992128848452e-21,1.9200579926906674e-21,0.005597265079743804,1005.6214228858759
80.0,980.0,1.3905620994323143e-21,1.357732561078049e-21,2.03840260276371e-21,0.005930140085152199,1005.6214228858759
80.0,980.5,1.437016086035088e-21,1.452947390762403e-21,2.151632707343113e-21,0.006246791859088104,1005.6214228858759
80.0,981.0,1.4765256732912158e-21,1.541766413906264e-21,2.2581098027289402e-21,0.006542569078895763,1005.6214228858759
80.0,981.5,1.5085110673680221e-21,1.6231236459238496e-21,2.3563550462712185e-21,0.006813320257983802,1005.6214228858759
80.0,982.0,1.5325952306181346e-21,1.6963230716830404e-21,2.4451106419559816e-21,0.007055565937905765,1005.6214228858759
80.0,982.5,1.5486174121217313e-21,1.7610737845255398e-21,2.5233916401689338e-21,0.007266641151545655,1005.6214228858759
80.0,983.0,1.5566373886027663e-21,1.8174967515379978e-21,2.5905270239602328e-21,0.007444805328436351,1005.6214228858759
80.0,983.5,1.5569301127965884e-21,1.8661027002031163e-21,2.646187551397162e-21,0.007589312838701419,1005.6214228858759
80.0,984.0,1.5499701634237788e-21,1.907745064424374e-21,2.690397037062004e-21,0.007700435234250225,1005.6214228858759
80.0,984.5,1.5364078143057297e-21,1.9435474850533935e-21,2.7235276832802377e-21,0.007779437612971095,1005.6214228858759
80.0,985.0,1.5170377323639238e-21,1.974817375978277e-21,2.7462789432842487e-21,0.00782850827991386,1005.6214228858759
80.0,985.5,1.4927623239868366e-21,2.002949190843966e-21,2.759641388501893e-21,0.007850646557933832,1005.6214228858759
80.0,986.0,1.4645515472999788e-21,2.0293262761338562e-21,2.7648471281035626e-21,0.007849513741231275,1005.6214228858759
80.0,986.5,1.433402118590766e-21,2.0552301963419072e-21,2.7633109103385837e-21,0.007829259421759846,1005.6214228858759
80.0,987.0,1.4002975265269556e-21,2.081761974099867e-21,2.7565639007910665e-21,0.00779432918843536,1005.6214228858759
80.0,987.5,1.3661705707299785e-21,2.109783525143668e-21,2.746183165663402e-21,0.007749262518969791,1005.6214228858759
80.0,988.0,1.3318721607484173e-21,2.1398802978609535e-21,2.7337246004715577e-21,0.007698502813409533,1005.6214228858759
80.0,988.5,1.2981446588702953e-21,2.1723459252133094e-21,2.720656935310514e-21,0.007646212753071259,1005.6214228858759
80.0,989.0,1.26560350281943e-21,2.2071911104654974e-21,2.708305628104485e-21,0.007596119635573809,1005.6214228858759
80.0,989.5,1.2347251898261235e-21,2.244170082424774e-21,2.697804530552633e-21,0.007551384353173008,1005.6214228858759
80.0,990.0,1.2058430357109374e-21,2.2828250240870727e-21,2.6900601225804668e-21,0.007514507087046897,1005.6214228858759
80.0,990.5,1.1791499011879798e-21,2.3225393870124214e-21,2.685728724723795e-21,0.007487270348822166,1005.6214228858759
80.0,991.0,1.1547063707747719e-21,2.3625978699972896e-21,2.6852053347718e-21,0.007470715082077171,1005.6214228858759
80.0,991.5,1.1324542833344936e-21,2.402247811385674e-21,2.688625679610806e-21,0.007465153778442895,1005.6214228858759
80.0,992.0,1.1122336957408891e-21,2.4407563404639635e-21,2.6958787754563415e-21,0.007470212587409314,1005.6214228858759
80.0,992.5,1.0938021689496792e-21,2.477460258713695e-21,2.7066286642376643e-21,0.007484898326249591,1005.6214228858759
80.0,993.0,1.0768557706313e-21,2.511806833386686e-21,2.720344918019713e-21,0.007507688910330303,1005.6214228858759
80.0,993.5,1.0610496739068615e-21,2.5433822722282665e-21,2.736337423829754e-21,0.007536634509637895,1005.6214228858759
80.0,994.0,1.0460176453679492e-21,2.5719305046777166e-21,2.753793839710754e-21,0.007569464851654894,1005.6214228858759
80.0,994.5,1.0313905233544688e-21,2.597357826681269e-21,2.7718199827968764e-21,0.00760370329316411,1005.6214228858759
80.0,995.0,1.0168117679808093e-21,2.619728457827497e-21,2.789477902919593e-21,0.00763677319567914,1005.6214228858759
80.0,995.5,1.0019505877813062e-21,2.639252424443806e-21,2.8058222965320258e-21,0.007666098494463669,1005.6214228858759
80.0,996.0,9.865122390782199e-22,2.6562643550153038e-21,2.8199334812765977e-21,0.007689193683276838,1005.6214228858759
80.0,996.5,9.702458009948178e-22,2.671198640532615e-21,2.8309469626509584e-21,0.0077037434426669256,1005.6214228858759
80.0,997.0,9.529484163716005e-22,2.6845615656138246e-21,2.838075784801544e-21,0.007707661709725718,1005.6214228858759
80.0,997.5,9.344681190437861e-22,2.6969022279360635e-21,2.840630803943194e-21,0.007699144399784284,1005.6214228858759
80.0,998.0,9.147036318929189e-22,2.7087842654606686e-21,2.8380333877949343e-21,0.007676700997301291,1005.6214228858759
80.0,998.5,8.936029532081267e-22,2.7207583914519055e-21,2.829825045689493e-21,0.0076391774690711504,1005.6214228858759
80.0,999.0,8.711602264860488e-22,2.7333397762570944e-21,2.8156718360034258e-21,0.007585764817850995,1005.6214228858759
80.0,999.5,8.474116004888064e-22,2.7469874485706528e-21,2.7953650831540533e-21,0.007515997595718832,1005.6214228858759
80.0,1000.0,8.224301300471102e-22,2.7620887454079303e-21,2.76881804765757e-21,0.007429741560413934,1005.6214228858759
80.0,1000.5,7.963206768633694e-22,2.778948204943667e-21,2.736061302722123e-21,0.007327178000334002,1005.6214228858759
80.0,1001.0,7.692139520341352e-22,2.7977792866279277e-21,2.6972336987925773e-21,0.007208776440587122,1005.6214228858759
80.0,1001.5,7.412611139306229e-22,2.8187025536505798e-21,2.6525734273179008e-21,0.0070752679263605305,1005.6214228858759
80.0,1002.0,7.126282651050356e-22,2.8417462787864653e-21,2.6024069258395675e-21,0.006927612866685041,1005.6214228858759
80.0,1002.5,6.834912016323799e-22,2.8668488677761055e-21,2.5471367512460057e-21,0.00676696650982993,1005.6214228858759
80.0,1003.0,6.54030717810358e-22,2.8938669372613672e-21,2.4872295604383453e-21,0.006594645105943105,1005.6214228858759
80.0,1003.5,6.244282137818475e-22,2.922583392721134e-21,2.42320337383469e-21,0.006412090567569943,1005.6214228858759
80.0,1004.0,5.948618585154577e-22,2.9527165161489323e-21,2.3556151523378706e-21,0.006220836372803929,1005.6214228858759
80.0,1004.5,5.655032576570671e-22,2.98393228490483e-21,2.2850486636695114e-21,0.006022474632440079,1005.6214228858759
80.0,1005.0,5.365147272265336e-22,3.0158540652382395e-21,2.2121032228457817e-21,0.005818625845209204,1005.6214228858759
80.0,1005.5,5.080468702369949e-22,3.0480747291914193e-21,2.1373822766446337e-21,0.005610908601454856,1005.6214228858759
80.0,1006.0,4.802368601335382e-22,3.080167155915846e-21,2.0614836506990012e-21,0.005400914002514273,1005.6214228858759
80.0,1006.5,4.532071786157517e-22,3.1116935212982347e-21,1.9849906944076218e-21,0.005190182732382948,1005.6214228858759
80.0,1007.0,4.270645554086681e-22,3.1422151934317347e-21,1.908463408249295e-21,0.004980182357608252,1005.6214228858759
80.0,1007.5,4.01899715827275e-22,3.171300406654812e-21,1.8324323868278803e-21,0.004772292232638716,1005.6214228858759
80.0,1008.0,3.777871283410254e-22,3.1985315316933555e-21,1.7573922899766724e-21,0.004567787361221885,1005.6214228858759
80.0,1008.5,3.547853579835229e-22,3.223512345802779e-21,1.6837976926838762e-21,0.0043678286242466915,1005.6214228858759
80.0,1009.0,3.329375712235011e-22,3.2458732834262034e-21,1.6120594951748785e-21,0.004173454578434425,1005.6214228858759
80.0,1009.5,3.1227236900193975e-22,3.2652789082849543e-21,1.542542866584198e-21,0.003985577319851186,1005.6214228858759
80.0,1010.0,2.9280502366596386e-22,3.2814349815722728e-21,1.4755673357415362e-21,0.0038049839385269576,1005.6214228858759
80.0,1010.5,2.7453876638984137e-22,3.2940965398889807e-21,1.411407515847366e-21,0.0036323395926722815,1005.6214228858759
80.0,1011.0,2.5746657946695924e-22,3.3030800121469907e-21,1.3502969166098958e-21,0.0034681984819328543,1005.6214228858759
80.0,1011.5,2.415732157937415e-22,3.3082769520599398e-21,1.2924337690552972e-21,0.0033130198551495496,1005.6214228858759
80.0,1012.0,2.2683762225034957e-22,3.309675444672716e-21,1.2379900597243616e-21,0.003167192043958081,1005.6214228858759
80.0,1012.5,2.132359941701075e-22,3.3073849460136397e-21,1.1871254231611114e-21,0.003031068620488796,1005.6214228858759
80.0,1013.0,2.007453977887787e-22,3.3016716240630198e-21,1.1400061233660918e-21,0.0029050170980780463,1005.6214228858759
80.0,1013.5,1.8934849078822283e-22,3.2930031912961192e-21,1.0968327761037792e-21,0.002789489287213565,1005.6214228858759
80.0,1014.0,1.7903908849894286e-22,3.282103834645704e-21,1.0578763726707278e-21,0.002685111889697397,1005.6214228858759
80.0,1014.5,1.6982933306799207e-22,3.2700236857488053e-21,1.0235280881307872e-21,0.002592810937246596,1005.6214228858759
80.0,1015.0,1.6175836461804382e-22,3.2582193983550188e-21,9.94363874124005e-22,0.0025139721310046934,1005.6214228858759
80.0,1015.5,1.549027215895663e-22,3.2486486601738388e-21,9.712269101158826e-22,0.002450644335897544,1005.6214228858759
80.0,1016.0,1.493886722144928e-22,3.2438735904512278e-21,9.553311674791695e-22,0.002405793821291993,1005.6214228858759
80.0,1016.5,1.4540604798105571e-22,3.247170397946327e-21,9.483855661081123e-22,0.002383607229429134,1005.6214228858759
80.0,1017.0,1.4322332665429435e-22,3.2626368174758647e-21,9.527390893450888e-22,0.002389843503323622,1005.6214228858759
80.0,1017.5,1.4320284151430757e-22,3.295289247090577e-21,9.715411821202905e-22,0.00243221987505656,1005.6214228858759
80.0,1018.0,1.4581500609609677e-22,3.3511346417026687e-21,1.0089107574148144e-21,0.0025208147473474115,1005.6214228858759
80.0,1018.5,1.5164944659466034e-22,3.437203632622056e-21,1.070098930129096e-21,0.002668450105018378,1005.6214228858759
80.0,1019.0,1.6142070690706023e-22,3.561524274265445e-21,1.1616265754493147e-21,0.0028910066680184784,1005.6214228858759
80.0,1019.5,1.7596576214284872e-22,3.7330196563217145e-21,1.2913718114984458e-21,0.003207610836437754,1005.6214228858759
80.0,1020.0,1.962301346721364e-22,3.96131221576033e-21,1.4685756178445156e-21,0.003640616362710797,1005.6214228858759
80.0,1020.5,2.2324011359995415e-22,4.256415361637159e-21,1.7037347993560518e-21,0.004215307372873773,1005.6214228858759
80.0,1021.0,2.580583134982964e-22,4.628311806852522e-21,2.008345545030394e-21,0.004959235807515346,1005.6214228858759
80.0,1021.5,3.0172185295470077e-22,5.086407095803159e-21,2.3944725348069215e-21,0.005901136578865769,1005.6214228858759
80.0,1022.0,3.5516315293736407e-22,5.6388801383544036e-21,2.8741220582334086e-21,0.007069373292487547,1005.6214228858759
80.0,1022.5,4.1911622011960185e-22,6.291948925487822e-21,3.458419707281897e-21,0.008489922401771304,1005.6214228858759
80.0,1023.0,4.940132745468283e-22,7.049088585128418e-21,4.1566120807048735e-21,0.01018394982339987,1005.6214228858759
80.0,1023.5,5.798788024615416e-22,7.910259535391413e-21,4.974935957443423e-21,0.012165091971005928,1005.6214228858759
80.0,1024.0,6.762312579236456e-22,8.871205915869349e-21,5.915434308377836e-21,0.014436639091956308,1005.6214228858759
80.0,1024.5,7.820028388118335e-22,9.922888516548097e-21,6.974813793435636e-21,0.016988852940633903,1005.6214228858759
80.0,1025.0,8.954891511869462e-22,1.1051137022676284e-20,8.143465926114343e-21,0.019796714147994905,1005.6214228858759
80.0,1025.5,1.0143392128465825e-21,1.2236571658789302e-20,9.40477957620492e-21,0.022818403349082656,1005.6214228858759
80.0,1026.0,1.1355944798518014e-21,1.3454858451476462e-20,1.0734873407868864e-20,0.025994817601330194,1005.6214228858759
80.0,1026.5,1.2557802281743834e-21,1.4677311843381927e-20,1.2102841693150081e-20,0.02925033390370223,1005.6214228858759
80.0,1027.0,1.3710497448485303e-21,1.5871867276659336e-20,1.3471588296377061e-20,0.032494983274207107,1005.6214228858759
80.0,1027.5,1.4773743614074888e-21,1.7004366392536798e-20,1.479925516466651e-20,0.03562803138819027,1005.6214228858759
80.0,1028.0,1.5707670107532034e-21,1.8040117688488228e-20,1.6041191638769662e-20,0.03854281751506433,1005.6214228858759
80.0,1028.5,1.64752385840703e-21,1.8945612271769567e-20,1.7152363817122574e-20,0.04113259277948382,1005.6214228858759
80.0,1029.0,1.7044621977151998e-21,1.9690312314375977e-20,1.8090014764687026e-20,0.04329689102000062,1005.6214228858759
80.0,1029.5,1.7391349190408448e-21,2.0248345803945295e-20,1.881637601698662e-20,0.04494794798405496,1005.6214228858759
80.0,1030.0,1.7499999444646644e-21,2.0599999346269767e-20,1.930117709473588e-20,0.04601656396078101,1005.6214228858759
80.0,1030.5,1.7365293808906594e-21,2.073288785038097e-20,1.9523732684621362e-20,0.04645689271480089,1005.6214228858759
80.0,1031.0,1.6992470824469943e-21,2.0642689620695746e-20,1.947440161451358e-20,0.046249682017908446,1005.6214228858759
80.0,1031.5,1.6396908861367433e-21,2.033341131330614e-20,1.915527412455406e-20,0.04540364636007302,1005.6214228858759
80.0,1032.0,1.5603040645773315e-21,1.9817129442038013e-20,1.858002812835089e-20,0.04395485666635677,1005.6214228858759
80.0,1032.5,1.4642642757127335e-21,1.9113258517479337e-20,1.7772940364412678e-20,0.04196414051313824,1005.6214228858759
80.0,1033.0,1.355270204337605e-21,1.8247387824243852e-20,1.676719284486353e-20,0.039512850697871554,1005.6214228858759
80.0,1033.5,1.2373028590982494e-21,1.724979508080783e-20,1.560260491737992e-20,0.036697330902678425,1005.6214228858759
80.0,1034.0,1.1143843451386878e-21,1.6153743610670985e-20,1.4323023673959764e-20,0.03362264265812255,1005.6214228858759
80.0,1034.5,9.903537013858331e-22,1.4993713274444862e-20,1.2973604248565009e-20,0.03039610640465076,1005.6214228858759
80.0,1035.0,8.686765641902765e-22,1.3803679869555218e-20,1.1598211937428555e-20,0.02712120188448433,1005.6214228858759
80.0,1035.5,7.523015820197637e-22,1.2615552857483568e-20,1.0237161387630217e-20,0.023892325745435622,1005.6214228858759
80.0,1036.0,6.435679230957796e-22,1.1457893395376432e-20,8.925419473882393e-21,0.020790690084465026,1005.6214228858759
80.0,1036.5,5.441667032507263e-22,1.0354943368177871e-20,7.691391642866487e-21,0.01788162531251008,1005.6214228858759
80.0,1037.0,4.551505279894328e-22,9.326015504486434e-21,6.556299477294664e-21,0.015213286624384217,1005.6214228858759
80.0,1037.5,3.7698375239514833e-22,8.385243768342982e-21,5.5341280316554475e-21,0.012816695633832705,1005.6214228858759
80.0,1038.0,3.096222759878275e-22,7.541652021683872e-21,4.632054744182702e-21,0.010706895393874497,1005.6214228858759
80.0,1038.5,2.526120178086505e-22,6.799502183368314e-21,3.851256973346142e-21,0.008884966290226217,1005.6214228858759
80.0,1039.0,2.051943461022845e-22,6.1588552418106126e-21,3.1879608985657625e-21,0.007340575096066346,1005.6214228858759
80.0,1039.5,1.6640945064990345e-22,5.616269996415576e-21,2.6346128234447805e-21,0.006054776503069575,1005.6214228858759
80.0,1040.0,1.3518995847053256e-22,5.1655704614671155e-21,2.1810548696610286e-21,0.005002792895800623,1005.6214228858759
80.0,1040.5,1.1043985777689403e-22,4.798621751849298e-21,1.8156137916841986e-21,0.004156563552195338,1005.6214228858759
80.0,1041.0,9.109640146836133e-23,4.50606073232765e-21,1.526041977297278e-21,0.0034869269747753464,1005.6214228858759
80.0,1041.5,7.617439693762206e-23,4.277944675783412e-21,1.3002715641636569e-21,0.0029653520321166137,1005.6214228858759
80.0,1042.0,6.479408125962477e-23,4.104288849832344e-21,1.1269699281633272e-21,0.0025651971098616497,1005.6214228858759
80.0,1042.5,5.619503038705984e-23,3.9754902045505885e-21,9.95907569199568e-22,0.002262528553519667,1005.6214228858759
80.0,1043.0,4.9738819189331933e-23,3.882631506752625e-21,8.981583599240586e-22,0.0020365495125482,1005.6214228858759
80.0,1043.5,4.4903537291546813e-23,3.817677229931256e-21,8.261644926949671e-22,0.0018697175405035392,1005.6214228858759
80.0,1044.0,4.127296590289177e-23,3.773574528453471e-21,7.736996320147847e-22,0.0017476307831038103,1005.6214228858759
80.0,1044.5,3.8522823237892176e-23,3.744281106438513e-21,7.357627296926664e-22,0.0016587590207096192,1005.6214228858759
80.0,1045.0,3.640598126304763e-23,3.724732906015196e-21,7.084311019628078e-22,0.001594086001452449,1005.6214228858759
80.0,1045.5,3.473808002936436e-23,3.710774637075147e-21,6.886969169669299e-22,0.0015467185012417917,1005.6214228858759
80.0,1046.0,3.3384363161568895e-23,3.6990660732190435e-21,6.743030612015715e-22,0.0015114983707389218,1005.6214228858759
80.0,1046.5,3.2248255152200457e-23,3.686977442489692e-21,6.635906131773794e-22,0.0014846449097445646,1005.6214228858759
80.0,1047.0,3.126185716542486e-23,3.6724827986211906e-21,6.553647004929649e-22,0.001463442317241827,1005.6214228858759
80.0,1047.5,3.0378317174359224e-23,3.654062681914114e-21,6.4878161350632845e-22,0.0014459780390714547,1005.6214228858759
80.0,1048.0,2.9565875638959346e-23,3.630610819078528e-21,6.432568508001961e-22,0.0014309306290528005,1005.6214228858759
80.0,1048.5,2.880338477607806e-23,3.601358594535485e-21,6.383933692319711e-22,0.0014174048631827257,1005.6214228858759
80.0,1049.0,2.807698587733245e-23,3.565809619138095e-21,6.339263686215475e-22,0.0014048053560384332,1005.6214228858759
80.0,1049.5,2.7377736415500924e-23,3.523684800208978e-21,6.296826094636646e-22,0.0013927437483066195,1005.6214228858759
80.0,1050.0,2.669994712573503e-23,3.4748823557587e-21,6.255510209326981e-22,0.0013809718666364774,1005.6214228858759
80.0,1050.5,2.6040039734968687e-23,3.4194418676720406e-21,6.214619034866265e-22,0.0013693345754830974,1005.6214228858759
80.0,1051.0,2.5395775455952876e-23,3.3575200479009872e-21,6.17372453596748e-22,0.0013577370649420946,1005.6214228858759
80.0,1051.5,2.4765751693998118e-23,3.28937034167717e-21,6.13257070887417e-22,0.0013461230054428823,1005.6214228858759
80.0,1052.0,2.4149081769446938e-23,3.2153263677437367e-21,6.091010429798898e-22,0.0013344603491136332,1005.6214228858759
80.0,1052.5,2.354518981383853e-23,3.1357898014518516e-21,6.048963854214987e-22,0.00132273200390195,1005.6214228858759
80.0,1053.0,2.2953679818998465e-23,3.0512190656507575e-21,6.0063909588588325e-22,0.001310929699644772,1005.6214228858759
80.0,1053.5,2.2374264639557253e-23,2.962120041061754e-21,5.963276622148403e-22,0.0012990506547441456,1005.6214228858759
80.0,1054.0,2.1806715505852375e-23,2.869037180548963e-21,5.919619387175509e-22,0.0012870950811076115,1005.6214228858759
80.0,1054.5,2.1250839935822957e-23,2.772546037028834e-21,5.875426688680685e-22,0.0012750651200317334,1005.6214228858759
80.0,1055.0,2.0706461224626234e-23,2.6732439738441232e-21,5.830709919039778e-22,0.0012629637551889975,1005.6214228858759
80.0,1055.5,2.017341528919391e-23,2.571742288776618e-21,5.785483876712235e-22,0.0012507946853541614,1005.6214228858759
80.0,1056.0,1.9651539624179518e-23,2.468658943905032e-21,5.73976382928646e-22,0.0012385616838048261,1005.6214228858759
80.0,1056.5,1.9140678035123822e-23,2.3646094779273777e-21,5.693566928158518e-22,0.0012262689022099502,1005.6214228858759
80.0,1057.0,1.864067274984578e-23,2.2602003418640407e-21,5.646909955365002e-22,0.0012139203825881019,1005.6214228858759
80.0,1057.5,1.8151369151607965e-23,2.156019811380149e-21,5.599810707625084e-22,0.0012015203552002672,1005.6214228858759
80.0,1058.0,1.767261104595114e-23,2.0526329380757827e-21,5.5522865630848855e-22,0.001189072929720442,1005.6214228858759
80.0,1058.5,1.720424223841608e-23,1.950573269601909e-21,5.504354906053476e-22,0.0011765821870517253,1005.6214228858759
80.0,1059.0,1.674610811226536e-23,1.8503375990022003e-21,5.45603360292484e-22,0.0011640522810279549,1005.6214228858759
80.0,1059.5,1.6298052473039736e-23,1.752381319900022e-21,5.407339962140283e-22,0.0011514872161432679,1005.6214228858759
80.0,1060.0,1.5859923859445417e-23,1.657113680711229e-21,5.358292777659321e-22,0.001138891283184789,1005.6214228858759
80.0,1060.5,1.5431564499301356e-23,1.5648947554182874e-21,5.30890863106893e-22,0.0011262682719333807,1005.6214228858759
80.0,1061.0,1.501282293131375e-23,1.4760330201895742e-21,5.25920607295983e-22,0.0011136223611639229,1005.6214228858759
80.0,1061.5,1.4603542961023363e-23,1.3907842426632245e-21,5.209201834181204e-22,0.0011009573141375093,1005.6214228858759
80.0,1062.0,1.4203574704858205e-23,1.3093512799987376e-21,5.158914636682051e-22,0.001088277286301064,1005.6214228858759
80.0,1062.5,1.3812763546080853e-23,1.2318842808253692e-21,5.108361263600803e-22,0.001075585994041099,1005.6214228858759
80.0,1063.0,1.3430958023397504e-23,1.1584826037518544e-21,5.057559320773253e-22,0.0010628872990549082,1005.6214228858759
80.0,1063.5,1.3058007464375263e-23,1.0891969378245182e-21,5.006526379656585e-22,0.0010501850271041509,1005.6214228858759
80.0,1064.0,1.2693761985442134e-23,1.0240323317531548e-21,4.955279948012691e-22,0.0010374829621124589,1005.6214228858759
80.0,1064.5,1.2338072491887032e-23,9.629518289820762e-22,4.903837439267472e-22,0.0010247848400540861,1005.6214228858759
80.0,1065.0,1.1990789100137965e-23,9.058804056837519e-22,4.852215502065871e-22,0.0010120942094599401,1005.6214228858759
80.0,1065.5,1.1651765870927466e-23,8.52709413623428e-22,4.800431879076252e-22,0.0009994148200664725,1005.6214228858759
80.0,1066.0,1.1320855287266261e-23,8.033012754592338e-22,4.748503171603222e-22,0.0009867501563171792,1005.6214228858759
80.0,1066.5,1.0997911409886883e-23,7.574940790680947e-22,4.696446063003195e-22,0.0009741036935016617,1005.6214228858759
80.0,1067.0,1.0682790666104582e-23,7.15106373820035e-22,4.644277653217195e-22,0.0009614789670058892,1005.6214228858759
80.0,1067.5,1.0375349483234608e-23,6.759418658782872e-22,4.592014433846925e-22,0.0009488793598708914,1005.6214228858759
80.0,1068.0,1.007544586631402e-23,6.3979365911551675e-22,4.539672928688406e-22,0.0009363082362350942,1005.6214228858759
80.0,1068.5,9.782937820379879e-24,6.064484960300502e-22,4.4872689605606675e-22,0.000923768790487984,1005.6214228858759
80.0,1069.0,9.497686505912866e-24,5.756906957395126e-22,4.434819050088651e-22,0.0009112643361893268,1005.6214228858759
80.0,1069.5,9.219553872254568e-24,5.473053851550962e-22,4.38233934530932e-22,0.0008987980853383898,1005.6214228858759
80.0,1070.0,8.948401079885667e-24,5.210817301558283e-22,4.329844815106568e-22,0.0008863729841211042,1005.6214228858759
80.0,1070.5,8.68409402245227e-24,4.968154599434672e-22,4.2773518557804e-22,0.0008739922479074678,1005.6214228858759
80.0,1071.0,8.426497804739591e-24,4.743109875006159e-22,4.224875647705034e-22,0.0008616588195553475,1005.6214228858759
80.0,1071.5,8.175479109254644e-24,4.533833785875419e-22,4.1724312475495993e-22,0.0008493755942088422,1005.6214228858759
80.0,1072.0,7.930906196226258e-24,4.33859361484135e-22,4.12003357547059e-22,0.0008371454170629481,1005.6214228858759
80.0,1072.5,7.692648903605072e-24,4.1557866489800327e-22,4.0676974023435684e-22,0.0008249710811628989,1005.6214228858759
80.0,1073.0,7.460579435924439e-24,3.9839427039996256e-22,4.0154377616411517e-22,0.0008128554111921498,1005.6214228858759
80.0,1073.5,7.234569208856808e-24,3.821729172950156e-22,3.9632682460711304e-22,0.0008008009189300367,1005.6214228858759
80.0,1074.0,7.014493582379156e-24,3.667950773788034e-22,3.911203519971794e-22,0.0007888103127876182,1005.6214228858759
80.0,1074.5,6.800227916468456e-24,3.521545510408215e-22,3.8592571834204656e-22,0.0007768860659477255,1005.6214228858759
80.0,1075.0,6.591650332114852e-24,3.3815816434183233e-22,3.807443276518209e-22,0.0007650307207363297,1005.6214228858759
80.0,1075.5,6.388638555878036e-24,3.2472516316869036e-22,3.755774471804947e-22,0.0007532465253909004,1005.6214228858759
80.0,1076.0,6.191074258622222e-24,3.117862792230298e-22,3.7042645562273787e-22,0.0007415359335755515,1005.6214228858759
80.0,1076.5,5.99883911121163e-24,2.9928314941963885e-22,3.652926140698618e-22,0.0007299011447552074,1005.6214228858759
80.0,1077.0,5.811816756662738e-24,2.871671799267559e-22,3.6017717873925273e-22,0.0007183443313189315,1005.6214228858759
80.0,1077.5,5.629892810144289e-24,2.753987383725026e-22,3.550814019164142e-22,0.0007068676406479006,1005.6214228858759
80.0,1078.0,5.4529540701163835e-24,2.6394619459002324e-22,3.5000648240650876e-22,0.0006954730968352145,1005.6214228858759
80.0,1078.5,5.28088970162184e-24,2.5278496136262393e-22,3.4495363959100244e-22,0.0006841627486511334,1005.6214228858759
80.0,1079.0,5.113589264133926e-24,2.4189648468181383e-22,3.3992398585281053e-22,0.0006729384167040521,1005.6214228858759
80.0,1079.5,4.950944683708625e-24,2.312676126585811e-22,3.349186522243378e-22,0.000661801943779567,1005.6214228858759
80.0,1080.0,4.79285025298464e-24,2.208894848072383e-22,3.29938792094471e-22,0.0006507552018980414,1005.6214228858759
80.0,1080.5,4.3193869817236625e-24,2.107569893091196e-22,3.0258184813094914e-22,0.0005956937952454257,1005.6214228858759
80.0,1081.0,3.892188430401633e-24,2.008679804625628e-22,2.774526240328422e-22,0.0005452119308964154,1005.6214228858759
80.0,1081.5,3.506784913129571e-24,1.912226097288617e-22,2.5437318525375895e-22,0.0004989356351308181,1005.6214228858759
80.0,1082.0,3.1591327289073133e-24,1.8182280823951228e-22,2.331794628472926e-22,0.0004565207737341518,1005.6214228858759
80.0,1082.5,2.845575901869613e-24,1.7267178192523336e-22,2.1372033229986113e-22,0.0004176509858531376,1005.6214228858759
80.0,1083.0,2.5628073298865574e-24,1.6377353188853624e-22,1.958564558276896e-22,0.0003820351782187836,1005.6214228858759
80.0,1083.5,2.3078376245578108e-24,1.5513251361581356e-22,1.7945951346385325e-22,0.00034940580302503363,1005.6214228858759
80.0,1084.0,2.077964148422087e-24,1.4675330881120285e-22,1.644112891290748e-22,0.0003195168720818295,1005.6214228858759
80.0,1084.5,1.8707441936863684e-24,1.386403350957734e-22,1.5060292003154146e-22,0.00029214230886861104,1005.6214228858759
80.0,1085.0,1.6839695414617156e-24,1.307976440591344e-22,1.3793411249194458e-22,0.00026707425298149823,1005.6214228858759
80.0,1085.5,1.5156452611264375e-24,1.2322876979814122e-22,1.263125663215649e-22,0.00024412178562962177,1005.6214228858759
80.0,1086.0,1.3639687069044912e-24,1.1593655221205267e-22,1.1565329829726402e-22,0.00022310947386627522,1005.6214228858759
80.0,1086.5,1.227311472672274e-24,1.0892303602833506e-22,1.0587809689034472e-22,0.00020387618299099537,1005.6214228858759
80.0,1087.0,1.1042023328415484e-24,1.021894392482261e-22,9.691495790321366e-23,0.00018627386477693982,1005.6214228858759
80.0,1087.5,9.933128456479229e-25,9.573609634874958e-23,8.86976540630823e-23,0.0001701666155217555,1005.6214228858759
80.0,1088.0,8.93443153654556e-25,8.956242672827926e-23,8.116523655102711e-23,0.00015542961364861332,1005.6214228858759
80.0,1088.5,8.035101015347727e-25,8.366694101742605e-23,7.426166072587415e-23,0.0001419483059510824,1005.6214228858759
80.0,1089.0,7.225356003737119e-25,7.804727263347433e-23,6.793536131763472e-23,0.0001296175059752419,1005.6214228858759
80.0,1089.5,6.496368655146251e-25,7.270020302393079e-23,6.213893052875527e-23,0.00011834069792556286,1005.6214228858759
80.0,1090.0,5.840171474432389e-25,6.762169953184794e-23,5.682878133011308e-23,0.00010802931973555904,1005.6214228858759
80.0,1090.5,5.249573501406376e-25,6.280697219380924e-23,5.1964836556940677e-23,9.860210265401532e-05,1005.6214228858759
80.0,1091.0,4.718087341198903e-25,5.825053684880165e-23,4.7510270135552146e-23,8.998451652999366e-05,1005.6214228858759
80.0,1091.5,4.239859645893229e-25,5.394627824708786e-23,4.3431234064222094e-23,8.21081939888017e-05,1005.6214228858759
80.0,1092.0,3.809609238247933e-25,4.988750053730437e-23,3.96966157488225e-23,7.491041796266717e-05,1005.6214228858759
80.0,1092.5,3.422574603142907e-25,4.606702192977004e-23,3.6277850310636115e-23,6.833371816451925e-05,1005.6214228858759
80.0,1093.0,3.0744603929492226e-25,4.247722833902769e-23,3.314868524267295e-23,6.232538218628424e-05,1005.6214228858759
80.0,1093.5,2.761394286698376e-25,3.9110149114490944e-23,3.028501800820572e-23,5.683710865785849e-05,1005.6214228858759
80.0,1094.0,2.4798843422896005e-25,3.5957513838429484e-23,2.766470756201084e-23,5.182461518094234e-05,1005.6214228858759
80.0,1094.5,2.2267832512300965e-25,3.3010831212059504e-23,2.5267431064561747e-23,4.724733490124253e-05,1005.6214228858759
80.0,1095.0,1.9992540724894634e-25,3.026144585352892e-23,2.3074530412321244e-23,4.3068097247110065e-05,1005.6214228858759
80.0,1095.5,1.7947399106586528e-25,2.770059509590254e-23,2.1068877751126916e-23,3.92528473926411e-05,1005.6214228858759
80.0,1096.0,1.6109370453753872e-25,2.531946894059085e-23,1.9234757832073745e-23,3.577039998654559e-05,1005.6214228858759
80.0,1096.5,1.4457697863828038e-25,2.3109257389004345e-23,1.7557749575467187e-23,3.259219398946977e-05,1005.6214228858759
80.0,1097.0,1.2973681635569791e-25,2.106120566281688e-23,1.6024621609938085e-23,2.9692075980264438e-05,1005.6214228858759
80.0,1097.5,1.1640477123462333e-25,1.9166648913845509e-23,1.4623235296502996e-23,2.7046099577030298e-05,1005.6214228858759
80.0,1098.0,1.0442918476602795e-25,1.7417057977982983e-23,1.3342463438227693e-23,2.4632355918463014e-05,1005.6214228858759
80.0,1098.5,9.367344842784043e-26,1.580407408507758e-23,1.2172097044818528e-23,2.2430783902281344e-05,1005.6214228858759
80.0,1099.0,8.401457387455613e-26,1.4319532524760263e-23,1.1102776997191981e-23,2.0423028221805597e-05,1005.6214228858759
80.0,1099.5,7.534184324553216e-26,1.2955498934046319e-23,1.0125923784410861e-23,1.8592295343797617e-05,1005.6214228858759
80.0,1100.0,6.75556012217261e-26,1.1704285863414365e-23,9.233674179462821e-24,1.6923223711218977e-05,1005.6214228858759
80.0,1100.5,6.056615801599985e-26,1.0558474864911708e-23,8.418822059716972e-24,1.5401762885653104e-05,1005.6214228858759
80.0,1101.0,5.429279097103633e-26,9.510927536207001e-24,7.674762722954318e-24,1.4015060337067872e-05,1005.6214228858759
80.0,1101.5,4.8662884824212365e-26,8.554802875530168e-24,6.995447429704071e-24,1.2751368058787965e-05,1005.6214228858759
80.0,1102.0,4.361109662437478e-26,7.68356043711602e-24,6.3753332351473075e-24,1.1599941584301644e-05,1005.6214228858759
80.0,1102.5,3.907866239706044e-26,6.890971375256934e-24,5.8093453997402796e-24,1.0550962907710709e-05,1005.6214228858759
80.0,1103.0,3.501272229864371e-26,6.171116077720131e-24,5.2928356894498326e-24,9.595456753848279e-06,1005.6214228858759
80.0,1103.5,3.13657443780971e-26,5.518390082204467e-24,4.8215487596442444e-24,8.725222352999857e-06,1005.6214228858759
80.0,1104.0,2.809498531660688e-26,4.927498159883646e-24,4.39158832253144e-24,7.932765535059177e-06,1005.6214228858759
80.0,1104.5,2.5162022041410533e-26,4.393451948823505e-24,3.999388777657588e-24,7.211241383177032e-06,1005.6214228858759
80.0,1105.0,2.2532312613769494e-26,3.9115660096774826e-24,3.641686535255253e-24,6.554396931281819e-06,1005.6214228858759
80.0,1105.5,2.0174812583724186e-26,3.477449148216665e-24,3.315495567120335e-24,5.95652205468712e-06,1005.6214228858759
80.0,1106.0,1.8061623700472201e-26,3.0869975127968676e-24,3.018084080957849e-24,5.412402886459619e-06,1005.6214228858759
80.0,1106.5,1.616767343762553e-26,2.7363845363820887e-24,2.746952415105688e-24,4.917277903566578e-06,1005.6214228858759
80.0,1107.0,1.447044228153043e-26,2.4220512729984246e-24,2.499815437906644e-24,4.4668025199203535e-06,1005.6214228858759
80.0,1107.5,1.294969718256316e-26,2.1406953536813936e-24,2.2745828724939765e-24,4.057010346162689e-06,1005.6214228858759
80.0,1108.0,1.1587264295396496e-26,1.8892601396384897e-24,2.069343385473556e-24,3.684281554956826e-06,1005.6214228858759
80.0,1108.5,1.0366823289681706e-26,1.6649224949051543e-24,1.8823498366940046e-24,3.3453136383468334e-06,1005.6214228858759
80.0,1109.0,9.273720920029907e-27,1.4650809534311944e-24,1.712005544720591e-24,3.0370942706858895e-06,1005.6214228858759
80.0,1109.5,8.294798462689075e-27,1.287343886167206e-24,1.5568508086813128e-24,2.756874907425476e-06,1005.6214228858759
80.0,1110.0,7.418245344868245e-27,1.1295171751129301e-24,1.4155521924621602e-24,2.5021495414521663e-06,1005.6214228858759
80.0,1110.5,6.63345893703758e-27,9.895926762265139e-25,1.2868911265619039e-24,2.2706324753982055e-06,1005.6214228858759
80.0,1111.0,5.9309243748998255e-27,8.657359920804783e-25,1.1697545814710736e-24,2.060239973647733e-06,1005.6214228858759
80.0,1111.5,5.302104011011516e-27,7.562750826824015e-25,1.0631260682853714e-24,1.8690726796979472e-06,1005.6214228858759
80.0,1112.0,4.739337266425854e-27,6.596893200298564e-25,9.660772459230318e-25,1.695399280437511e-06,1005.6214228858759
80.0,1112.5,4.2357520379152795e-27,5.74598493361546e-25,8.77760524768726e-25,1.537642085422987e-06,1005.6214228858759
80.0,1113.0,3.785183423727808e-27,4.997523074465013e-25,7.974019637196183e-25,1.3943632685660451e-06,1005.6214228858759
80.0,1113.5,3.382102849365081e-27,4.340207683417999e-25,7.242952202688798e-25,1.2642530905669405e-06,1005.6214228858759
80.0,1114.0,3.021553163743241e-27,3.7638437193505693e-25,6.577957733584412e-25,1.1461187183944512e-06,1005.6214228858759
80.0,1114.5,2.699088742771659e-27,3.259252046073376e-25,5.973152913297155e-25,1.0388734128529624e-06,1005.6214228858759
80.0,1115.0,2.410724644802402e-27,2.8181863554175e-25,5.42317122261742e-25,9.415277768665794e-07,1005.6214228858759
80.0,1115.5,2.152888462381628e-27,2.4332503368393947e-25,4.923116314086941e-25,8.531808290863504e-07,1005.6214228858759
80.0,1116.0,1.9223789147557747e-27,2.0978247077871574e-25,4.468523483750769e-25,7.730125707185892e-07,1005.6214228858759
80.0,1116.5,1.7163267514936953e-27,1.805996709257124e-25,4.0553201077869186e-25,7.002764502980488e-07,1005.6214228858759
80.0,1117.0,1.5321611450091242e-27,1.5524945317311214e-25,3.6797928961545286e-25,6.342930815414108e-07,1005.6214228858759
80.0,1117.5,1.3675790682745632e-27,1.332626794753898e-25,3.3385569722438925e-25,5.744443401942114e-07,1005.6214228858759
80.0,1118.0,1.2205172725405897e-27,1.1422268336316886e-25,3.028526318329908e-25,5.201677563974896e-07,1005.6214228858759
80.0,1118.5,1.0891280206185592e-27,9.77600622286522e-26,2.746888924707705e-25,4.709517714461585e-07,1005.6214228858759
80.0,1119.0,9.71756553500254e-28,8.354798113804538e-26,2.491082249522325e-25,4.2633109658028325e-07,1005.6214228858759
80.0,1119.5,8.669209643899653e-28,7.129774781491663e-26,2.2587709967437826e-25,3.8588251571594483e-07,1005.6214228858759
80.0,1120.0,7.732946727419993e-28,6.075485600971905e-26,2.0478281956223836e-25,3.4922129448983157e-07,1005.6214228858759
80.0,1120.5,6.896902464491438e-28,5.169535242554345e-26,1.8563167782599283e-25,3.159977110420366e-07,1005.6214228858759
80.0,1121.0,6.1504462033034575e-28,4.3922530281589885e-26,1.6824720069313903e-25,2.858937669459009e-07,1005.6214228858759
80.0,1121.5,5.484066257343211e-28,3.726392178096652e-26,1.5246875470645748e-25,2.586205504557706e-07,1005.6214228858759
80.0,1122.0,4.88925049773899e-28,3.1568586401327874e-26,1.3815007145432123e-25,2.339154870148567e-07,1005.6214228858759
80.0,1122.5,4.358382834525718e-28,2.670465803049769e-26,1.2515799651884958e-25,2.1153999708157964e-07,1005.6214228858759
80.0,1123.0,3.884650531266366e-28,2.2557152487820223e-26,1.1337135284032628e-25,1.9127737108045664e-07,1005.6214228858759
80.0,1123.5,3.461960186358137e-28,1.902597226073787e-26,1.0267987778009714e-25,1.7293079031275197e-07,1005.6214228858759
80.0,1124.0,3.0848616587996577e-28,1.60241423529621e-26,9.298323004190052e-26,1.5632148565840257e-07,1005.6214228858759
80.0,1124.5,2.7484816236078997e-28,1.347621869596743e-26,8.419013485487522e-26,1.412871472454998e-07,1005.6214228858759
80.0,1125.0,2.4484624235424435e-28,1.1316879138644085e-26,7.621755641689311e-26,1.2768039610581882e-07,1005.6214228858759
80.0,1125.5,2.180909346773252e-28,9.489659266882517e-27,6.899000683545707e-26,1.1536749979390298e-07,1005.6214228858759
80.0,1126.0,1.9423400712196303e-28,7.945842297553462e-27,6.243881261735785e-26,1.0422703029981544e-07,1005.6214228858759
80.0,1126.5,1.729642895944556e-28,6.643463757912682e-27,5.650155595652306e-26,9.414882703868869e-08,1005.6214228858759
80.0,1127.0,1.5400368984789557e-28,5.546443276382024e-27,5.112148873453362e-26,8.503292505638912e-08,1005.6214228858759
80.0,1127.5,1.3710373884533262e-28,4.623809203153819e-27,4.624703453288767e-26,7.67886403761178e-08,1005.6214228858759
80.0,1128.0,1.220424731606762e-28,3.849023764338367e-27,4.1831327315324735e-26,6.93337254923534e-08,1005.6214228858759
80.0,1128.5,1.0862160626908943e-28,3.1993858310881812e-27,3.78317782339373e-26,6.259358004693301e-08,1005.6214228858759
80.0,1129.0,9.666403687512379e-29,2.6555103407340197e-27,3.4209694528010677e-26,5.650055563145557e-08,1005.6214228858759
80.0,1129.5,8.601162807475185e-29,2.2008716587950744e-27,3.0929936068980416e-26,5.099332977070547e-08,1005.6214228858759
80.0,1130.0,7.65231610548014e-29,1.8214060670384462e-27,2.796058169662997e-26,4.601630242193133e-08,1005.6214228858759
80.0,1130.5,6.807257166335017e-29,1.505165192385654e-27,2.5272649456409637e-26,4.151908720743064e-08,1005.6214228858759
80.0,1131.0,6.054731938780408e-29,1.2420152729518178e-27,2.2839822693017666e-26,3.7456017446956704e-08,1005.6214228858759
80.0,1131.5,5.384696096303228e-29,1.0233755204627151e-27,2.063821261016323e-26,3.378571694141876e-08,1005.6214228858759
80.0,1132.0,4.7881853377920146e-29,8.419929790442808e-28,1.86461342660466e-26,3.047069709610546e-08,1005.6214228858759
80.0,1132.5,4.2572019382261465e-29,6.917468988885062e-28,1.684391251321489e-26,2.7477007008878703e-08,1005.6214228858759
80.0,1133.0,3.7846094243820075e-29,5.674810359035322e-28,1.521369035098657e-26,2.4773891056106816e-08,1005.6214228858759
80.0,1133.5,3.3640416950137364e-29,4.648585328923389e-28,1.373926732587316e-26,2.233349882268832e-08,1005.6214228858759
80.0,1134.0,2.9898208679040364e-29,3.8023810633144623e-28,1.2405949113909781e-26,2.013061613366294e-08,1005.6214228858759
80.0,1134.5,2.656883552858492e-29,3.1056734985199492e-28,1.1200409552122603e-26,1.8142418993795814e-08,1005.6214228858759
80.0,1135.0,2.360713895547346e-29,2.5329187849461987e-28,1.0110560607718298e-26,1.6348242870971173e-08,1005.6214228858759
80.0,1135.5,2.0972862509969982e-29,2.0627761743619418e-28,9.12544469324105e-27,1.4729390402530309e-08,1005.6214228858759
80.0,1136.0,1.8630116186634277e-29,1.677445138885558e-28,8.235126887918564e-27,1.32689409060813e-08,1005.6214228858759
80.0,1136.5,1.6546911492796288e-29,1.3621026383294493e-28,7.430602775052521e-27,1.1951586949949999e-08,1005.6214228858759
80.0,1137.0,1.4694737142115238e-29,1.1044262117975617e-28,6.703710736300373e-27,1.0763479742299589e-08,1005.6214228858759
80.0,1137.5,1.3048187410285675e-29,8.94188208320227e-29,6.047055498092503e-27,9.692094129552217e-09,1005.6214228858759
80.0,1138.0,1.1584628106562743e-29,7.229137537331009e-29,5.453937772316589e-27,8.726104718028863e-09,1005.6214228858759
80.0,1138.5,1.028389263794283e-29,5.835921019267498e-29,4.918287664217551e-27,7.855269271906357e-09,1005.6214228858759
80.0,1139.0,9.128017193796219e-30,4.7043288433806253e-29,4.434607195358521e-27,7.0703278303823076e-09,1005.6214228858759
80.0,1139.5,8.101004518522342e-30,3.786616002642816e-29,3.997918261442186e-27,6.362911499369086e-09,1005.6214228858759
80.0,1140.0,7.188607996747426e-30,3.043478178934326e-29,3.603712921278667e-27,5.725455872720325e-09,1005.6214228858759
80.0,1140.5,6.378142821911973e-30,2.4426119599465366e-29,3.2479101236189616e-27,5.151125543723509e-09,1005.6214228858759
80.0,1141.0,5.6583163489260536e-30,1.9575105311136025e-29,2.9268158739797938e-27,4.633744828750016e-09,1005.6214228858759
80.0,1141.5,5.019074997785048e-30,1.5664591827758347e-29,2.6370861686732668e-27,4.167733567220302e-09,1005.6214228858759
80.0,1142.0,4.451472222044172e-30,1.2516975306538911e-29,2.375695713092537e-27,3.748052698883068e-09,1005.6214228858759
80.0,1142.5,3.9475458812477904e-30,9.98723021339982e-30,2.139907019509196e-27,3.370150989766496e-09,1005.6214228858759
80.0,1143.0,3.500210659686436e-30,7.957122505348925e-30,1.92724327271495e-27,3.029918222293565e-09,1005.6214228858759
80.0,1143.5,3.103163650690548e-30,6.330418127426781e-30,1.7354645570710727e-27,2.7236441351356864e-09,1005.6214228858759
80.0,1144.0,2.7507980283253476e-30,5.028912662987306e-30,1.562545133778827e-27,2.4479794238565807e-09,1005.6214228858759
80.0,1144.5,2.438126499198714e-30,3.9891572527923226e-30,1.4066530403206081e-27,2.199900768331719e-09,1005.6214228858759
80.0,1145.0,2.160713970144769e-30,3.159755898400152e-30,1.2661321054808693e-27,1.976679985414275e-09,1005.6214228858759
80.0,1145.5,1.91461661059673e-30,2.4991438718821012e-30,1.1394851176387249e-27,1.7758552908440636e-09,1005.6214228858759
80.0,1146.0,1.6963282500445118e-30,1.973759963166262e-30,1.025358975737797e-27,1.5952059364554806e-09,1005.6214228858759
80.0,1146.5,1.5027317595883784e-30,1.5565488061950126e-30,9.225307212633152e-28,1.4327284719118945e-09,1005.6214228858759
80.0,1147.0,1.3310566401027632e-30,1.2257346972577879e-30,8.298954202956348e-28,1.2866161147279912e-09,1005.6214228858759
80.0,1147.5,1.1788407481402086e-30,9.638192274482475e-31,7.464548903666864e-28,1.155239636004154e-09,1005.6214228858759
80.0,1148.0,1.0438960655358672e-30,7.567632326356507e-31,6.713073937450069e-28,1.037129932275364e-09,1005.6214228858759
80.0,1148.5,9.242785127125758e-31,5.93321134523873e-31,6.036384853988857e-28,9.30962554161367e-10,1005.6214228858759
80.0,1149.0,8.18261241449202e-31,4.644991788149988e-31,5.427128425817801e-28,8.355439023783058e-10,1005.6214228858759
80.0,1149.5,7.24310231617923e-31,3.6311603542098473e-31,4.878664582348321e-28,7.497981220440083e-10,1005.6214228858759
80.0,1150.0,6.410630852661356e-31,2.8344660016547294e-31,4.384999088962009e-28,6.727557777836848e-10,1005.6214228858759
140.0,880.0,1.9120410620746884e-22,0.0,4.6312825901043e-24,2.2801738809385693e-05,1000.9603125472845
140.0,880.5,1.9493832129729546e-22,0.0,4.829039943542585e-24,2.3721422579771338e-05,1000.9603125472845
140.0,881.0,1.9867294028390554e-22,0.0,5.033275778110174e-24,2.4668597931810928e-05,1000.9603125472845
140.0,881.5,2.0240523686401061e-22,0.0,5.2441019311991716e-24,2.564361404508183e-05,1000.9603125472845
140.0,882.0,2.0613248473432233e-22,0.0,5.461628428475438e-24,2.664680744391718e-05,1000.9603125472845
140.0,882.5,2.0985188186090525e-22,0.0,5.685961192812136e-24,2.7678490973438644e-05,1000.9603125472845
140.0,883.0,2.13560651453373e-22,0.0,5.917204359281688e-24,2.873896529690413e-05,1000.9603125472845
140.0,883.5,2.1725597885601584e-22,0.0,6.155458293008326e-24,2.9828509415010354e-05,1000.9603125472845
140.0,884.0,2.2093504941312387e-22,0.0,6.400820282564173e-24,3.0947384250465675e-05,1000.9603125472845
140.0,884.5,2.2459506109076176e-22,0.0,6.653384612662787e-24,3.2095833190929665e-05,1000.9603125472845
140.0,885.0,2.2823313612434727e-22,0.0,6.913239614744565e-24,3.3274068079920526e-05,1000.9603125472845
140.0,885.5,2.3184652296704297e-22,0.0,7.180473335803538e-24,3.448229678518196e-05,1000.9603125472845
140.0,886.0,2.3543239434136457e-22,0.0,7.455167228230526e-24,3.5720692999654e-05,1000.9603125472845
140.0,886.5,2.389879482133767e-22,0.0,7.737398798957942e-24,3.698940928192984e-05,1000.9603125472845
140.0,887.0,2.4251045827979096e-22,0.0,8.027242993783194e-24,3.828858388939115e-05,1000.9603125472845
140.0,887.5,2.459971729937699e-22,0.0,8.324768669468374e-24,3.961832414250478e-05,1000.9603125472845
140.0,888.0,2.494453660520251e-22,0.0,8.630039848610703e-24,4.097871272495269e-05,1000.9603125472845
140.0,888.5,2.528524373690129e-22,0.0,8.943118970748598e-24,4.236982335806075e-05,1000.9603125472845
140.0,889.0,2.5621571112854287e-22,0.0,9.264059656431937e-24,4.379168669246074e-05,1000.9603125472845
140.0,889.5,2.5953266297571824e-22,0.0,9.59291437099922e-24,4.524432693346401e-05,1000.9603125472845
140.0,890.0,2.628007685556424e-22,0.0,9.929728864225256e-24,4.672773574479791e-05,1000.9603125472845
140.0,890.5,2.6601757924406533e-22,0.0,1.0274544642244324e-23,4.8241884217868135e-05,1000.9603125472845
140.0,891.0,2.691807221473844e-22,0.0,1.0627398820080222e-23,4.978672241058828e-05,1000.9603125472845
140.0,891.5,2.722879001026434e-22,0.0,1.098832397512206e-23,5.1362178897995275e-05,1000.9603125472845
140.0,892.0,2.753368411904353e-22,0.0,1.1357345919316026e-23,5.2968150623446426e-05,1000.9603125472845
140.0,892.5,2.78325424952647e-22,0.0,1.173448864669621e-23,5.460452627663999e-05,1000.9603125472845
140.0,893.0,2.8125158141826314e-22,0.0,1.211977018337975e-23,5.627116712037386e-05,1000.9603125472845
140.0,893.5,2.8411334159046427e-22,0.0,1.2513204556429757e-23,5.796791642096123e-05,1000.9603125472845
140.0,894.0,2.8690878695952894e-22,0.0,1.2914799506859432e-23,5.9694589082354634e-05,1000.9603125472845
140.0,894.5,2.8963615047702933e-22,0.0,1.3324560881127864e-23,6.145099222049677e-05,1000.9603125472845
140.0,895.0,2.9229374082518477e-22,0.0,1.3742489323391777e-23,6.323691003510348e-05,1000.9603125472845
140.0,895.5,2.948799929039593e-22,0.0,1.4168582591035647e-23,6.505211470257009e-05,1000.9603125472845
140.0,896.0,2.9739344258751274e-22,0.0,1.4602834475981768e-23,6.68963615753081e-05,1000.9603125472845
140.0,896.5,2.9983270148065197e-22,0.0,1.5045233585183664e-23,6.876938380232563e-05,1000.9603125472845
140.0,897.0,3.0219655789302656e-22,0.0,1.5495768441839992e-23,7.067091584932182e-05,1000.9603125472845
140.0,897.5,3.04483875864933e-22,0.0,1.5954422691438964e-23,7.260067167781438e-05,1000.9603125472845
140.0,898.0,3.066936456544126e-22,0.0,1.642117776726009e-23,7.455835708432164e-05,1000.9603125472845
140.0,898.5,3.0882500898080043e-22,0.0,1.6896014538120425e-23,7.654367726533025e-05,1000.9603125472845
140.0,899.0,3.1087718329407863e-22,0.0,1.7378909520442343e-23,7.855631971143743e-05,1000.9603125472845
140.0,899.5,3.1284961323616975e-22,0.0,1.7869843553924654e-23,8.059599354250731e-05,1000.9603125472845
140.0,900.0,3.147417686925456e-22,2.7902032620909843e-36,1.836879099320588e-23,8.266238063877366e-05,1000.9603125472845
140.0,900.5,3.1655339722771654e-22,6.570580072349092e-36,1.8875734530065396e-23,8.475520250684788e-05,1000.9603125472845
140.0,901.0,3.182842716497418e-22,1.5302838580590824e-35,1.939065121323672e-23,8.687415721674388e-05,1000.9603125472845
140.0,901.5,3.1993449293281725e-22,3.524850389536729e-35,1.9913531132779358e-23,8.901900319510853e-05,1000.9603125472845
140.0,902.0,3.2150431351243258e-22,8.029893745963205e-35,2.0444368052780055e-23,9.118951678500236e-05,1000.9603125472845
140.0,902.5,3.2299438972086092e-22,1.8091697206001148e-34,2.0983176590126362e-23,9.338556850942671e-05,1000.9603125472845
140.0,903.0,3.2440603422264863e-22,4.031338590690842e-34,2.1530011574221293e-23,9.56072080060468e-05,1000.9603125472845
140.0,903.5,3.25741973321084e-22,8.884226509751534e-34,2.2085023972250134e-23,9.785490984522442e-05,1000.9603125472845
140.0,904.0,3.2700803827597853e-22,1.9363789871400924e-33,2.264858842796451e-23,0.00010013013268348958,1000.9603125472845
140.0,904.5,3.2821710329730543e-22,4.174087502247832e-33,2.3221605519400457e-23,0.0001024366417129344,1000.9603125472845
140.0,905.0,3.2939774408249545e-22,8.898835333138364e-33,2.3806182556190778e-23,0.00010478347968688693,1000.9603125472845
140.0,905.5,3.3061198403136055e-22,1.876312474775821e-32,2.4407069226710403e-23,0.00010719121363569041,1000.9603125472845
140.0,906.0,3.3199015558721787e-22,3.912709353844788e-32,2.503456005308986e-23,0.00010970452635646444,1000.9603125472845
140.0,906.5,3.337948673899718e-22,8.069571235344066e-32,2.5709993123456657e-23,0.00011241599285292473,1000.9603125472845
140.0,907.0,3.3653083895767e-22,1.6459767958829719e-31,2.6475524392306674e-23,0.00011550819471744054,1000.9603125472845
140.0,907.5,3.411200404292369e-22,3.32045321720276e-31,2.7410325874601755e-23,0.00011932324010819655,1000.9603125472845
140.0,908.0,3.491575864203527e-22,6.624780062505458e-31,2.8655341637565785e-23,0.00012446853280983233,1000.9603125472845
140.0,908.5,3.632485859408705e-22,1.3072117842161071e-30,3.044774139850426e-23,0.000131963166955093,1000.9603125472845
140.0,909.0,3.873920715310558e-22,2.5510612255782587e-30,3.3163383682816166e-23,0.0001434170140939554,1000.9603125472845
140.0,909.5,4.273261795501628e-22,4.923752374125456e-30,3.736065630552151e-23,0.00016121337013413916,1000.9603125472845
140.0,910.0,4.906831960541901e-22,9.398790154598527e-30,4.3811994028653555e-23,0.00018863610666300487,1000.9603125472845
140.0,910.5,5.867489857742242e-22,1.7743860402272495e-29,5.350211921969708e-23,0.0002298521434190816,1000.9603125472845
140.0,911.0,7.256110728258987e-22,3.31302471356658e-29,6.75677291165245e-23,0.0002896431012057744,1000.9603125472845
140.0,911.5,9.165537820838135e-22,6.117890403894157e-29,8.715657546962308e-23,0.00037279565292825046,1000.9603125472845
140.0,912.0,1.1657416386928255e-21,1.11732392389388e-28,1.1319866626663957e-22,0.0004831247987484249,1000.9603125472845
140.0,912.5,1.4735072516541248e-21,2.0181660998013433e-28,1.4610938275181588e-22,0.0006222200297582648,1000.9603125472845
140.0,913.0,1.8318593211583033e-21,3.605247929773089e-28,1.8547903268531196e-22,0.000788150373846799,1000.9603125472845
140.0,913.5,2.2230246721712125e-21,6.36962377172953e-28,2.2983381450863433e-22,0.0009744893384443662,1000.9603125472845
140.0,914.0,2.6198169112230774e-21,1.1129940481929086e-27,2.7656524451519074e-22,0.0011700655507227023,1000.9603125472845
140.0,914.5,2.988292956527598e-21,1.923411983577944e-27,3.2210461473762904e-22,0.0013597512959996293,1000.9603125472845
140.0,915.0,3.2925665788731844e-21,3.287397555465772e-27,3.623644368564573e-22,0.0015263655872982333,1000.9603125472845
140.0,915.5,3.500940968434821e-21,5.556899150050103e-27,3.933898468508358e-22,0.0016534349980573263,1000.9603125472845
140.0,916.0,3.591981726810373e-21,9.289947264997359e-27,4.1208800973599596e-22,0.001728245590121755,1000.9603125472845
140.0,916.5,3.558980532323131e-21,1.5360112523016493e-26,4.168589533271008e-22,0.0017444423851554806,1000.9603125472845
140.0,917.0,3.411591325891673e-21,2.5117471429936967e-26,4.07960731237858e-22,0.0017034853093402605,1000.9603125472845
140.0,917.5,3.1741862491727274e-21,4.062168049064856e-26,3.8750900371138646e-22,0.001614562568687117,1000.9603125472845
140.0,918.0,2.8813810740454697e-21,6.497409705022111e-26,3.5911068881404376e-22,0.0014929834066003973,1000.9603125472845
140.0,918.5,2.5719373709230353e-21,1.0278341753953479e-25,3.2723254319369924e-22,0.0013574918122178268,1000.9603125472845
140.0,919.0,2.282588138623566e-21,1.608074836144116e-25,2.9647109807927576e-22,0.0012272066221826904,1000.9603125472845
140.0,919.5,2.043166405264739e-21,2.48822629984328e-25,2.708990667765235e-22,0.0011189171961343693,1000.9603125472845
140.0,920.0,1.8738694334009134e-21,3.807798309432385e-25,2.5361931999487035e-22,0.0010452697885167464,1000.9603125472845
140.0,920.5,1.7847924211866092e-21,5.763129346276242e-25,2.4658136109356286e-22,0.00101405718811155,1000.9603125472845
140.0,921.0,1.7772752962009985e-21,8.626671259439423e-25,2.506380868405688e-22,0.0010285038454427204,1000.9603125472845
140.0,921.5,1.8462750032056355e-21,1.2771106838970658e-24,2.6576568352898038e-22,0.00108821552716301,1000.9603125472845
140.0,922.0,1.982959935133096e-21,1.8698821659321882e-24,2.913512858205138e-22,0.001190393724307708,1000.9603125472845
140.0,922.5,2.176918642647401e-21,2.7076987928550845e-24,3.264645554583889e-22,0.001330968909743799,1000.9603125472845
140.0,923.0,2.417680101637008e-21,3.8778130181257904e-24,3.7006147859723596e-22,0.0015054434601230718,1000.9603125472845
140.0,923.5,2.695513428846091e-21,5.492547393379879e-24,4.211028030505075e-22,0.0017093771998785915,1000.9603125472845
140.0,924.0,3.0016615361637766e-21,7.694158783377665e-24,4.785974057872375e-22,0.0019385625967968856,1000.9603125472845
140.0,924.5,3.3282266258860295e-21,1.06597969484392e-23,5.415940850336027e-22,0.002188989227735713,1000.9603125472845
140.0,925.0,3.667923207832562e-21,1.4606195111386716e-23,6.091497752495983e-22,0.002456713606035661,1000.9603125472845
140.0,925.5,4.0138442431091996e-21,1.9793641872202413e-23,6.802955755529625e-22,0.002737721885979475,1000.9603125472845
140.0,926.0,4.359323819201501e-21,2.652862231433913e-23,7.540150234084282e-22,0.00302784351423677,1000.9603125472845
140.0,926.5,4.697918974619502e-21,3.516447512585442e-23,8.29240691178678e-22,0.0033227394218562256,1000.9603125472845
140.0,927.0,5.023498556190081e-21,4.6099264252688235e-23,9.048697509711783e-22,0.0036179662189593864,1000.9603125472845
140.0,927.5,5.3304007388025106e-21,5.977013538774698e-23,9.79794194695588e-22,0.003909098038763198,1000.9603125472845
140.0,928.0,5.613627703658094e-21,7.66434283883175e-23,1.052941743682077e-21,0.004191889369521079,1000.9603125472845
140.0,928.5,5.869036277551964e-21,9.719994450980114e-23,1.1233208081106164e-21,0.004462451871220898,1000.9603125472845
140.0,929.0,6.093495048721852e-21,1.2191509550989475e-22,1.190063946655905e-21,0.004717422955944488,1000.9603125472845
140.0,929.5,6.284993418979631e-21,1.5123398826576026e-22,1.2524663232088667e-21,0.004954112386324737,1000.9603125472845
140.0,930.0,6.4426767427314685e-21,1.8554178884753725e-22,1.3100128299547954e-21,0.005170602223168657,1000.9603125472845
140.0,930.5,6.566817246409429e-21,2.2513057773854924e-22,1.3623939739253668e-21,0.005365801195347632,1000.9603125472845
140.0,931.0,6.658711438688458e-21,2.701641098409456e-22,1.4095067782936469e-21,0.005539439436719109,1000.9603125472845
140.0,931.5,6.720518147876222e-21,3.206425997248926e-22,1.4514415492231017e-21,0.005692007818130691,1000.9603125472845
140.0,932.0,6.75505051506961e-21,3.763701826939547e-22,1.4884555060062944e-21,0.005824646610728562,1000.9603125472845
140.0,932.5,6.765540522329974e-21,4.369277148610826e-22,1.5209357821560837e-21,0.005938994036947087,1000.9603125472845
140.0,933.0,6.755393019541994e-21,5.016541938965735e-22,1.5493544881518635e-21,0.0060370058027752905,1000.9603125472845
140.0,933.5,6.727951868176045e-21,5.696389587714404e-22,1.5742203950075261e-21,0.006120763783611884,1000.9603125472845
140.0,934.0,6.686289914960789e-21,6.397279249140066e-22,1.596030003396389e-21,0.006192284765746176,1000.9603125472845
140.0,934.5,6.633044605892306e-21,7.105446625732933e-22,1.6152236820954922e-21,0.006253351261109198,1000.9603125472845
140.0,935.0,6.570302471754018e-21,7.805268485037287e-22,1.6321488397745418e-21,0.0063053716662906855,1000.9603125472845
140.0,935.5,6.499536120218469e-21,8.479782676760193e-22,1.6470324254425655e-21,0.006349278187591193,1000.9603125472845
140.0,936.0,6.421597773498789e-21,9.111335882237996e-22,1.6599654193663921e-21,0.006385472217094006,1000.9603125472845
140.0,936.5,6.336763696994869e-21,9.682327794259876e-22,1.670899718123913e-21,0.00641381800781551,1000.9603125472845
140.0,937.0,6.244814170856504e-21,1.0176018910634786e-21,1.6796551197461341e-21,0.006433675143826166,1000.9603125472845
140.0,937.5,6.145149004463452e-21,1.0577339842371344e-21,1.6859378053532832e-21,0.006443974564313754,1000.9603125472845
140.0,938.0,6.036917187292932e-21,1.0873651649372716e-21,1.6893658279029462e-21,0.00644332036708217,1000.9603125472845
140.0,938.5,5.919154213826014e-21,1.1055408231161515e-21,1.6895005369804043e-21,0.00643011292545051,1000.9603125472845
140.0,939.0,5.7909145616925855e-21,1.1116666246568928e-21,1.6858808629862593e-21,0.006402681309262148,1000.9603125472845
140.0,939.5,5.651388013945e-21,1.1055408231161515e-21,1.6780571984399866e-21,0.006359412499510637,1000.9603125472845
140.0,940.0,5.499999825460375e-21,1.0873651649372716e-21,1.6656245033069424e-21,0.006298876023973125,1000.9603125472845
140.0,940.5,5.336480597084133e-21,1.0577339842371344e-21,1.6482498587892379e-21,0.006219926051460737,1000.9603125472845
140.0,941.0,5.160912319863319e-21,1.0176018910634786e-21,1.625695450235558e-21,0.0061217849637139965,1000.9603125472845
140.0,941.5,4.973747762092208e-21,9.682327794259876e-22,1.5978352125013044e-21,0.006004102034359625,1000.9603125472845
140.0,942.0,4.775803603066982e-21,9.111335882237996e-22,1.5646642158714538e-21,0.005866984121850344,1000.9603125472845
140.0,942.5,4.568234179794807e-21,8.479783686502151e-22,1.5263019677373184e-21,0.005711003184804105,1000.9603125472845
140.0,943.0,4.352487866141218e-21,7.805268989908267e-22,1.4829894307661018e-21,0.005537180217343464,1000.9603125472845
140.0,943.5,4.1302505272804315e-21,7.1054471306039125e-22,1.435080442111317e-21,0.005346948504006442,1000.9603125472845
140.0,944.0,3.9033825117971256e-21,6.397279754011045e-22,1.3830291141225945e-21,0.005142102377908082,1000.9603125472845
140.0,944.5,3.673851200923598e-21,5.696390092585383e-22,1.3273735022080832e-21,0.004924732759210231,1000.9603125472845
140.0,945.0,3.443665981157627e-21,5.016542948707695e-22,1.2687176962597115e-21,0.0046971576568019925,1000.9603125472845
140.0,945.5,3.2148138227255093e-21,4.369278663223764e-22,1.2077116041870238e-21,0.004461845009874134,1000.9603125472845
140.0,946.0,2.9892051574130723e-21,3.7637038464234646e-22,1.1450319990024849e-21,0.004221341154198939,1000.9603125472845
140.0,946.5,2.7686244012097012e-21,3.2064285216038226e-22,1.081362983695801e-21,0.0039781980450493085,1000.9603125472845
140.0,947.0,2.5546897665783814e-21,2.701644380070822e-22,1.0173778149440431e-21,0.003734906385922243,1000.9603125472845
140.0,947.5,2.3488253935776384e-21,2.251310068788817e-22,9.537236717687238e-22,0.003493840391473327,1000.9603125472845
140.0,948.0,2.152238529693274e-21,1.8554235682738901e-22,8.910069145897471e-22,0.00325720504470285,1000.9603125472845
140.0,948.5,1.96590983631556e-21,1.5123473295045482e-22,8.297824322627429e-22,0.0030269989392687265,1000.9603125472845
140.0,949.0,1.790589147823016e-21,1.2191608000830447e-22,7.7054444565637905e-22,0.0028049829017492436,1000.9603125472845
140.0,949.5,1.6267998134728266e-21,9.720121930902397e-23,7.137204130327387e-22,0.002592660287895846,1000.9603125472845
140.0,950.0,1.4748490977430187e-21,7.664510077343657e-23,6.596673890784344e-22,0.002391266433662345,1000.9603125472845
140.0,950.5,1.334843023539254e-21,5.977231895473264e-23,6.086704645102545e-22,0.0022017657781347334,1000.9603125472845
140.0,951.0,1.2067061631372197e-21,4.6102113618277893e-23,5.609438114230563e-22,0.0020248584419915246,1000.9603125472845
140.0,951.5,1.0902026408153666e-21,3.516819854932707e-23,5.166329075198624e-22,0.0018609909829430404,1000.9603125472845
140.0,952.0,9.849602656877243e-22,2.6533484852958914e-23,4.758189937369961e-22,0.0017103750568911089,1000.9603125472845
140.0,952.5,8.904937557689502e-22,1.979999378021125e-23,4.385240380257329e-22,0.0015730076722959999,1000.9603125472845
140.0,953.0,8.0622942616521835e-22,1.4614501816718693e-23,4.047174064223485e-22,0.0014486973125869271,1000.9603125472845
140.0,953.5,7.315273024231156e-22,1.0670669818295863e-23,3.743223449759913e-22,0.0013370890650523137,1000.9603125472845
140.0,954.0,6.657029309559488e-22,7.708414288795914e-24,3.472233589654811e-22,0.0012376926416284516,1000.9603125472845
140.0,954.5,6.080468670635473e-22,5.511271401395752e-24,3.2327346810180335e-22,0.001149909614632856,1000.9603125472845
140.0,955.0,5.578418405455605e-22,3.902462554831232e-24,3.0230124710009664e-22,0.0010730595553735003,1000.9603125472845
140.0,955.5,5.14377800856643e-22,2.7402345720300202e-24,2.8411766399956994e-22,0.0010064051336823217,1000.9603125472845
140.0,956.0,4.769644379067408e-22,1.9129561407247448e-24,2.685223956599793e-22,0.0009491750586325676,1000.9603125472845
140.0,956.5,4.449413299677776e-22,1.334332681809535e-24,2.5530957509575424e-22,0.0009005847303669762,1000.9603125472845
140.0,957.0,4.176857439302848e-22,9.390006597919746e-25,2.44272853682584e-22,0.0008598542232012015,1000.9603125472845
140.0,957.5,3.946187694858003e-22,6.787270481669748e-25,2.352100438120176e-22,0.0008262245704686981,1000.9603125472845
140.0,958.0,3.752089541979204e-22,5.195073566654986e-25,2.279267383974623e-22,0.0007989702588374493,1000.9603125472845
140.0,958.5,3.5897477737009824e-22,4.402366471482955e-25,2.222395621117727e-22,0.0007774102771231388,1000.9603125472845
140.0,959.0,3.4548583649244514e-22,4.347384838541313e-25,2.179788988052423e-22,0.0007609171968315041,1000.9603125472845
140.0,959.5,3.343625443191434e-22,5.217015239695642e-25,2.149908726101485e-22,0.0007489235373068782,1000.9603125472845
140.0,960.0,3.2527577545876014e-22,7.731147978185412e-25,2.131394084109565e-22,0.0007409283247066565,1000.9603125472845
140.0,960.5,3.179464119903665e-22,1.3834305956895855e-24,2.1230833782680257e-22,0.0007365037240998821,1000.9603125472845
140.0,961.0,3.121493571878232e-22,2.8208421542625396e-24,2.1240665497677537e-22,0.0007353124895809237,1000.9603125472845
140.0,961.5,3.077343109605802e-22,6.127218729357749e-24,2.13385855184059e-22,0.0007371669352002586,1000.9603125472845
140.0,962.0,3.0470389863773004e-22,1.3453705616460457e-23,2.1529960987827617e-22,0.0007422331181200009,1000.9603125472845
140.0,962.5,3.034607800688465e-22,2.8908511535751435e-23,2.184916441027696e-22,0.0007516735243554008,1000.9603125472845
140.0,963.0,3.0547693183774865e-22,5.970940571981945e-23,2.2411412686140674e-22,0.000769416433779967,1000.9603125472845
140.0,963.5,3.1484723624013005e-22,1.1743285095530138e-22,2.3536440343058e-22,0.0008063642746575352,1000.9603125472845
140.0,964.0,3.413112098255645e-22,2.1883226178416674e-22,2.5997589112820374e-22,0.0008888373863740485,1000.9603125472845
140.0,964.5,4.049482277747346e-22,3.853548413987661e-22,3.1427889149557753e-22,0.0010722687729796323,1000.9603125472845
140.0,965.0,5.412829811909238e-22,6.403455840701328e-22,4.280207670186775e-22,0.0014573134102160489,1000.9603125472845
140.0,965.5,8.02841994329327e-22,1.0032897075669114e-21,6.468251428509519e-22,0.0021977341386717124,1000.9603125472845
140.0,966.0,1.2507081933417234e-21,1.4815053167346562e-21,1.0266460684471953e-21,0.0034810448310778484,1000.9603125472845
140.0,966.5,1.9307560739207986e-21,2.0612941007005815e-21,1.6146995181601836e-21,0.005463634717086499,1000.9603125472845
140.0,967.0,2.8373185602976408e-21,2.702010714453432e-21,2.4174838499178356e-21,0.008163098911878844,1000.9603125472845
140.0,967.5,3.880422999140594e-21,3.336847196884089e-21,3.368351193812665e-21,0.011350391588248283,1000.9603125472845
140.0,968.0,4.881882246484805e-21,3.882557189744466e-21,4.3171790343631934e-21,0.014517639365134902,1000.9603125472845
140.0,968.5,5.617992212300305e-21,4.257046652309727e-21,5.0612759771036346e-21,0.016984739577297892,1000.9603125472845
140.0,969.0,5.899999812766584e-21,4.3999998603683e-21,5.4148781234665925e-21,0.01813388894189041,1000.9603125472845
140.0,969.5,5.653973357256011e-21,4.289502990036064e-21,5.2861555302697575e-21,0.017666318542486157,1000.9603125472845
140.0,970.0,4.95424722148934e-21,3.948410136909064e-21,4.718511808248662e-21,0.01573676584910182,1000.9603125472845
140.0,970.5,3.989960614612081e-21,3.437958919607151e-21,3.871050949389793e-21,0.012883803789687863,1000.9603125472845
140.0,971.0,2.9851728538752684e-21,2.8411343751595038e-21,2.950219956212205e-21,0.009798844154562681,1000.9603125472845
140.0,971.5,2.118377438954018e-21,2.24202054374313e-21,2.1325765495897608e-21,0.0070685573064051144,1000.9603125472845
140.0,972.0,1.4797926933985343e-21,1.7081938000977083e-21,1.51743568209521e-21,0.0050192936697336975,1000.9603125472845
140.0,972.5,1.0752564403429422e-21,1.280977026088769e-21,1.1231075795528547e-21,0.003707321859705399,1000.9603125472845
140.0,973.0,8.589778917029314e-22,9.746359570827793e-22,9.138669306292278e-22,0.0030104330609494307,1000.9603125472845
140.0,973.5,7.698618529619241e-22,7.82287687018378e-22,8.342519639705389e-22,0.002742526218094349,1000.9603125472845
140.0,974.0,7.552655280781835e-22,6.84731518167328e-22,8.336031836787661e-22,0.0027347706531509197,1000.9603125472845
140.0,974.5,7.794387000819542e-22,6.58737932873346e-22,8.762110934850074e-22,0.002868657817296208,1000.9603125472845
140.0,975.0,8.219649924138429e-22,6.827925611711671e-22,9.411070191902986e-22,0.003074807442071087,1000.9603125472845
140.0,975.5,8.726567650430129e-22,7.398830181054124e-22,1.0176065681710356e-21,0.0033179373421740655,1000.9603125472845
140.0,976.0,9.268633484561618e-22,8.179793389545299e-22,1.1007653611200179e-21,0.0035817301096171075,1000.9603125472845
140.0,976.5,9.824557017334072e-22,9.092203291604873e-22,1.1883010849061158e-21,0.0038586454627706954,1000.9603125472845
140.0,977.0,1.0382822141708715e-21,1.008677387735856e-21,1.2789550464882931e-21,0.004144521517647022,1000.9603125472845
140.0,977.5,1.0935110603429909e-21,1.1132229399378108e-21,1.371769952303354e-21,0.004436204879370179,1000.9603125472845
140.0,978.0,1.1473976565294334e-21,1.2207127987170893e-21,1.4658252824900246e-21,0.00473068643640034,1000.9603125472845
140.0,978.5,1.1992224606104412e-21,1.3294861405000496e-21,1.5601633209884731e-21,0.005024861748610258,1000.9603125472845
140.0,979.0,1.2482871350473894e-21,1.438109232679558e-21,1.6537840258389833e-21,0.0053155156265303006,1000.9603125472845
140.0,979.5,1.2939288852185986e-21,1.5452689058383471e-21,1.7456639177423563e-21,0.00559938394490056,1000.9603125472845
140.0,980.0,1.335538634774591e-21,1.6497518540388638e-21,1.83478240009683e-21,0.005873238493844501,1000.9603125472845
140.0,980.5,1.372578494173976e-21,1.7504605887462156e-21,1.920149959507788e-21,0.006133976802092145,1000.9603125472845
140.0,981.0,1.404598623374161e-21,1.846445649596653e-21,2.0008384354818115e-21,0.006378717457423424,1000.9603125472845
140.0,981.5,1.4312499545800291e-21,1.93693710834668e-21,2.0760082950121128e-21,0.006604884727902809,1000.9603125472845
140.0,982.0,1.4522944916119189e-21,2.0213705192413933e-21,2.144934854720474e-21,0.006810288798159623,1000.9603125472845
140.0,982.5,1.467611873228355e-21,2.0994033778084075e-21,2.207031161771461e-21,0.006993194425370694,1000.9603125472845
140.0,983.0,1.4772006857905953e-21,2.1709199676192574e-21,2.2618646227640842e-21,0.007152368970100443,1000.9603125472845
140.0,983.5,1.4811768476754966e-21,2.2360246959924713e-21,2.3091700705222145e-21,0.007287118579528249,1000.9603125472845
140.0,984.0,1.4797670459527837e-21,2.2950239186383125e-21,2.348855526151554e-21,0.007397300901574803,1000.9603125472845
140.0,984.5,1.4732990428622446e-21,2.348398272729115e-21,2.3810026114064418e-21,0.007483320805570124,1000.9603125472845
140.0,985.0,1.4621875394263102e-21,2.396765720343593e-21,2.4058587738397364e-21,0.0075461004498775346,1000.9603125472845
140.0,985.5,1.4469190293206744e-21,2.440840956840101e-21,2.4238260786760807e-21,0.00758703894158196,1000.9603125472845
140.0,986.0,1.4280328157254696e-21,2.481390376365281e-21,2.4354414097899758e-21,0.007607945626178195,1000.9603125472845
140.0,986.5,1.406102835970011e-21,2.519187643207874e-21,2.4413551787328114e-21,0.007610969514847616,1000.9603125472845
140.0,987.0,1.3817173657194273e-21,2.554972696275204e-21,2.4423033562863088e-21,0.007598508775096764,1000.9603125472845
140.0,987.5,1.3554609445936003e-21,2.5894151964342693e-21,2.4390799806742454e-21,0.007573122784631682,1000.9603125472845
140.0,988.0,1.3278965037344951e-21,2.623085647891726e-21,2.4325067287261234e-21,0.007537436140163123,1000.9603125472845
140.0,988.5,1.2995495128574109e-21,2.656434395561146e-21,2.4234027839536548e-21,0.007494044741220637,1000.9603125472845
140.0,989.0,1.2708953584764953e-21,2.689780517901473e-21,2.412557567169314e-21,0.007445431843612194,1000.9603125472845
140.0,989.5,1.2423487416141796e-21,2.7233092015879303e-21,2.4007045659245966e-21,0.007393888515551735,1000.9603125472845
140.0,990.0,1.2142567105816626e-21,2.7570771941185958e-21,2.3884997685206368e-21,0.007341449215146163,1000.9603125472845
140.0,990.5,1.1868939151917065e-21,2.7910269402018234e-21,2.3765026247976092e-21,0.007289835907232116,1000.9603125472845
140.0,991.0,1.1604624048102437e-21,2.825005362956678e-21,2.3651647197804675e-21,0.007240426479190841,1000.9603125472845
140.0,991.5,1.1350924361499443e-21,2.858786482132806e-21,2.354819906980572e-21,0.007194228012303971,1000.9603125472845
140.0,992.0,1.1108471180832258e-21,2.8920976674013634e-21,2.3456821082686074e-21,0.00715187376682107,1000.9603125472845
140.0,992.5,1.0877284700940059e-21,2.9246452858007644e-21,2.3378465710608338e-21,0.007113630740249198,1000.9603125472845
140.0,993.0,1.0656849953423912e-21,2.956138935543692e-21,2.331295220915943e-21,0.007079419587843816,1000.9603125472845
140.0,993.5,1.0446207683423073e-21,2.986313660340188e-21,2.3259065816346048e-21,0.007048848161500606,1000.9603125472845
140.0,994.0,1.0244049265359088e-21,3.014948326701301e-21,2.321468248360679e-21,0.007021252381320877,1000.9603125472845
140.0,994.5,1.0048813638163833e-21,3.041879760326508e-21,2.317691669236019e-21,0.006995743596761378,1000.9603125472845
140.0,995.0,9.858779191797753e-22,3.0670114298845583e-21,2.3142277522506554e-21,0.006971257875171481,1000.9603125472845
140.0,995.5,9.672156663510063e-22,3.0903191015684435e-21,2.310684723511226e-21,0.006946611475307706,1000.9603125472845
140.0,996.0,9.48716890745348e-22,3.1118492235082636e-21,2.3066449538557603e-21,0.00692055256575563,1000.9603125472845
140.0,996.5,9.302119557137418e-22,3.1317160984937413e-21,2.3016809889545774e-21,0.006891809941545507,1000.9603125472845
140.0,997.0,9.115452600203546e-22,3.1500934021417704e-21,2.2953710678989196e-21,0.006859139629475555,1000.9603125472845
140.0,997.5,8.925799836297849e-22,3.1672048932703942e-21,2.2873131756088805e-21,0.006821366561607409,1000.9603125472845
140.0,998.0,8.732013188813304e-22,3.183311287253345e-21,2.277136550351207e-21,0.00677741817257111,1000.9603125472845
140.0,998.5,8.533187928954931e-22,3.1986977352197547e-21,2.264511846346552e-21,0.006726353595536189,1000.9603125472845
140.0,999.0,8.32867277315938e-22,3.2136596876667347e-21,2.2491586220192366e-21,0.006667384575357057,1000.9603125472845
140.0,999.5,8.118074426933744e-22,3.228489969762302e-21,2.2308518445691147e-21,0.006599893214786596,1000.9603125472845
140.0,1000.0,7.901243953339117e-22,3.2434664624934864e-21,2.209423719930425e-21,0.006523435699058523,1000.9603125472845
140.0,1000.5,7.678269704796884e-22,3.258840389659609e-21,2.184767280535726e-21,0.006437751147868804,1000.9603125472845
140.0,1001.0,7.449451574668775e-22,3.2748274321430433e-21,2.1568346389276467e-21,0.006342754667030889,1000.9603125472845
140.0,1001.5,7.215281307288665e-22,3.2916000538703335e-21,2.1256365301996097e-21,0.0062385342577376416,1000.9603125472845
140.0,1002.0,6.976413215445785e-22,3.309281241412046e-21,2.0912386356287727e-21,0.006125338326903791,1000.9603125472845
140.0,1002.5,6.7336374222228e-22,3.3279418786536813e-21,2.0537580056618453e-21,0.006003563629599315,1000.9603125472845
140.0,1003.0,6.487849568737066e-22,3.3475989292601447e-21,2.0133577521939342e-21,0.0058737382993226984,1000.9603125472845
140.0,1003.5,6.240024055978709e-22,3.3682150327789647e-21,1.9702420665273983e-21,0.005736506022653425,1000.9603125472845
140.0,1004.0,5.991186276906772e-22,3.3897017358145615e-21,1.9246501897057988e-21,0.005592607352862316,1000.9603125472845
140.0,1004.5,5.742386363158286e-22,3.411922925150904e-21,1.876850075541094e-21,0.005442860350219238,1000.9603125472845
140.0,1005.0,5.494677475596156e-22,3.434698260874172e-21,1.8271327648524654e-21,0.005288143507350038,1000.9603125472845
140.0,1005.5,5.249093589986075e-22,3.4578128698955575e-21,1.7758058985510524e-21,0.005129376387301934,1000.9603125472845
140.0,1006.0,5.006632836254202e-22,3.481021586867492e-21,1.7231883928497128e-21,0.0049675038397658956,1000.9603125472845
140.0,1006.5,4.768242352357777e-22,3.5040610710871515e-21,1.6696050505371783e-21,0.004803480219523151,1000.9603125472845
140.0,1007.0,4.534805662510651e-22,3.52665626884499e-21,1.6153814980003693e-21,0.004638254726961647,1000.9603125472845
140.0,1007.5,4.307134094376625e-22,3.548533338121814e-21,1.5608400732429637e-21,0.0044727596477754,1000.9603125472845
140.0,1008.0,4.0859627401016204e-22,3.5694321693890656e-21,1.5062969996230604e-21,0.004307902409800806,1000.9603125472845
140.0,1008.5,3.8719459124748634e-22,3.589118502512331e-21,1.4520591334411024e-21,0.00414455651864668,1000.9603125472845
140.0,1009.0,3.6656619412031897e-22,3.6073984670355424e-21,1.3984240062766464e-21,0.0039835619875380176,1000.9603125472845
140.0,1009.5,3.46761645457241e-22,3.624137565329804e-21,1.3456793661326181e-21,0.0038257243386228506,1000.9603125472845
140.0,1010.0,3.2782542439153234e-22,3.6392768284647284e-21,1.2941061393568876e-21,0.0036718233234805794,1000.9603125472845
140.0,1010.5,3.0979739048701206e-22,3.6528562422218794e-21,1.2439828937563031e-21,0.0035226257925923335,1000.9603125472845
140.0,1011.0,2.927149799267983e-22,3.665035345830729e-21,1.1955938167269436e-21,0.003378908347164808,1000.9603125472845
140.0,1011.5,2.7661603279079274e-22,3.67612029305315e-21,1.149240179563987e-21,0.00324148955588786,1000.9603125472845
140.0,1012.0,2.615424281267317e-22,3.6865921249582584e-21,1.10525639951446e-21,0.0031112747320403314,1000.9603125472845
140.0,1012.5,2.4754465303254937e-22,3.697135850490825e-21,1.0640317188797682e-21,0.002989315959084842,1000.9603125472845
140.0,1013.0,2.346872047758566e-22,3.7086719504203856e-21,1.0260376306516844e-21,0.002876887514474517,1000.9603125472845
140.0,1013.5,2.230553308215152e-22,3.722388285187134e-21,9.918638483863452e-22,0.0027755843044013208,1000.9603125472845
140.0,1014.0,2.127625261656811e-22,3.739769579367118e-21,9.622610483658682e-22,0.0026874380386157507,1000.9603125472845
140.0,1014.5,2.0395919187310014e-22,3.7626265022406474e-21,9.381928334937102e-22,0.002615057722072643,1000.9603125472845
140.0,1015.0,1.9684181110715753e-22,3.793114650941119e-21,9.208947542480774e-22,0.002561788099320747,1000.9603125472845
140.0,1015.5,1.916627436268771e-22,3.8337519180167036e-21,9.119414039438744e-22,0.0025318886199642656,1000.9603125472845
140.0,1016.0,1.8873959114358807e-22,3.8874180875335656e-21,9.133171411414429e-22,0.0025307203102274837,1000.9603125472845
140.0,1016.5,1.8846369177515243e-22,3.9573431220691395e-21,9.27488317031711e-22,0.002564934562055871,1000.9603125472845
140.0,1017.0,1.9130651928562825e-22,4.0470780821437215e-21,9.574706693381566e-22,0.0026426463075845605,1000.9603125472845
140.0,1017.5,1.9782286377243935e-22,4.160439792361133e-21,1.0068852052289497e-21,0.0027735733881653407,1000.9603125472845
140.0,1018.0,2.0864945589295667e-22,4.301436524400562e-21,1.0799939409433854e-21,0.002969118839967937,1000.9603125472845
140.0,1018.5,2.2449749477400403e-22,4.474162983852857e-21,1.1817047493266853e-21,0.0032423673790010626,1000.9603125472845
140.0,1019.0,2.461377795615165e-22,4.682671467146607e-21,1.3175345802330167e-21,0.003607967861261824,1000.9603125472845
140.0,1019.5,2.7437710670225623e-22,4.9308139379057946e-21,1.4935189299325561e-21,0.004081870147528447,1000.9603125472845
140.0,1020.0,3.1002559216967444e-22,5.222061081190805e-21,1.7160596662661164e-21,0.004680896846198892,1000.9603125472845
140.0,1020.5,3.5385414870567653e-22,5.5593039901777385e-21,1.9917002731689392e-21,0.005422122440783778,1000.9603125472845
140.0,1021.0,4.0654331714686596e-22,5.944639696966387e-21,2.326827859733784e-21,0.006322060687799955,1000.9603125472845
140.0,1021.5,4.686246761473911e-22,6.3791571072849954e-21,2.727301896531026e-21,0.007395662847117994,1000.9603125472845
140.0,1022.0,5.404178342807243e-22,6.862729801440336e-21,3.198020710036647e-21,0.008655159237157829,1000.9603125472845
140.0,1022.5,6.21966109476893e-22,7.39382499113913e-21,3.742439376021334e-21,0.010108783164505607,1000.9603125472845
140.0,1023.0,7.129761716968997e-22,7.969354481574938e-21,4.3620681724661234e-21,0.011759457518677692,1000.9603125472845
140.0,1023.5,8.127662936573397e-22,8.584561176432016e-21,5.0559810134276364e-21,0.013603523779984587,1000.9603125472845
140.0,1024.0,9.202290408650275e-22,9.232974649239124e-21,5.82037475205924e-21,0.015629622738574628,1000.9603125472845
140.0,1024.5,1.0338132982101325e-21,9.906429722621566e-21,6.6482194816146834e-21,0.01781783247864513,1000.9603125472845
140.0,1025.0,1.1515311362114977e-21,1.0595165019116365e-20,7.529048732621046e-21,0.020139190980279862,1000.9603125472845
140.0,1025.5,1.2709911829883745e-21,1.128800229134412e-20,8.448918620661023e-21,0.022555675709592986,1000.9603125472845
140.0,1026.0,1.3894607738779788e-21,1.1972603300363286e-20,9.390571729968932e-21,0.025020729343369876,1000.9603125472845
140.0,1026.5,1.5039570301601664e-21,1.2635809088968314e-20,1.0333830286340444e-20,0.02748038948149888,1000.9603125472845
140.0,1027.0,1.611360959898761e-21,1.3264032569363167e-20,1.1256202449653106e-20,0.029874971173345956,1000.9603125472845
140.0,1027.5,1.7085516526478655e-21,1.3843707656384542e-20,1.2133702749274218e-20,0.03214129737537566,1000.9603125472845
140.0,1028.0,1.792551076448737e-21,1.4361763442325688e-20,1.2941838831107045e-20,0.034215343328689404,1000.9603125472845
140.0,1028.5,1.8606708943105775e-21,1.4806106449695848e-20,1.3656715452454108e-20,0.03603515963235637,1000.9603125472845
140.0,1029.0,1.9106519095750304e-21,1.5166085112521268e-20,1.4256193027198907e-20,0.037543904951841074,1000.9603125472845
140.0,1029.5,1.94078402326087e-21,1.5432907405619306e-20,1.4721008382843435e-20,0.038692743996505234,1000.9603125472845
140.0,1030.0,1.949999938117769e-21,1.5599999504942152e-20,1.503579431511562e-20,0.039443446061136866,1000.9603125472845
140.0,1030.5,1.9379343295050753e-21,1.5663273975041057e-20,1.518991491088308e-20,0.03977047063582545,1000.9603125472845
140.0,1031.0,1.904943838282596e-21,1.5621296174541124e-20,1.517805273825343e-20,0.03966237990703097,1000.9603125472845
140.0,1031.5,1.8520872798682064e-21,1.5475345648452398e-20,1.5000510048167986e-20,0.039122488424000235,1000.9603125472845
140.0,1032.0,1.7810654636171107e-21,1.5229359582620173e-20,1.4663183359530714e-20,0.038168654431210355,1000.9603125472845
140.0,1032.5,1.6941287004584308e-21,1.488976639825021e-20,1.4177240558306206e-20,0.036832300137632036,1000.9603125472845
140.0,1033.0,1.5939547250923976e-21,1.4465214333270235e-20,1.355849063185746e-20,0.035156645760999604,1000.9603125472845
140.0,1033.5,1.4835111691355797e-21,1.3966224091096156e-20,1.2826535852679051e-20,0.03319440048038515,1000.9603125472845
140.0,1034.0,1.3659071290529582e-21,1.3404765556802987e-20,1.2003726056683777e-20,0.031004968490057672,1000.9603125472845
140.0,1034.5,1.2442488740320289e-21,1.2793794123617407e-20,1.1114032559643726e-20,0.028651479868892337,1000.9603125472845
140.0,1035.0,1.1215055503022991e-21,1.2146776518093983e-20,1.0181892550988467e-20,0.026197779604635388,1000.9603125472845
140.0,1035.5,1.0003946763971717e-21,1.1477207739562119e-20,9.231118113616583e-21,0.023705617286838804,1000.9603125472845
140.0,1036.0,8.832908624808816e-22,1.0798171620425644e-20,8.283916573040745e-21,0.021232154638196877,1000.9603125472845
140.0,1036.5,7.721641656019171e-22,1.0121938544966473e-20,7.360102522576612e-21,0.018827992295083112,1000.9603125472845
140.0,1037.0,6.685458594406205e-22,9.45963344618859e-21,6.4765075359878916e-21,0.016535724326564975,1000.9603125472845
140.0,1037.5,5.735218709864575e-22,8.820973272908792e-21,5.6466169290921335e-21,0.014389088312515147,1000.9603125472845
140.0,1038.0,4.877507034577832e-22,8.214088467378396e-21,4.880430635807472e-21,0.01241269557554124,1000.9603125472845
140.0,1038.5,4.115005948059217e-22,7.645421991087363e-21,4.1845218938358414e-21,0.010622267027831036,1000.9603125472845
140.0,1039.0,3.447011407728037e-22,7.119709129925133e-21,3.5622671254055825e-21,0.009025300411231509,1000.9603125472845
140.0,1039.5,2.8700390465203687e-22,6.640022730620371e-21,3.0142079479476904e-21,0.0076220643273969815,1000.9603125472845
140.0,1040.0,2.3784656114683054e-22,6.207879021698234e-21,2.5385001460538133e-21,0.006406800625054269,1000.9603125472845
140.0,1040.5,1.9651610621660988e-22,5.8233914981548794e-21,2.1314083093673123e-21,0.005369028262731307,1000.9603125472845
140.0,1041.0,1.6220742211061904e-22,5.4854555022875055e-21,1.787807280660542e-21,0.004494849524155048,1000.9603125472845
140.0,1041.5,1.3407481207313765e-22,5.1919558266410665e-21,1.5016611598940832e-21,0.0037681850707467204,1000.9603125472845
140.0,1042.0,1.112744473710689e-22,4.939978759819584e-21,1.266450662065612e-21,0.0031718655735590855,1000.9603125472845
140.0,1042.5,9.299756256083121e-23,4.726024940091049e-21,1.0755380750281806e-21,0.0026885548964458647,1000.9603125472845
140.0,1043.0,7.849420335704912e-23,4.546206860914532e-21,9.224578465101983e-22,0.00230147716058962,1000.9603125472845
140.0,1043.5,6.708849897967818e-23,4.3964302205959634e-21,8.011338337681682e-22,0.001994952839851627,1000.9603125472845
140.0,1044.0,5.818653183039563e-23,4.272548614756211e-21,7.060262852891527e-22,0.0017547540327377674,1000.9603125472845
140.0,1044.5,5.12781992043366e-23,4.170496014476048e-21,6.322166325535655e-22,0.001568301340565363,1000.9603125472845
140.0,1045.0,4.5934575339227055e-23,4.086389356079165e-21,5.754412301794577e-22,0.001424732029067202,1000.9603125472845
140.0,1045.5,4.1802023357587295e-23,4.016604877624239e-21,5.320838349155273e-22,0.0013148653781664865,1000.9603125472845
140.0,1046.0,3.859437292199573e-23,3.957833452764276e-21,4.991391378717115e-22,0.001231096963638234,1000.9603125472845
140.0,1046.5,3.60841323246047e-23,3.90711128690215e-21,4.74157002779854e-22,0.0011672465851249514,1000.9603125472845
140.0,1047.0,3.4093514405482755e-23,3.861833245784458e-21,4.551759862734873e-22,0.0011183815372703397,1000.9603125472845
140.0,1047.5,3.24858411241913e-23,3.819754067191874e-21,4.406530358307511e-22,0.0010806324723433964,1000.9603125472845
140.0,1048.0,3.115768966061224e-23,3.7789734167581565e-21,4.293944218008166e-22,0.0010510143396796822,1000.9603125472845
140.0,1048.5,3.003200092607996e-23,3.737919328202027e-21,4.2049162497373124e-22,0.001027261436159493,1000.9603125472845
140.0,1049.0,2.9052216749133736e-23,3.69531993055233e-21,4.13264145087719e-22,0.001007681181988017,1000.9603125472845
140.0,1049.5,2.817742049234157e-23,3.650175579269968e-21,4.072100649617868e-22,0.0009910284128943183,1000.9603125472845
140.0,1050.0,2.737843376854114e-23,3.6017305834730636e-21,4.019649152087055e-22,0.0009764012474093281,1000.9603125472845
140.0,1050.5,2.663472410609136e-23,3.5494429136781955e-21,3.972679192280116e-22,0.0009631560177933635,1000.9603125472845
140.0,1051.0,2.593203521071307e-23,3.4929571407159074e-21,3.9293536469521965e-22,0.0009508404026312789,1000.9603125472845
140.0,1051.5,2.526058362945972e-23,3.432076970749431e-21,3.8883970374153376e-22,0.0009391411477009908,1000.9603125472845
140.0,1052.0,2.4613735042118408e-23,3.3667434348483806e-21,3.848938289439358e-22,0.000927844852091602,1000.9603125472845
140.0,1052.5,2.3987030806852814e-23,3.2970122707688734e-21,3.81039174932156e-22,0.0009168084001932925,1000.9603125472845
140.0,1053.0,2.3377495340328453e-23,3.2230361514950637e-21,3.772370472229833e-22,0.0009059374765817479,1000.9603125472845
140.0,1053.5,2.2783151757116842e-23,3.1450471157290568e-21,3.7346241946563237e-22,0.0008951712392818551,1000.9603125472845
140.0,1054.0,2.2202679504062633e-23,3.0633422295550964e-21,3.6969942206894973e-22,0.0008844712119101576,1000.9603125472845
140.0,1054.5,2.1635190323786552e-23,2.978271065639279e-21,3.6593834679012657e-22,0.0008738139207061019,1000.9603125472845
140.0,1055.0,2.1080070482504337e-23,2.8902237882744393e-21,3.6217346754785133e-22,0.000863185559700114,1000.9603125472845
140.0,1055.5,2.0536887684439922e-23,2.7996214598573488e-21,3.5840175812765615e-22,0.0008525788494459924,1000.9603125472845
140.0,1056.0,2.0005310608013123e-23,2.7069065493143022e-21,3.5462169580256667e-22,0.0008419901350271886,1000.9603125472845
140.0,1056.5,1.9485083662290646e-23,2.6125350561138398e-21,3.5083293507353325e-22,0.0008314185787854057,1000.9603125472845
140.0,1057.0,1.8975985966219024e-23,2.5169690381762562e-21,3.470356558738916e-22,0.0008208645920520032,1000.9603125472845
140.0,1057.5,1.8477828193181007e-23,2.420670351473452e-21,3.4323054893241416e-22,0.0008103297888114165,1000.9603125472845
140.0,1058.0,1.7990430482890202e-23,2.3240935818352265e-21,3.3941844043451206e-22,0.0007998160898706657,1000.9603125472845
140.0,1058.5,1.7513622441391087e-23,2.227681602084658e-21,3.3560030263326726e-22,0.0007893257448761527,1000.9603125472845
140.0,1059.0,1.7047241563337183e-23,2.1318599174831352e-21,3.317772342473876e-22,0.0007788612831422754,1000.9603125472845
140.0,1059.5,1.6591125343382015e-23,2.037032828710916e-21,3.279503137422866e-22,0.0007684251671738952,1000.9603125472845
140.0,1060.0,1.6145116009344538e-23,1.943579190950896e-21,3.2412069180119164e-22,0.0007580200094900559,1000.9603125472845
140.0,1060.5,1.5709052633600088e-23,1.8518491827143486e-21,3.202894352513955e-22,0.0007476482068229267,1000.9603125472845
140.0,1061.0,1.5282780599411245e-23,1.7621626902537834e-21,3.164577155279394e-22,0.0007373123811800401,1000.9603125472845
140.0,1061.5,1.4866140556875143e-23,1.6748051676209203e-21,3.126265838188146e-22,0.0007270148547580092,1000.9603125472845
140.0,1062.0,1.445897946697618e-23,1.590028545434451e-21,3.0879719658900033e-22,0.0007167581761635796,1000.9603125472845
140.0,1062.5,1.406114113525512e-23,1.5080484036025534e-21,3.049706178229769e-22,0.0007065446600644847,1000.9603125472845
140.0,1063.0,1.3672469367252728e-23,1.4290448800906576e-21,3.011478804813613e-22,0.0006963765314329084,1000.9603125472845
140.0,1063.5,1.32928127016752e-23,1.353161964102071e-21,2.9733008938204814e-22,0.0006862561637820066,1000.9603125472845
140.0,1064.0,1.2922018099506927e-23,1.2805089097167234e-21,2.935182829578066e-22,0.0006761857592382632,1000.9603125472845
140.0,1064.5,1.2559932521732294e-23,1.2111608417363408e-21,2.897134638941579e-22,0.0006661674205352945,1000.9603125472845
140.0,1065.0,1.2206404507057498e-23,1.1451604722457755e-21,2.859166329135968e-22,0.0006562032294248317,1000.9603125472845
140.0,1065.5,1.1861284960771452e-23,1.0825203220453152e-21,2.821288071075173e-22,0.0006462952888112368,1000.9603125472845
140.0,1066.0,1.1524423999302165e-23,1.0232243362378167e-21,2.783509447439532e-22,0.0006364455505710226,1000.9603125472845
140.0,1066.5,1.1195673316799454e-23,9.672306105319948e-22,2.7458399851820547e-22,0.0006266559384399196,1000.9603125472845
140.0,1067.0,1.0874886185134952e-23,9.144742185199061e-22,2.7082891505088276e-22,0.0006169283470802843,1000.9603125472845
140.0,1067.5,1.0561916665041187e-23,8.64869837006042e-22,2.670866144416539e-22,0.0006072645958134359,1000.9603125472845
140.0,1068.0,1.0256619606111604e-23,8.183141189009312e-22,2.633579882415175e-22,0.0005976664246716473,1000.9603125472845
140.0,1068.5,9.958852224522354e-24,7.746892778050932e-22,2.5964393849842355e-22,0.0005881355835351136,1000.9603125472845
140.0,1069.0,9.668471736449596e-24,7.3386535992844595e-22,2.559453161181382e-22,0.000578673692631156,1000.9603125472845
140.0,1069.5,9.385337724652195e-24,6.957030208806907e-22,2.522629807502225e-22,0.0005692823788430543,1000.9603125472845
140.0,1070.0,9.109309771889028e-24,6.600563024617003e-22,2.485977372244204e-22,0.0005599631324276759,1000.9603125472845
140.0,1070.5,8.840249827501675e-24,6.267748540938264e-22,2.449503972767502e-22,0.000550717447024318,1000.9603125472845
140.0,1071.0,8.578021418553539e-24,5.957063057155043e-22,2.413217583922787e-22,0.0005415467721039047,1000.9603125472845
140.0,1071.5,8.322488860968916e-24,5.666982872651682e-22,2.377125806911658e-22,0.0005324524615672616,1000.9603125472845
140.0,1072.0,8.073518048393923e-24,5.3960004426838705e-22,2.341236075114746e-22,0.0005234358206139492,1000.9603125472845
140.0,1072.5,7.830976452196481e-24,5.142645582959766e-22,2.3055556479793617e-22,0.0005144981047949816,1000.9603125472845
140.0,1073.0,7.594733910327231e-24,4.905492537833708e-22,2.270091840805294e-22,0.0005056405716219528,1000.9603125472845
140.0,1073.5,7.3646594718759e-24,4.683176641048536e-22,2.2348510792728385e-22,0.0004968642703118192,1000.9603125472845
140.0,1074.0,7.140626919097659e-24,4.474401383929302e-22,2.1998405407454594e-22,0.0004881704079147441,1000.9603125472845
140.0,1074.5,6.92250845652586e-24,4.277945483576979e-22,2.1650662477361555e-22,0.00047955992552187795,1000.9603125472845
140.0,1075.0,6.710179444137477e-24,4.092667426707275e-22,2.1305344913615123e-22,0.0004710338154118653,1000.9603125472845
140.0,1075.5,6.503517608492203e-24,3.9175107707959187e-22,2.0962516087269812e-22,0.00046259307142311706,1000.9603125472845
140.0,1076.0,6.302400676149727e-24,3.7515041440786574e-22,2.062223222712332e-22,0.0004542385214619431,1000.9603125472845
140.0,1076.5,6.1067087402524556e-24,3.5937614979867465e-22,2.0284549846141696e-22,0.0004459709922907088,1000.9603125472845
140.0,1077.0,5.916323471664606e-24,3.443481097404992e-22,1.9949523227262812e-22,0.00043779125434114177,1000.9603125472845
140.0,1077.5,5.731128118972206e-24,3.2999435011878324e-22,1.9617204378742406e-22,0.00042970002123528554,1000.9603125472845
140.0,1078.0,5.551007902913545e-24,3.162508280497972e-22,1.9287644362486103e-22,0.0004216979793323813,1000.9603125472845
140.0,1078.5,5.375849227518272e-24,3.0306099798385504e-22,1.8960890575596464e-22,0.00041378572863592,1000.9603125472845
140.0,1079.0,5.2055404689682974e-24,2.9037530683433417e-22,1.8636989436076535e-22,0.00040596384207554,1000.9603125472845
140.0,1079.5,5.0399715811673424e-24,2.7815081532444177e-22,1.8315985022169689e-22,0.0003982328361561699,1000.9603125472845
140.0,1080.0,4.879034095740941e-24,2.6635061738558797e-22,1.799791904499917e-22,0.00039059317086952123,1000.9603125472845
140.0,1080.5,4.397057043160365e-24,2.549432343122107e-22,1.6463826720717645e-22,0.00035663919875251793,1000.9603125472845
140.0,1081.0,3.962176564343294e-24,2.439022613520905e-22,1.5058328350639193e-22,0.0003255902271650222,1000.9603125472845
140.0,1081.5,3.569842904018865e-24,2.3320563564343015e-22,1.3770836041800002e-22,0.00029720190317893065,1000.9603125472845
140.0,1082.0,3.2159395887684102e-24,2.228352070745223e-22,1.259161311987981e-22,0.000271249972037313,1000.9603125472845
140.0,1082.5,2.8967443784106427e-24,2.1277628389986815e-22,1.1511713679297084e-22,0.0002475287979856704,1000.9603125472845
140.0,1083.0,2.608891006247758e-24,2.0301705213855109e-22,1.0522915850794397e-22,0.00022584976588325127,1000.9603125472845
140.0,1083.5,2.3493366385530937e-24,1.9354823478632567e-22,9.617668763663589e-23,0.00020603999318334528,1000.9603125472845
140.0,1084.0,2.115329728489238e-24,1.8436262480996185e-22,8.789032980338765e-23,0.0001879409159365652,1000.9603125472845
140.0,1084.5,1.9043833920524817e-24,1.7545470649401034e-22,8.030635733758655e-23,0.00017140720578937582,1000.9603125472845
140.0,1085.0,1.7142501645238504e-24,1.6682036513998946e-22,7.336625199116687e-23,0.0001563056778412715,1000.9603125472845
140.0,1085.5,1.5428992221104656e-24,1.5845648316960178e-22,6.701628738068919e-23,0.00014251429454622814,1000.9603125472845
140.0,1086.0,1.3884952799163307e-24,1.5036078866344026e-22,6.120712375316601e-23,0.00012992120631601884,1000.9603125472845
140.0,1086.5,1.2493806453567368e-24,1.4253150195130276e-22,5.589348548316735e-23,0.00011842397758045014,1000.9603125472845
140.0,1087.0,1.124057764610735e-24,1.349672093944471e-22,5.103381184090455e-23,0.00010792876447585832,1000.9603125472845
140.0,1087.5,1.0111743328715502e-24,1.2766662357187598e-22,4.6589975999167283e-23,9.834964529804295e-05,1000.9603125472845
140.0,1088.0,9.095087990274478e-25,1.2062852017146446e-22,4.252698032881332e-23,8.960790805125352e-05,1000.9603125472845
140.0,1088.5,8.179585820519612e-25,1.138514981762449e-22,3.8812737486770305e-23,8.163152598989498e-05,1000.9603125472845
140.0,1089.0,7.355280408750889e-25,1.0733396724263236e-22,3.541780580511985e-23,7.435454272781485e-05,1000.9603125472845
140.0,1089.5,6.613184657105575e-25,1.0107405303711601e-22,3.231518667150212e-23,6.771659376894455e-05,1000.9603125472845
140.0,1090.0,5.94518808940187e-25,9.506951519472506e-23,2.9480128521909677e-23,6.166244690636328e-05,1000.9603125472845
140.0,1090.5,5.343970569477385e-25,8.931772838636693e-23,2.688993459501686e-23,5.6141555320459454e-05,1000.9603125472845
140.0,1091.0,4.802926866365094e-25,8.381562552084211e-23,2.452379885175255e-23,5.110767409460214e-05,1000.9603125472845
140.0,1091.5,4.3160996011163795e-25,7.855973561016763e-23,2.2362661495919007e-23,4.651852154352928e-05,1000.9603125472845
140.0,1092.0,3.878112686662161e-25,7.354613328247911e-23,2.0389045774714337e-23,4.2335405230940174e-05,1000.9603125472845
140.0,1092.5,3.4841183262208233e-25,6.877047033646697e-23,1.858694484341162e-23,3.852295570695481e-05,1000.9603125472845
140.0,1093.0,3.1297447512632426e-25,6.422798205226368e-23,1.694169552441038e-23,3.50488359208993e-05,1000.9603125472845
140.0,1093.5,2.81104888985848e-25,5.991351874587996e-23,1.543986143674711e-23,3.188347304771106e-05,1000.9603125472845
140.0,1094.0,2.524476923628514e-25,5.582156470186649e-23,1.406914379037988e-23,2.8999850165281478e-05,1000.9603125472845
140.0,1094.5,2.2668248447029836e-25,5.194627919408103e-23,1.2818278852928065e-23,2.6373272690920852e-05,1000.9603125472845
140.0,1095.0,2.0352041895736148e-25,4.828152172923733e-23,1.1676951052019959e-23,2.398116939231553e-05,1000.9603125472845
140.0,1095.5,1.8270124568102775e-25,4.482088360134138e-23,1.0635721116900944e-23,2.180292632098466e-05,1000.9603125472845
140.0,1096.0,1.6399046341126852e-25,4.155774468967656e-23,9.685950265756377e-24,1.9819714392997295e-05,1000.9603125472845
140.0,1096.5,1.4717673138119443e-25,3.848529870235262e-23,8.819729392981109e-24,1.8014328995582104e-05,1000.9603125472845
140.0,1097.0,1.3206971224551768e-25,3.559658788618553e-23,8.029824758966671e-24,1.6371064926361335e-05,1000.9603125472845
140.0,1097.5,1.1849793969091742e-25,3.2884556669238966e-23,7.309617237789863e-24,1.4875579529155058e-05,1000.9603125472845
140.0,1098.0,1.0630700652114835e-25,3.034206743804251e-23,6.653053353395169e-24,1.351478121614468e-05,1000.9603125472845
140.0,1098.5,9.535785751273776e-26,2.796195733557674e-23,6.0545960024860616e-24,1.2276718521679174e-05,1000.9603125472845
140.0,1099.0,8.552530413781259e-26,2.5737049305325973e-23,5.509182703301647e-24,1.1150485553008953e-05,1000.9603125472845
140.0,1099.5,7.669661940561191e-26,2.366020100065432e-23,5.012183192660543e-24,1.0126127113721278e-05,1000.9603125472845
140.0,1100.0,6.87703730600566e-26,2.1724328450632903e-23,4.559367205966965e-24,9.194565358460387e-06,1000.9603125472845
140.0,1100.5,6.165524212541568e-26,1.9922429725866985e-23,4.146865921944906e-24,8.347514459357171e-06,1000.9603125472845
140.0,1101.0,5.526907413398138e-26,1.8247611759766736e-23,3.771145571782618e-24,7.577420611933313e-06,1000.9603125472845
140.0,1101.5,4.953792878332877e-26,1.6693117169818043e-23,3.4289757029292e-24,6.877391944206522e-06,1000.9603125472845
140.0,1102.0,4.439530140136224e-26,1.5252336879356952e-23,3.1174060172779564e-24,6.241146327981763e-06,1000.9603125472845
140.0,1102.5,3.978136490028934e-26,1.391882905023144e-23,2.8337412160151893e-24,5.662955750164751e-06,1000.9603125472845
140.0,1103.0,3.5642313419695755e-26,1.2686338804324003e-23,2.5755198164427957e-24,5.1375991898655475e-06,1000.9603125472845
140.0,1103.5,3.192975527342684e-26,1.154880690102164e-23,2.340493661226481e-24,4.660317366148321e-06,1000.9603125472845
140.0,1104.0,2.8600182933666893e-26,1.0500381570129422e-23,2.126610389197779e-24,4.226773845149026e-06,1000.9603125472845
140.0,1104.5,2.561447999287345e-26,9.53542561161864e-24,1.931996274796246e-24,3.833017284047969e-06,1000.9603125472845
140.0,1105.0,2.293748359249386e-26,8.648525861957667e-24,1.7549410012033097e-24,3.475447898867355e-06,1000.9603125472845
140.0,1105.5,2.0537591533256657e-26,7.834496349555578e-24,1.5938838332336607e-24,3.1507870490715128e-06,1000.9603125472845
140.0,1106.0,1.8386403281829932e-26,7.088380661344871e-24,1.4474005785474355e-24,2.8560486947360734e-06,1000.9603125472845
140.0,1106.5,1.645839641459067e-26,6.4054527316423685e-24,1.3141916274041106e-24,2.5885132757831466e-06,1000.9603125472845
140.0,1107.0,1.4730646202224835e-26,5.7812203920232874e-24,1.1930718852212952e-24,2.345705585040786e-06,1000.9603125472845
140.0,1107.5,1.3182555979535176e-26,5.211419849294909e-24,1.0829602045822837e-24,2.125371888893103e-06,1000.9603125472845
140.0,1108.0,1.1795623722731951e-26,4.692015291066122e-24,9.828704495158024e-25,1.9254604843741788e-06,1000.9603125472845
140.0,1108.5,1.0553237130486856e-26,4.219194547012446e-24,8.91903769315759e-25,1.744104823840537e-06,1000.9603125472845
140.0,1109.0,9.440478719822644e-27,3.789365539001958e-24,8.092406738942749e-25,1.5796064274346105e-06,1000.9603125472845
140.0,1109.5,8.443954033162089e-27,3.399149181347143e-24,7.3413407864279985e-25,1.430419862597147e-06,1000.9603125472845
140.0,1110.0,7.551638334304416e-27,3.0453746476394647e-24,6.659030566409634e-25,1.2951392555488357e-06,1000.9603125472845
140.0,1110.5,6.752740252585236e-27,2.7250720737859935e-24,6.039272740033798e-25,1.1724862691928366e-06,1000.9603125472845
140.0,1111.0,6.037572745570269e-27,2.435465655476482e-24,5.476413417091131e-25,1.0612980439133875e-06,1000.9603125472845
140.0,1111.5,5.397445246978461e-27,2.173965956789542e-24,4.965303860211137e-25,9.605176212124785e-07,1000.9603125472845
140.0,1112.0,4.8245588960930116e-27,1.938162810444498e-24,4.501253037069696e-25,8.691838578328064e-07,1000.9603125472845
140.0,1112.5,4.311918330169918e-27,1.7258160486857483e-24,4.0799897431108358e-25,7.864232895313103e-07,1000.9603125472845
140.0,1113.0,3.853247713892397e-27,1.5348483049270065e-24,3.697623701299099e-25,7.114418822594491e-07,1000.9603125472845
140.0,1113.5,3.4429190947769635e-27,1.3633367307117959e-24,3.350613645307525e-25,6.435182102792832e-07,1000.9603125472845
140.0,1114.0,3.0758859585903382e-27,1.2095047126739462e-24,3.035736278487017e-25,5.81996872776108e-07,1000.9603125472845
140.0,1114.5,2.747623140335189e-27,1.0717134908904737e-24,2.7500575488397543e-25,5.26282421930897e-07,1000.9603125472845
140.0,1115.0,2.4540736685836643e-27,9.484546647029826e-25,2.4909072433408245e-25,4.7583398803001467e-07,1000.9603125472845
140.0,1115.5,2.1916011950077665e-27,8.383419096781603e-25,2.2558560145179335e-25,4.301604240163669e-07,1000.9603125472845
140.0,1116.0,1.9569466609556034e-27,7.401035327329839e-25,2.0426938257325065e-25,3.8881577031215114e-07,1000.9603125472845
140.0,1116.5,1.747189393666512e-27,6.5257512586754045e-25,1.849410297924003e-25,3.5139512786765385e-07,1000.9603125472845
140.0,1117.0,1.559712150642567e-27,5.746921212902344e-25,1.6741767574644542e-25,3.175308965483315e-07,1000.9603125472845
140.0,1117.5,1.3921704973624659e-27,5.054831847077056e-25,1.515330689282474e-25,2.8688950780566244e-07,1000.9603125472845
140.0,1118.0,1.2424643035183519e-27,4.440633127919095e-25,1.3713604940925015e-25,2.591682485415718e-07,1000.9603125472845
140.0,1118.5,1.1087125133335414e-27,3.8962767020429412e-25,1.2408919667155669e-25,2.340924424997303e-07,1000.9603125472845
140.0,1119.0,9.892304195891822e-28,3.4144550057568872e-25,1.1226758800721348e-25,2.114128689801574e-07,1000.9603125472845
140.0,1119.5,8.825097302493272e-28,2.988544319166438e-25,1.0155771958790245e-25,1.909035139917044e-07,1000.9603125472845
140.0,1120.0,7.87199886940475e-28,2.6125507785061113e-25,9.185643368013037e-26,1.7235935611392022e-07,1000.9603125472845
140.0,1120.5,7.020920797330309e-28,2.281058853661565e-25,8.307002995090825e-26,1.5559452004606725e-07,1000.9603125472845
140.0,1121.0,6.261042248877408e-28,1.989184016515284e-25,7.511337715424849e-26,1.404404498792105e-07,1000.9603125472845
140.0,1121.5,5.58267964828567e-28,1.7325275047040456e-25,6.790915937640179e-26,1.2674435236328467e-07,1000.9603125472845
140.0,1122.0,4.977167755252809e-28,1.507134659902364e-25,6.138716228690247e-26,1.1436773073496964e-07,1000.9603125472845
140.0,1122.5,4.436754220270181e-28,1.3094552382581952e-25,5.548363783890369e-26,1.0318507954896535e-07,1000.9603125472845
140.0,1123.0,3.9545035288668047e-28,1.1363077883926858e-25,5.0140707318643624e-26,9.30826641357567e-08,1000.9603125472845
140.0,1123.5,3.5242122606918084e-28,9.848452619950871e-26,4.5305834942572756e-26,8.395744336401767e-08,1000.9603125472845
140.0,1124.0,3.1403330152816285e-28,8.525242605734016e-26,4.093134779209036e-26,7.571608919925413e-08,1000.9603125472845
140.0,1124.5,2.7979041156170358e-28,7.370758845787457e-26,3.6973971467473046e-26,6.827404536889747e-08,1000.9603125472845
140.0,1125.0,2.492490145036108e-28,6.36479417498589e-26,3.3394453502634746e-26,6.155475748717386e-08,1000.9603125472845
140.0,1125.5,2.220125854524594e-28,5.489379204724995e-26,3.015718431767015e-26,5.548890654498603e-08,1000.9603125472845
140.0,1126.0,1.977266810761093e-28,4.72855953134547e-26,2.722986408709278e-26,5.001373461742777e-08,1000.9603125472845
140.0,1126.5,1.760744858987087e-28,4.068189276442988e-26,2.4583195233277326e-26,4.507242447915964e-08,1000.9603125472845
140.0,1127.0,1.5677294840374352e-28,3.495748354635077e-26,2.219062026235296e-26,4.06135685780838e-08,1000.9603125472845
140.0,1127.5,1.395691097300806e-28,3.0001702183868906e-26,2.0028054069225795e-26,3.6590633344765854e-08,1000.9603125472845
140.0,1128.0,1.2423701014699468e-28,2.5716885539876406e-26,1.80736677255051e-26,3.296152289912725e-08,1000.9603125472845
140.0,1128.5,1.1057481219631405e-28,2.2016969197762446e-26,1.630767695377519e-26,2.968815575498382e-08,1000.9603125472845
140.0,1129.0,9.840222476111973e-29,1.8826231755089534e-26,1.4712149578361188e-26,2.6736080351737205e-08,1000.9603125472845
140.0,1129.5,8.755827019071632e-29,1.6078146969346675e-26,1.3270841354376697e-26,2.4074146008282577e-08,1000.9603125472845
140.0,1130.0,7.78991838332864e-29,1.3714351459499157e-26,1.1969031617982992e-26,2.1674176918898597e-08,1000.9603125472845
140.0,1130.5,6.929663255069193e-29,1.1683724111475142e-26,1.0793388733997917e-26,1.9510703355877465e-08,1000.9603125472845
140.0,1131.0,6.163606564095942e-29,9.941547913453872e-27,9.73183965272407e-27,1.7560703033867543e-08,1000.9603125472845
140.0,1131.5,5.481522224257296e-29,8.448769628395034e-27,8.773448585627685e-27,1.5803361546987575e-08,1000.9603125472845
140.0,1132.0,4.874285540588615e-29,7.17132802967418e-27,7.90831616443451e-27,1.4219872090020236e-08,1000.9603125472845
140.0,1132.5,4.3337540423968934e-29,6.079564566519721e-27,7.127479937738828e-27,1.2793239624635683e-08,1000.9603125472845
140.0,1133.0,3.852663362673146e-29,5.147686029558458e-27,6.4228279372270865e-27,1.150811046642636e-08,1000.9603125472845
140.0,1133.5,3.424533048081063e-29,4.3532973202110664e-27,5.7870184649137174e-27,1.0350614739079877e-08,1000.9603125472845
140.0,1134.0,3.043583202301606e-29,3.676980442406255e-27,5.2134087210277295e-27,9.308226222359439e-09,1000.9603125472845
140.0,1134.5,2.704658953468002e-29,3.1019231832874926e-27,4.6959883324328466e-27,8.369632364529399e-09,1000.9603125472845
140.0,1135.0,2.4031636484707946e-29,2.6135901643784982e-27,4.2293202311485836e-27,7.524618698835972e-09,1000.9603125472845
140.0,1135.5,2.1349991190369153e-29,2.199432411347634e-27,3.808486994006482e-27,6.7639641379688255e-09,1000.9603125472845
140.0,1136.0,1.8965118158765515e-29,1.8486319756972764e-27,3.4290413106912066e-27,6.079344655251637e-09,1000.9603125472845
140.0,1136.5,1.6844454127509194e-29,1.5518760231813415e-27,3.0869623690142724e-27,5.463248420211519e-09,1000.9603125472845
140.0,1137.0,1.4958974730485167e-29,1.301158848207e-27,2.7786145167430993e-27,4.908895820323947e-09,1000.9603125472845
140.0,1137.5,1.3282816835026188e-29,1.0896080586571977e-27,2.500711486793322e-27,4.41017010940316e-09,1000.9603125472845
140.0,1138.0,1.1792940751856143e-29,9.113328126110377e-28,2.2502839213378155e-27,3.961554569334489e-09,1000.9603125472845
140.0,1138.5,1.0468815014524924e-29,7.612904958433794e-28,2.0246473553036483e-27,3.558071118297546e-09,1000.9603125472845
140.0,1139.0,9.292154573306621e-30,6.351708289904354e-28,1.821376924833569e-27,3.1952313423804386e-09,1000.9603125472845
140.0,1139.5,8.246674787741778e-30,5.292945154864485e-28,1.6382821336237728e-27,2.8689881254634518e-09,1000.9603125472845
140.0,1140.0,7.317871750253115e-30,4.4052537100997835e-28,1.4733839414009706e-27,2.5756918306284483e-09,1000.9603125472845
140.0,1140.5,6.492833454733002e-30,3.6619398443573146e-28,1.324895449316227e-27,2.3120532041585995e-09,1000.9603125472845
140.0,1141.0,5.760063002193116e-30,3.040312251032308e-28,1.191202753628718e-27,2.0751069490251186e-09,1000.9603125472845
140.0,1141.5,5.109327009012934e-30,2.5211104269746744e-28,1.070848846994957e-27,1.8621809684815088e-09,1000.9603125472845
140.0,1142.0,4.531517556883189e-30,2.0880085047870885e-28,9.625184782657833e-28,1.670867585499227e-09,1000.9603125472845
140.0,1142.5,4.01852956523519e-30,1.7271870945242195e-28,8.650245518390275e-28,1.4989977222051583e-09,1000.9603125472845
140.0,1143.0,3.5631505768904804e-30,1.4269647088496305e-28,7.772956348128493e-28,1.3446172575770693e-09,1000.9603125472845
140.0,1143.5,3.158964085405438e-30,1.1774805864480584e-28,6.98364997281803e-28,1.205966272469016e-09,1000.9603125472845
140.0,1144.0,2.800262266370661e-30,9.704228951620146e-29,6.273604682071749e-28,1.0814599108131346e-09,1000.9603125472845
140.0,1144.5,2.481968300744271e-30,7.987943703916751e-29,5.634952838454754e-28,9.696711427799267e-10,1000.9603125472845
140.0,1145.0,2.199567349823628e-30,6.567131017162602e-29,5.060598584657768e-28,8.693152868528467e-10,1000.9603125472845
140.0,1145.5,1.9490448653018053e-30,5.392411853142929e-29,4.5441430455515845e-28,7.792359738278568e-10,1000.9603125472845
140.0,1146.0,1.7268312940133214e-30,4.42239135696867e-29,4.07981593391416e-28,6.983923490696151e-10,1000.9603125472845
140.0,1146.5,1.5297535535273406e-30,3.622413322070237e-29,3.6624154479624384e-28,6.258478212273784e-10,1000.9603125472845
140.0,1147.0,1.3549913977973702e-30,2.963503937993647e-29,3.287253025941934e-28,5.607597532304984e-10,1000.9603125472845
140.0,1147.5,1.2000383907488127e-30,2.4214738255639486e-29,2.950103029784557e-28,5.02370096867252e-10,1000.9603125472845
140.0,1148.0,1.062667111646182e-30,1.9761536834385478e-29,2.6471571657098975e-28,4.4999692727281e-10,1000.9603125472845
140.0,1148.5,9.4089868627953e-31,1.6107509071351574e-29,2.3749845792117255e-28,4.0302702588498005e-10,1000.9603125472845
140.0,1149.0,8.329750452977667e-31,1.311302203630415e-29,2.130494297255922e-28,3.6090893587055627e-10,1000.9603125472845
140.0,1149.5,7.373345679657119e-31,1.066212797574364e-29,1.9109021477524466e-28,3.231468448282015e-10,1000.9603125472845
140.0,1150.0,6.525905000878133e-31,8.658680103411203e-30,1.7137011583972247e-28,2.8929511656981347e-10,1000.9603125472845
200.0,880.0,1.7012405150218261e-22,0.0,6.6087073826019475e-24,3.468423541846075e-05,997.2557103172377
200.0,880.5,1.7344759191563842e-22,0.0,6.871332897911409e-24,3.598071915027319e-05,997.2557103172377
200.0,881.0,1.767738712541571e-22,0.0,7.14172336249343e-24,3.7311755347513536e-05,997.2557103172377
200.0,881.5,1.801006175983317e-22,0.0,7.419979958758094e-24,3.8677621301594126e-05,997.2557103172377
200.0,882.0,1.8342550854165725e-22,0.0,7.706198671551514e-24,4.007856393802004e-05,997.2557103172377
200.0,882.5,1.867462090558542e-22,0.0,8.00047144349048e-24,4.1514806143077506e-05,997.2557103172377
200.0,883.0,1.9006037149086873e-22,0.0,8.302885845851073e-24,4.298654532091572e-05,997.2557103172377
200.0,883.5,1.9336562295309789e-22,0.0,8.613524173265976e-24,4.449394899520259e-05,997.2557103172377
200.0,884.0,1.966596031707132e-22,0.0,8.932464750879943e-24,4.603716187470181e-05,997.2557103172377
200.0,884.5,1.9993992662833738e-22,0.0,9.259779918906415e-24,4.7616295739068007e-05,997.2557103172377
200.0,885.0,2.0320420781059296e-22,0.0,9.59553678172779e-24,4.923143364689351e-05,997.2557103172377
200.0,885.5,2.0645008644565155e-22,0.0,9.939798078196226e-24,5.088263470908682e-05,997.2557103172377
200.0,886.0,2.096751896399102e-22,0.0,1.0292620083636589e-23,5.2569923638601465e-05,997.2557103172377
200.0,886.5,2.1287715712154057e-22,0.0,1.065405344543049e-23,5.4293295392460584e-05,997.2557103172377
200.0,887.0,2.160536791058121e-22,0.0,1.1024144793582232e-23,5.6052723693420245e-05,997.2557103172377
200.0,887.5,2.1920240794267093e-22,0.0,1.140293200072342e-23,5.7848137221212684e-05,997.2557103172377
200.0,888.0,2.223210969562589e-22,0.0,1.1790450953027445e-23,5.967945439097496e-05,997.2557103172377
200.0,888.5,2.254074489836201e-22,0.0,1.2186727460379454e-23,6.154654261381362e-05,997.2557103172377
200.0,889.0,2.2845931832309224e-22,0.0,1.2591787703547551e-23,6.344927151425769e-05,997.2557103172377
200.0,889.5,2.3147448354236626e-22,0.0,1.3005645836550734e-23,6.538745057827858e-05,997.2557103172377
200.0,890.0,2.3445079893977996e-22,0.0,1.3428311820038227e-23,6.736086912665525e-05,997.2557103172377
200.0,890.5,2.3738624503141597e-22,0.0,1.3859794329680555e-23,6.936931110361144e-05,997.2557103172377
200.0,891.0,2.4027877708980796e-22,0.0,1.430009199466599e-23,7.141251138990252e-05,997.2557103172377
200.0,891.5,2.4312640087458753e-22,0.0,1.4749197396349824e-23,7.349017628322633e-05,997.2557103172377
200.0,892.0,2.459272736066801e-22,0.0,1.5207103136405675e-23,7.560201399464856e-05,997.2557103172377
200.0,892.5,2.4867952726346205e-22,0.0,1.5673791125598298e-23,7.774768150517553e-05,997.2557103172377
200.0,893.0,2.513814200400547e-22,0.0,1.614924170035124e-23,7.992683026873044e-05,997.2557103172377
200.0,893.5,2.5403126061867726e-22,0.0,1.6633428962422092e-23,8.2139083271792e-05,997.2557103172377
200.0,894.0,2.5662748389929375e-22,0.0,1.7126325680833338e-23,8.438405951575223e-05,997.2557103172377
200.0,894.5,2.591685752689662e-22,0.0,1.762789847535359e-23,8.666135039540548e-05,997.2557103172377
200.0,895.0,2.6165309584540336e-22,0.0,1.8138109435037625e-23,8.897052795920296e-05,997.2557103172377
200.0,895.5,2.6407973296405906e-22,0.0,1.865691972383852e-23,9.131116278566573e-05,997.2557103172377
200.0,896.0,2.664473254216808e-22,0.0,1.9184291789988044e-23,9.368283480346613e-05,997.2557103172377
200.0,896.5,2.6875476250211396e-22,0.0,1.972018255336961e-23,9.608510000786601e-05,997.2557103172377
200.0,897.0,2.7100105970694894e-22,0.0,2.026454899953359e-23,9.85175179373174e-05,997.2557103172377
200.0,897.5,2.731854344861676e-22,0.0,2.081735442701546e-23,0.00010097968195336929,997.2557103172377
200.0,898.0,2.7530720526394797e-22,0.0,2.1378561667235302e-23,0.00010347118606405467,997.2557103172377
200.0,898.5,2.7736589241285967e-22,0.0,2.1948141455747123e-23,0.00010599166535684477,997.2557103172377
200.0,899.0,2.7936121825386392e-22,0.0,2.2526073601173275e-23,0.00010854080118833687,997.2557103172377
200.0,899.5,2.812931575434119e-22,0.0,2.3112352373062972e-23,0.0001111183465860359,997.2557103172377
200.0,900.0,2.831619879605422e-22,7.244981637772607e-33,2.3706992435190843e-23,0.00011372415392570463,997.2557103172377
200.0,900.5,2.8496839108107694e-22,1.39580623673737e-32,2.4310039663660154e-23,0.00011635822561700648,997.2557103172377
200.0,901.0,2.8671365432601343e-22,2.6664799243353565e-32,2.4921591842338726e-23,0.00011902081128144373,997.2557103172377
200.0,901.5,2.8839989815346494e-22,5.050994018738971e-32,2.554182375516691e-23,0.00012171252458161671,997.2557103172377
200.0,902.0,2.9003080812158054e-22,9.487256801496497e-32,2.617106038045705e-23,0.00012443468719281644,997.2557103172377
200.0,902.5,2.916128718224449e-22,1.7669725453029412e-31,2.680990435105803e-23,0.0001271899256295541,997.2557103172377
200.0,903.0,2.931578022627787e-22,3.2632045264278827e-31,2.7459488118622095e-23,0.00012998335041275834,997.2557103172377
200.0,903.5,2.9468728365114464e-22,5.975635406557646e-31,2.812197468312423e-23,0.0001328248935328625,997.2557103172377
200.0,904.0,2.9624195810137973e-22,1.0850486181253865e-30,2.8801524195971397e-23,0.00013573381031000274,997.2557103172377
200.0,904.5,2.978970513894059e-22,1.9536178204451486e-30,2.9506021386822255e-23,0.00013874669894734637,997.2557103172377
200.0,905.0,2.9978966122966316e-22,3.487830541262672e-30,3.0250163259288926e-23,0.00014193179561639027,997.2557103172377
200.0,905.5,3.0216265580676383e-22,6.1744238204624916e-30,3.1060581007101873e-23,0.0001454126026697033,997.2557103172377
200.0,906.0,3.054326294093115e-22,1.0838341537858457e-29,3.198401924896944e-23,0.0001494054839334461,997.2557103172377
200.0,906.5,3.1028782215634434e-22,1.8864902093182772e-29,3.309956455355224e-23,0.0001542756332720437,997.2557103172377
200.0,907.0,3.1782011851488423e-22,3.255903737901932e-29,3.4535839084840145e-23,0.00016061538941536082,997.2557103172377
200.0,907.5,3.296869089359132e-22,5.572036116818635e-29,3.649325128115716e-23,0.00016934497482605807,997.2557103172377
200.0,908.0,3.482871888519681e-22,9.455436117697987e-29,3.927007653987468e-23,0.00018182962572308074,997.2557103172377
200.0,908.5,3.7691761429685465e-22,1.5910160233656426e-28,4.328877077754327e-23,0.0001999962342515303,997.2557103172377
200.0,909.0,4.1985479587528045e-22,2.6545617239399117e-28,4.9116080801285836e-23,0.00022641983177861802,997.2557103172377
200.0,909.5,4.822912811226745e-22,4.39173801523256e-28,5.746732378001955e-23,0.0002643360830416993,997.2557103172377
200.0,910.0,5.700482071872945e-22,7.204525476718577e-28,6.918331125178073e-23,0.00031752802800021665,997.2557103172377
200.0,910.5,6.890007576557371e-22,1.1719245192997444e-27,8.516847981897271e-23,0.00039003662170686857,997.2557103172377
200.0,911.0,8.441990054730609e-22,1.8902497810515294e-27,1.0628322405913005e-22,0.0004856657790508927,997.2557103172377
200.0,911.5,1.038738718510392e-21,3.023180381953254e-27,1.3319200547973296e-22,0.0006072922757976829,997.2557103172377
200.0,912.0,1.2725305346043865e-21,4.794399988721874e-27,1.6618173359898534e-22,0.0007560494869232211,997.2557103172377
200.0,912.5,1.5412063100417823e-21,7.539278486293317e-27,2.0497947741263638e-22,0.0009305188605194891,997.2557103172377
200.0,913.0,1.835455012273173e-21,1.1755757743255113e-26,2.48610339606158e-22,0.0011261140261748979,997.2557103172377
200.0,913.5,2.1410695719398902e-21,1.817593611676334e-26,2.953407579952898e-22,0.001334859232263496,997.2557103172377
200.0,914.0,2.4398913955021558e-21,2.786559011204685e-26,3.42745374187464e-22,0.0015457281292066195,997.2557103172377
200.0,914.5,2.711660414455781e-21,4.236088459357965e-26,3.8791472099373706e-22,0.0017456119762529097,997.2557103172377
200.0,915.0,2.936566097416583e-21,6.385385909802486e-26,4.2779131146010795e-22,0.0019208518692252743,997.2557103172377
200.0,915.5,3.09808805619855e-21,9.544090361193975e-26,4.595878474030441e-22,0.002059118938372265,997.2557103172377
200.0,916.0,3.1855870436798242e-21,1.4145141312418158e-25,4.812139953563487e-22,0.0021513082668074565,997.2557103172377
200.0,916.5,3.196115623083011e-21,2.078764842240886e-25,4.916280551430664e-22,0.002193072919695683,997.2557103172377
200.0,917.0,3.1350547093059305e-21,3.029205414968956e-25,4.910391574951274e-22,0.002185672431331248,997.2557103172377
200.0,917.5,3.0154279541316753e-21,4.377008537684625e-25,4.809148867011273e-22,0.002135945761064586,997.2557103172377
200.0,918.0,2.856043013231065e-21,6.271210989501938e-25,4.637924997387108e-22,0.0020554138918395556,997.2557103172377
200.0,918.5,2.678846628076071e-21,8.909447325601078e-25,4.42932966136711e-22,0.0019586987819395114,997.2557103172377
200.0,919.0,2.50603232107337e-21,1.2550915052724712e-24,4.218902406754961e-22,0.0018615886602820397,997.2557103172377
200.0,919.5,2.3574344535173684e-21,1.7531753226006234e-24,4.0407928447404103e-22,0.0017791228736381366,997.2557103172377
200.0,920.0,2.248620419133473e-21,2.4282903738978175e-24,3.9241786019558236e-22,0.001724025745595251,997.2557103172377
200.0,920.5,2.1898928170745173e-21,3.335041216592999e-24,3.8909231192576026e-22,0.0017057043987296844,997.2557103172377
200.0,921.0,2.186190093312027e-21,4.541790931163074e-24,3.9546351474296127e-22,0.0017298728885310405,997.2557103172377
200.0,921.5,2.2377053105085028e-21,6.133076416009469e-24,4.1209908440009163e-22,0.0017987325034645844,997.2557103172377
200.0,922.0,2.340944761486902e-21,8.212113020832203e-24,4.388961201346779e-22,0.0019115442179149867,997.2557103172377
200.0,922.5,2.4899364284067895e-21,1.0903270978226613e-23,4.75250113003965e-22,0.0020653945209970687,997.2557103172377
200.0,923.0,2.6773528158223957e-21,1.435436388916939e-23,5.2022899980762245e-22,0.0022559737656713146,997.2557103172377
200.0,923.5,2.8954047742644416e-21,1.8738571965905516e-23,5.72723263778228e-22,0.0024782408783814948,997.2557103172377
200.0,924.0,3.1364495668476554e-21,2.4255726297501954e-23,6.315562662571578e-22,0.0027269078038067774,997.2557103172377
200.0,924.5,3.3933347873819026e-21,3.113274587878915e-23,6.955530845892987e-22,0.0029967389325372784,997.2557103172377
200.0,925.0,3.65953952229801e-21,3.9622864526673915e-23,7.635746265348906e-22,0.0032826973804387493,997.2557103172377
200.0,925.5,3.929188688983576e-21,5.000341260327393e-23,8.345282904156746e-22,0.003579988755614982,997.2557103172377
200.0,926.0,4.197006587652875e-21,6.257181591340648e-23,9.073662721904857e-22,0.0038840514703582405,997.2557103172377
200.0,926.5,4.458265202558571e-21,7.763957669588163e-23,9.810821333882067e-22,0.004190539737680805,997.2557103172377
200.0,927.0,4.7087454279005e-21,9.552408209186238e-23,1.0547095126817516e-21,0.0044953159124511395,997.2557103172377
200.0,927.5,4.944730605477146e-21,1.165380933621635e-22,1.127327709458588e-21,0.004794472146887052,997.2557103172377
200.0,928.0,5.163023488350533e-21,1.4097700420591045e-22,1.198072959022599e-21,0.005084375909824554,997.2557103172377
200.0,928.5,5.360976937001779e-21,1.6910402279729566e-22,1.2661537943181271e-21,0.00536173221153186,997.2557103172377
200.0,929.0,5.536529058351253e-21,2.0113374454608817e-22,1.3308687058008023e-21,0.00562365472229775,997.2557103172377
200.0,929.5,5.688228247359153e-21,2.37214513167793e-22,1.3916227376178074e-21,0.005867731471300774,997.2557103172377
200.0,930.0,5.815242476651524e-21,2.774104977638845e-22,1.4479413769942468e-21,0.006092078288858185,997.2557103172377
200.0,930.5,5.9173475835135386e-21,3.216842747730189e-22,1.4994799787401136e-21,0.006295372790392175,997.2557103172377
200.0,931.0,5.994886880211149e-21,3.698810507529301e-22,1.546026123190936e-21,0.006476858291141615,997.2557103172377
200.0,931.5,6.048713396751049e-21,4.2171559884383923e-22,1.5874969654792049e-21,0.00663632670342284,997.2557103172377
200.0,932.0,6.0801086976272014e-21,4.767629943859835e-22,1.623929354050766e-21,0.006774071462316033,997.2557103172377
200.0,932.5,6.09068635048958e-21,5.344545507082329e-22,1.6554640708758353e-21,0.006890816560084213,997.2557103172377
200.0,933.0,6.082290951948307e-21,5.940791570361847e-22,1.6823265831284797e-21,0.006987631976917597,997.2557103172377
200.0,933.5,6.056890287132464e-21,6.547917098375194e-22,1.7048033306196115e-21,0.007065831672910961,997.2557103172377
200.0,934.0,6.0164731438038715e-21,7.156280065158906e-22,1.7232167414624207e-21,0.007126867611936096,997.2557103172377
200.0,934.5,5.962958435580812e-21,7.755268082727229e-22,1.737900649144041e-21,0.007172226789217954,997.2557103172377
200.0,935.0,5.898118461549165e-21,8.333580119078579e-22,1.7491771829856243e-21,0.00720333563983263,997.2557103172377
200.0,935.5,5.823517110054539e-21,8.879565771493677e-22,1.7573357317325346e-21,0.007221474189682436,997.2557103172377
200.0,936.0,5.740473507991757e-21,9.38160543438298e-22,1.762617617897245e-21,0.007227714726486307,997.2557103172377
200.0,936.5,5.6500410181721166e-21,9.828516215554068e-22,1.765204166913111e-21,0.007222875154302766,997.2557103172377
200.0,937.0,5.553008047116959e-21,1.0209959367091995e-21,1.7652107361664114e-21,0.007207497290160848,997.2557103172377
200.0,937.5,5.449916624309702e-21,1.0516843172400776e-21,1.7626861948737324e-21,0.007181847660002461,997.2557103172377
200.0,938.0,5.341093098351396e-21,1.0741678375372862e-21,1.7576166854166488e-21,0.0071459357056019475,997.2557103172377
200.0,938.5,5.226691757813324e-21,1.0878879083492817e-21,1.749934446653811e-21,0.007099552309522069,997.2557103172377
200.0,939.0,5.1067412793671154e-21,1.0925002076681535e-21,1.73952883557176e-21,0.007042316740983996,997.2557103172377
200.0,939.5,4.981199253850504e-21,1.0878880093234776e-21,1.726261560761859e-21,0.006973740028625544,997.2557103172377
200.0,940.0,4.849999846087784e-21,1.074167938511482e-21,1.7099812847043637e-21,0.006893284989168975,997.2557103172377
200.0,940.5,4.713102262503825e-21,1.0516846201626652e-21,1.6905401592880296e-21,0.006800433273021096,997.2557103172377
200.0,941.0,4.5705287174217185e-21,1.020996340605983e-21,1.667808298766347e-21,0.006694743278717659,997.2557103172377
200.0,941.5,4.422397148702237e-21,9.828521264263861e-22,1.641687776425648e-21,0.006575905421075602,997.2557103172377
200.0,942.0,4.268942220376579e-21,9.381613512318647e-22,1.612123551543342e-21,0.006443784422130947,997.2557103172377
200.0,942.5,4.110529055137004e-21,8.879575868913263e-22,1.5791125734057378e-21,0.0062984537864177745,997.2557103172377
200.0,943.0,3.947656061614319e-21,8.333592740853063e-22,1.5427093563045395e-21,0.006140215783060494,997.2557103172377
200.0,943.5,3.780950087616474e-21,7.755283733727587e-22,1.5030288332771501e-21,0.005969610355321992,997.2557103172377
200.0,944.0,3.611154303225059e-21,7.156300259998081e-22,1.4602462982167192e-21,0.005787412365739631,997.2557103172377
200.0,944.5,3.4391100254400495e-21,6.54794234192416e-22,1.4145945774590515e-21,0.005594617907020712,997.2557103172377
200.0,945.0,3.265736119443846e-21,5.940823377233545e-22,1.3663596313351026e-21,0.005392424578526772,997.2557103172377
200.0,945.5,3.0920023414135682e-21,5.3445858967606755e-22,1.3158728807931014e-21,0.00518219910430355,997.2557103172377
200.0,946.0,2.918905508610827e-21,4.767680935828749e-22,1.263503752521836e-21,0.0049654462100464794,997.2557103172377
200.0,946.5,2.7474430441424105e-21,4.2172196021817898e-22,1.2096501283666465e-21,0.004743769667234094,997.2557103172377
200.0,947.0,2.5785895509468382e-21,3.6988905295795264e-22,1.1547290371631718e-21,0.004518834772150495,997.2557103172377
200.0,947.5,2.4132733857809242e-21,3.2169429646195876e-22,1.099166306982356e-21,0.0042923272349939135,997.2557103172377
200.0,948.0,2.252359493606476e-21,2.774230438077211e-22,1.0433880184898987e-21,0.0040659196044353745,997.2557103172377
200.0,948.5,2.096631636131823e-21,2.3723023989879947e-22,9.878108088731927e-22,0.003841233645765158,997.2557103172377
200.0,949.0,1.9467812846502714e-21,2.0115343451428246e-22,9.328344283011446e-22,0.003619811935754501,997.2557103172377
200.0,949.5,1.803398936259259e-21,1.6912867312286198e-22,8.788348114928646e-22,0.003403091813283798,997.2557103172377
200.0,950.0,1.6669678534602113e-21,1.410078518227482e-22,8.26157770005284e-22,0.003192382061126115,997.2557103172377
200.0,950.5,1.5378631553907791e-21,1.1657671599208312e-22,7.751148943673654e-22,0.0029888484082017763,997.2557103172377
200.0,951.0,1.4163522217216217e-21,9.557244873168329e-23,7.259798922549699e-22,0.0027935008987576672,997.2557103172377
200.0,951.5,1.302598327727458e-21,7.770016752428985e-23,6.789864331129429e-22,0.002607187212217985,997.2557103172377
200.0,952.0,1.196666601764623e-21,6.264776744136116e-23,6.34327211141066e-22,0.0024305907432930927,997.2557103172377
200.0,952.5,1.0985313963873664e-21,5.009870068973738e-23,5.921538859001097e-22,0.002264232070007156,997.2557103172377
200.0,953.0,1.0080847701803047e-21,3.9742531570552316e-23,5.525778351390511e-22,0.002108473510523332,997.2557103172377
200.0,953.5,9.251470900489884e-22,3.12831974306329e-23,5.156723699023918e-22,0.001963529198602182,997.2557103172377
200.0,954.0,8.494767247427047e-22,2.444513968945457e-23,4.8147485384899375e-22,0.0018294746762345664,997.2557103172377
200.0,954.5,7.807804956837499e-22,1.8977393294073936e-23,4.4998965314501575e-22,0.0017062595224068245,997.2557103172377
200.0,955.0,7.18724935590269e-22,1.465600378894237e-23,4.2119202301509574e-22,0.0015937233742857806,997.2557103172377
200.0,955.5,6.629457800506672e-22,1.1285044946473755e-23,3.9503148093464175e-22,0.0014916098151448705,997.2557103172377
200.0,956.0,6.130578629948049e-22,8.696658998950632e-24,3.7143589046379987e-22,0.0013995827712337645,997.2557103172377
200.0,956.5,5.68664153884528e-22,6.750648008575315e-24,3.503155347733863e-22,0.0013172426690687803,997.2557103172377
200.0,957.0,5.293640375977289e-22,5.334412336319275e-24,3.3156721147270944e-22,0.0012441424741411239,997.2557103172377
200.0,957.5,4.947605340833516e-22,4.364634859955782e-24,3.1507812892989437e-22,0.0011798027886046629,997.2557103172377
200.0,958.0,4.644668616841226e-22,3.793250284529719e-24,3.0072981378863377e-22,0.0011237268041855944,997.2557103172377
200.0,958.5,4.381122431528135e-22,3.6222851937066e-24,2.8840193809738707e-22,0.0010754147698932468,997.2557103172377
200.0,959.0,4.1534713106687724e-22,3.93542944649087e-24,2.779761492968239e-22,0.0010343782903566236,997.2557103172377
200.0,959.5,3.95849417741494e-22,4.95870865273781e-24,2.693409440233858e-22,0.0010001583217144577,997.2557103172377
200.0,960.0,3.7933496178949047e-22,7.167639094214237e-24,2.623999888053541e-22,0.0009723557150999149,997.2557103172377
200.0,960.5,3.6558305886224737e-22,1.1461528119328893e-23,2.570917333206192e-22,0.0009507031363537224,997.2557103172377
200.0,961.0,3.545015700060351e-22,1.9422834648259656e-23,2.534392476967222e-22,0.0009352476189814803,997.2557103172377
200.0,961.5,3.4628689003181725e-22,3.366449397990012e-23,2.5167378208657133e-22,0.0009268023204219474,997.2557103172377
200.0,962.0,3.417814971428211e-22,5.82343935992372e-23,2.5251621014737324e-22,0.0009279728404348573,997.2557103172377
200.0,962.5,3.43189127920323e-22,9.899111945942148e-23,2.577541154924846e-22,0.000945254920354469,997.2557103172377
200.0,963.0,3.553264282120831e-22,1.6379551901968653e-22,2.7128361524893313e-22,0.0009928067175737653,997.2557103172377
200.0,963.5,3.874806511443812e-22,2.62300416171566e-22,3.007202322124087e-22,0.0010982521527477139,997.2557103172377
200.0,964.0,4.555792644250895e-22,4.051037532799207e-22,3.5940636740838494e-22,0.0013098571121003227,997.2557103172377
200.0,964.5,5.837107731947431e-22,6.0210069861725535e-22,4.680813597972848e-22,0.0017023886296882774,997.2557103172377
200.0,965.0,8.032552312259179e-22,8.600593253406808e-22,6.547442015137467e-22,0.0023763406583967414,997.2557103172377
200.0,965.5,1.147553560687854e-21,1.1797363593175828e-21,9.507759239602529e-22,0.003443621054307225,997.2557103172377
200.0,966.0,1.6409565976819523e-21,1.5531765990135765e-21,1.3819173876527722e-21,0.004994820284192252,997.2557103172377
200.0,966.5,2.2837174340301567e-21,1.9620663545240295e-21,1.954788633400145e-21,0.007050804332838201,997.2557103172377
200.0,967.0,3.0378559386211563e-21,2.3780024933189555e-21,2.6429548836513636e-21,0.009513277044479344,997.2557103172377
200.0,967.5,3.821752144579716e-21,2.7651991545374575e-21,3.3794258924762253e-21,0.012139067422977884,997.2557103172377
200.0,968.0,4.520212467826982e-21,3.0855153551742055e-21,4.062466582327819e-21,0.014562457248800315,997.2557103172377
200.0,968.5,5.01095634937289e-21,3.3049324847443903e-21,4.577146739903548e-21,0.016373541568562185,997.2557103172377
200.0,969.0,5.199999834980717e-21,3.399999892102777e-21,4.827402833383645e-21,0.017233152211407338,997.2557103172377
200.0,969.5,5.0520645600980036e-21,3.3625849135657406e-21,4.766590471557017e-21,0.016980984985010692,997.2557103172377
200.0,970.0,4.602568637564293e-21,3.201613062202864e-21,4.413272195184256e-21,0.015689896115990153,997.2557103172377
200.0,970.5,3.9456256724838e-21,2.9413074417577743e-21,3.84494894558767e-21,0.013641267008563844,997.2557103172377
200.0,971.0,3.2036234584426016e-21,2.6164179178417594e-21,3.1726575274913622e-21,0.011232917421963029,997.2557103172377
200.0,971.5,2.4918305023728865e-21,2.265757153811064e-21,2.5078412844769716e-21,0.008860844576954388,997.2557103172377
200.0,972.0,1.891901001402289e-21,1.9257033251595498e-21,1.9349626022617712e-21,0.0068226612233524,997.2557103172377
200.0,972.5,1.4417992336933689e-21,1.6251565594092658e-21,1.498526361719111e-21,0.0052729328232638,997.2557103172377
200.0,973.0,1.1411995574644501e-21,1.3828157630220826e-21,1.2053118898626558e-21,0.004232474700027832,997.2557103172377
200.0,973.5,9.656156292432774e-22,1.2068978121609775e-21,1.0363661358518677e-21,0.0036317477931892823,997.2557103172377
200.0,974.0,8.815046289559716e-22,1.096773233688908e-21,9.613852352321505e-22,0.003362078981781145,997.2557103172377
200.0,974.5,8.572153871140504e-22,1.0456607015855548e-21,9.499912091495922e-22,0.003315419624684934,997.2557103172377
200.0,975.0,8.683186106659234e-22,1.0435075278328596e-21,9.778187939053672e-22,0.003405541747870201,997.2557103172377
200.0,975.5,8.9847768446206e-22,1.0794154664965613e-21,1.0280851453846211e-21,0.0035732736792296756,997.2557103172377
200.0,976.0,9.379310290910891e-22,1.143294065209346e-21,1.0905060964725451e-21,0.003782466743765152,997.2557103172377
200.0,976.5,9.813271131461874e-22,1.2267167244034178e-21,1.159309234051328e-21,0.004012883906777827,997.2557103172377
200.0,977.0,1.025873697189009e-21,1.3231455668446964e-21,1.2314041223919988e-21,0.004253717455545824,997.2557103172377
200.0,977.5,1.0700936297081967e-21,1.4277575600675326e-21,1.3050964782762714e-21,0.0044990606174519126,997.2557103172377
200.0,978.0,1.1131195423612416e-21,1.5370899959730158e-21,1.3793348452536009e-21,0.004745266190422318,997.2557103172377
200.0,978.5,1.1543465997148934e-21,1.6486599190847441e-21,1.453329638744347e-21,0.0049896157469861485,997.2557103172377
200.0,979.0,1.1932835623062519e-21,1.760642826657574e-21,1.5263864953745785e-21,0.0052297392862585244,997.2557103172377
200.0,979.5,1.2294993712931563e-21,1.871639519259358e-21,1.5978466073450724e-21,0.005463407753744832,997.2557103172377
200.0,980.0,1.2626099208345228e-21,1.980527466754629e-21,1.66707393753684e-21,0.005688488052854558,997.2557103172377
200.0,980.5,1.2922792697806981e-21,2.08637790848979e-21,1.7334603688087873e-21,0.005902959671530445,997.2557103172377
200.0,981.0,1.3182249933058388e-21,2.1884171801760985e-21,1.7964368328790763e-21,0.006104951422127646,997.2557103172377
200.0,981.5,1.3402245442822505e-21,2.286011769708676e-21,1.8554867281033443e-21,0.006292785490002259,997.2557103172377
200.0,982.0,1.3581189893256372e-21,2.378666701579377e-21,1.9101567120021864e-21,0.006465012052125676,997.2557103172377
200.0,982.5,1.3718169467887374e-21,2.466028364154271e-21,1.96006854897433e-21,0.006620447028371517,997.2557103172377
200.0,983.0,1.3812950916323061e-21,2.5478841057768583e-21,2.004926803856337e-21,0.006758195359007785,997.2557103172377
200.0,983.5,1.3865975495799378e-21,2.6241600133357642e-21,2.044525290250383e-21,0.006877669797239393,997.2557103172377
200.0,984.0,1.3878332717889737e-21,2.6949134401742416e-21,2.078750745066304e-21,0.006978600147493372,997.2557103172377
200.0,984.5,1.3851711880891022e-21,2.7603212930834518e-21,2.1075830935762217e-21,0.007061030954166892,997.2557103172377
200.0,985.0,1.3788345524273877e-21,2.8206642803279086e-21,2.131094107763927e-21,0.007125313831838769,997.2557103172377
200.0,985.5,1.3690933698035822e-21,2.8763069187546964e-21,2.1494425510006938e-21,0.00717208815010539,997.2557103172377
200.0,986.0,1.3562556115150838e-21,2.9276763292123387e-21,2.1628665713838014e-21,0.007202252777274578,997.2557103172377
200.0,986.5,1.3406583294277006e-21,2.9752404261244882e-21,2.1716748814980995e-21,0.007216934121227812,997.2557103172377
200.0,987.0,1.3226577605044565e-21,3.0194842895280966e-21,2.1762351517110603e-21,0.007217445305267032,997.2557103172377
200.0,987.5,1.3026195323085905e-21,3.060889768285847e-21,2.17696122771798e-21,0.007205241937668616,997.2557103172377
200.0,988.0,1.2809093733775372e-21,3.099915891092158e-21,2.174299803377852e-21,0.007181876610157024,997.2557103172377
200.0,988.5,1.2578838235969077e-21,3.1369827106018396e-21,2.1687156974950923e-21,0.007148949339744088,997.2557103172377
200.0,989.0,1.2338828630841903e-21,3.1724583787330296e-21,2.160679020436001e-21,0.007108064823936001,997.2557103172377
200.0,989.5,1.2092222381498657e-21,3.2066508667831246e-21,2.1506505715378976e-21,0.0070607844031838314,997.2557103172377
200.0,990.0,1.1841879077166323e-21,3.2398035225641688e-21,2.139069722838693e-21,0.007008586751194574,997.2557103172377
200.0,990.5,1.159031701428986e-21,3.2720930509189304e-21,2.1263434730431733e-21,0.006952832869513465,997.2557103172377
200.0,991.0,1.1339683914015385e-21,3.303632744895174e-21,2.1128372389800055e-21,0.006894737179237497,997.2557103172377
200.0,991.5,1.1091737737092965e-21,3.3344787461458023e-21,2.098866864646617e-21,0.0068353429329250336,997.2557103172377
200.0,992.0,1.0847844664392699e-21,3.364637920916135e-21,2.0846933824614426e-21,0.006775506875338332,997.2557103172377
200.0,992.5,1.0608991213808218e-21,3.394077149669926e-21,2.0705202708108696e-21,0.00671589219416962,997.2557103172377
200.0,993.0,1.0375800396128032e-21,3.422736049838048e-21,2.0564914976217783e-21,0.006656964108733126,997.2557103172377
200.0,993.5,1.0148560997552324e-21,3.450535861547722e-21,2.0426922697714066e-21,0.006598994261971454,997.2557103172377
200.0,994.0,9.927267969371296e-22,3.477392978164769e-21,2.0291523701197642e-21,0.0065420734110516205,997.2557103172377
200.0,994.5,9.711662817643531e-22,3.503227428126063e-21,2.015850043418479e-21,0.006486125739762347,997.2557103172377
200.0,995.0,9.501278031842157e-22,3.5279717606687624e-21,2.0027173143966385e-21,0.006430927605491658,997.2557103172377
200.0,995.5,9.295484542726913e-22,3.5515787198692016e-21,1.9896466472451182e-21,0.006376130366663519,997.2557103172377
200.0,996.0,9.093538170474252e-22,3.574026091404289e-21,1.976498177172708e-21,0.006321284771669709,997.2557103172377
200.0,996.5,8.894625063065473e-22,3.595318318138644e-21,1.9631075332017076e-21,0.006265866947124197,997.2557103172377
200.0,997.0,8.697906124932913e-22,3.615490135195644e-21,1.9492942715845365e-21,0.006209306023206268,997.2557103172377
200.0,997.5,8.502549328702618e-22,3.6346033387831605e-21,1.9348684118430315e-21,0.006151005398496985,997.2557103172377
200.0,998.0,8.307765561033871e-22,3.652745170606424e-21,1.91963843931562e-21,0.0060903684042083696,997.2557103172377
200.0,998.5,8.112838914877974e-22,3.67002549059054e-21,1.9034187632961567e-21,0.006026821937637544,997.2557103172377
200.0,999.0,7.917144359962497e-22,3.686570314531951e-21,1.886034845189879e-21,0.0059598324492881275,997.2557103172377
200.0,999.5,7.720165413275576e-22,3.702516563440255e-21,1.8673287603015903e-21,0.005888923104698937,997.2557103172377
200.0,1000.0,7.521506255969406e-22,3.718006408983234e-21,1.8471638503381933e-21,0.005813687876892997,997.2557103172377
200.0,1000.5,7.32089728694102e-22,3.733181618931887e-21,1.82542809034019e-21,0.0057338014293418435,997.2557103172377
200.0,1001.0,7.118195122832284e-22,3.748177498708679e-21,1.8020362665842022e-21,0.005649025150023974,997.2557103172377
200.0,1001.5,6.913381083416963e-22,3.763116429039001e-21,1.776931862383483e-21,0.005559212195790484,997.2557103172377
200.0,1002.0,6.706555133148966e-22,3.77810625036404e-21,1.750087822758351e-21,0.005464308971989961,997.2557103172377
200.0,1002.5,6.497925278871783e-22,3.79323339659546e-21,1.7215060727448962e-21,0.005364352706540446,997.2557103172377
200.0,1003.0,6.287797977269872e-22,3.8085641068057505e-21,1.6912171506537698e-21,0.0052594694063257084,997.2557103172377
200.0,1003.5,6.076565513094183e-22,3.82414119405396e-21,1.6592788726382778e-21,0.005149868827454876,997.2557103172377
200.0,1004.0,5.8646918627747315e-22,3.839984853179262e-21,1.6257743515728558e-21,0.005035837501607999,997.2557103172377
200.0,1004.5,5.652699567775134e-22,3.856095084181656e-21,1.5908100230949766e-21,0.004917731864034343,997.2557103172377
200.0,1005.0,5.441156607947149e-22,3.8724541156026685e-21,1.5545134052188252e-21,0.004795970638131761,997.2557103172377
200.0,1005.5,5.230662770014237e-22,3.889032059080324e-21,1.5170304305162315e-21,0.0046710259916278645,997.2557103172377
200.0,1006.0,5.021839550151965e-22,3.9057921600073265e-21,1.4785235093781633e-21,0.004543417041955851,997.2557103172377
200.0,1006.5,4.815321066310387e-22,3.922699279363513e-21,1.4391696637722243e-21,0.004413703652808631,997.2557103172377
200.0,1007.0,4.611744465665432e-22,3.939727567754741e-21,1.3991582916682207e-21,0.004282479172018598,997.2557103172377
200.0,1007.5,4.411749419747925e-22,3.95687217841961e-21,1.3586914888440602e-21,0.004150371066019673,997.2557103172377
200.0,1008.0,4.2159735806047746e-22,3.9741585568554775e-21,1.3179831075623132e-21,0.004018037694438554,997.2557103172377
200.0,1008.5,4.0250563673313165e-22,3.991656577205886e-21,1.2772603436790511e-21,0.0038861728144628585,997.2557103172377
200.0,1009.0,3.839646286700515e-22,4.009493063060843e-21,1.236766579827675e-21,0.0037555138444230044,997.2557103172377
200.0,1009.5,3.6604122927599973e-22,4.027865116050687e-21,1.1967657750851462e-21,0.0036268547143047127,997.2557103172377
200.0,1010.0,3.4880612048808417e-22,4.047053848336713e-21,1.1575492209180185e-21,0.0035010657186630295,997.2557103172377
200.0,1010.5,3.3233606793871366e-22,4.06743932679217e-21,1.1194447215191432e-21,0.0033791204496099784,997.2557103172377
200.0,1011.0,3.1671689969437627e-22,4.089513497699329e-21,1.0828288527913219e-21,0.003262131681691114,997.2557103172377
200.0,1011.5,3.020471160831415e-22,4.113891899756202e-21,1.048142404637973e-21,0.0031513963978527615,997.2557103172377
200.0,1012.0,2.8844220634153375e-22,4.141326588773617e-21,1.0159095496536305e-21,0.0030484514575849545,997.2557103172377
200.0,1012.5,2.760394448888359e-22,4.172710580539831e-21,9.867602447431605e-22,0.002955138279577906,997.2557103172377
200.0,1013.0,2.6500331869011733e-22,4.209087140446557e-21,9.614566654487708e-22,0.0028736788014115332,997.2557103172377
200.0,1013.5,2.5553125754184967e-22,4.251648571798609e-21,9.409227846325256e-22,0.0028067599066874593,997.2557103172377
200.0,1014.0,2.478594148446198e-22,4.3017350041235476e-21,9.262763621098892e-22,0.0027576240146783373,997.2557103172377
200.0,1014.5,2.4226819594035397e-22,4.360822276268186e-21,9.188623175658818e-22,0.002730162688862042,997.2557103172377
200.0,1015.0,2.390871048737194e-22,4.430509819495078e-21,9.202858409975309e-22,0.002729008336837945,997.2557103172377
200.0,1015.5,2.3869820275833266e-22,4.5124968275722944e-21,9.324423117962481e-22,0.002759615353946209,997.2557103172377
200.0,1016.0,2.4153800104293243e-22,4.608551156721098e-21,9.575428595426129e-22,0.0028283274034932807,997.2557103172377
200.0,1016.5,2.4809640128232267e-22,4.720474186595777e-21,9.981294135947149e-22,0.002942412881005987,997.2557103172377
200.0,1017.0,2.589125804388911e-22,4.850053160463203e-21,1.0570776495089755e-21,0.0031100643122298605,997.2557103172377
200.0,1017.5,2.745668877033907e-22,4.9990094864145365e-21,1.1375826735725159e-21,0.0033403470306664815,997.2557103172377
200.0,1018.0,2.9566814698980925e-22,5.168936941157364e-21,1.2431231372711343e-21,0.0036430852061106133,997.2557103172377
200.0,1018.5,3.2283575925915184e-22,5.361239066014253e-21,1.377399076228071e-21,0.004028672324996433,997.2557103172377
200.0,1019.0,3.5667690759472353e-22,5.577057677192084e-21,1.5442422830827171e-21,0.004507803691280687,997.2557103172377
200.0,1019.5,3.97758334914384e-22,5.817200972154586e-21,1.7474943851907072e-21,0.005091117960241978,997.2557103172377
200.0,1020.0,4.465736788181844e-22,6.0820756749627164e-21,1.9908541448412738e-21,0.005788753381935356,997.2557103172377
200.0,1020.5,5.035070199036587e-22,6.371616354337552e-21,2.277694382742419e-21,0.006609821108124117,997.2557103172377
200.0,1021.0,5.68794410597198e-22,6.685225646936336e-21,2.6108542432505596e-21,0.007561813288295911,997.2557103172377
200.0,1021.5,6.424846719225047e-22,7.021722962460978e-21,2.99241112104443e-21,0.008649959366324353,997.2557103172377
200.0,1022.0,7.244021087787677e-22,7.379304901773269e-21,3.423443638445312e-21,0.009876564180215812,997.2557103172377
200.0,1022.5,8.141139962495937e-22,7.755521830881445e-21,3.903799454366391e-21,0.011240367832960063,997.2557103172377
200.0,1023.0,9.109045787475703e-22,8.147273438075565e-21,4.431877907536029e-21,0.012735955821543101,997.2557103172377
200.0,1023.5,1.0137595199881026e-21,8.550826101489204e-21,5.004449431099372e-21,0.01435328169381056,997.2557103172377
200.0,1024.0,1.121361460124795e-21,8.961846008635694e-21,5.616519664264912e-21,0.016077323418866835,997.2557103172377
200.0,1024.5,1.2321011733980943e-21,9.375467011067752e-21,6.261266336558047e-21,0.01788795188385483,997.2557103172377
200.0,1025.0,1.3441027611971597e-21,9.786364133592069e-21,6.930048723341433e-21,0.019760008068844946,997.2557103172377
200.0,1025.5,1.4552653544027557e-21,1.0188865049781542e-20,7.61251009232771e-21,0.021663644171778528,997.2557103172377
200.0,1026.0,1.5633194569885462e-21,1.0577070443216768e-20,8.296772430094122e-21,0.02356492306093078,997.2557103172377
200.0,1026.5,1.6658974260098116e-21,1.094498729342457e-20,8.969729416213864e-21,0.025426689430888667,997.2557103172377
200.0,1027.0,1.760613544140772e-21,1.1286685587829997e-20,9.617421689574474e-21,0.02720966378439515,997.2557103172377
200.0,1027.5,1.845151766250797e-21,1.1596446147979065e-20,1.0225490576572113e-20,0.02887374533900793,997.2557103172377
200.0,1028.0,1.9173567981290766e-21,1.186891976487146e-20,1.0779691931187936e-20,0.030379469236333417,997.2557103172377
200.0,1028.5,1.9753202274737012e-21,1.2099279871944675e-20,1.1266426739610416e-20,0.031689493953025824,997.2557103172377
200.0,1029.0,2.017462413964507e-21,1.2283355831012565e-20,1.1673291842118434e-20,0.03277012782839386,997.2557103172377
200.0,1029.5,2.042600545871093e-21,1.2417762987029629e-20,1.1989594059275095e-20,0.03359273518895751,997.2557103172377
200.0,1030.0,2.0499999349443212e-21,1.2499999603319033e-20,1.2206804121677321e-20,0.0341349576176829,997.2557103172377
200.0,1030.5,2.039408347642913e-21,1.2528525217548607e-20,1.2318940883209701e-20,0.03438172622363323,997.2557103172377
200.0,1031.0,2.011064890862684e-21,1.2502803454789904e-20,1.232282493771566e-20,0.034325898090404205,997.2557103172377
200.0,1031.5,1.965690722310526e-21,1.2423325453531623e-20,1.2218232172640494e-20,0.033968606828062464,997.2557103172377
200.0,1032.0,1.904455527071377e-21,1.2291585631872616e-20,1.2007898144673665e-20,0.03331919478299067,997.2557103172377
200.0,1032.5,1.828924809077979e-21,1.2110042913430668e-20,1.1697390212677494e-20,0.0323947794531273,997.2557103172377
200.0,1033.0,1.7409924403480378e-21,1.1882039140192235e-20,1.1294863316682802e-20,0.03121950298303409,997.2557103172377
200.0,1033.5,1.642799275782353e-21,1.1611701329490846e-20,1.0810693996070742e-20,0.0298234541375517,997.2557103172377
200.0,1034.0,1.5366456085369995e-21,1.130381808159136e-20,1.0257033802933422e-20,0.028241380546356908,997.2557103172377
200.0,1034.5,1.4249006971438313e-21,1.0963699023609314e-20,9.647297902112956e-21,0.026511237514183036,997.2557103172377
200.0,1035.0,1.3099154228310538e-21,1.0597025367701044e-20,8.995626282055053e-21,0.02467267832563992,997.2557103172377
200.0,1035.5,1.1939410052955503e-21,1.0209694814698821e-20,8.316337773520246e-21,0.022765542208151163,997.2557103172377
200.0,1036.0,1.0790595324561256e-21,9.807662418778175e-21,7.623419412887374e-21,0.020828456290328767,997.2557103172377
200.0,1036.5,9.67127011007034e-22,9.396797607996537e-21,6.930062295129466e-21,0.01889758049709216,997.2557103172377
200.0,1037.0,8.59731765049284e-22,8.98274039703833e-21,6.248271418225661e-21,0.01700556838501828,997.2557103172377
200.0,1037.5,7.581690410803763e-22,8.570780218179913e-21,5.588565256354499e-21,0.015180783828575831,997.2557103172377
200.0,1038.0,6.634305066779329e-22,8.165752523713029e-21,4.959765823066971e-21,0.01344677223362535,997.2557103172377
200.0,1038.5,5.762079865449458e-22,7.7719555832074e-21,4.368884434543643e-21,0.011821996993723823,997.2557103172377
200.0,1039.0,4.969096688682123e-22,7.393087475612507e-21,3.82109983507977e-21,0.010319828634321066,997.2557103172377
200.0,1039.5,4.256856013027928e-22,7.032207315166374e-21,3.319813333977041e-21,0.008948741880903239,997.2557103172377
200.0,1040.0,3.6246083575180404e-22,6.6917235383888525e-21,2.86677547342605e-21,0.007712703110852124,997.2557103172377
200.0,1040.5,3.069727635753415e-22,6.3733902690105664e-21,2.462263089960658e-21,0.006611688859887869,997.2557103172377
200.0,1041.0,2.588102178478296e-22,6.078336398541322e-21,2.1052912512405165e-21,0.005642292010100102,997.2557103172377
200.0,1041.5,2.1745244939762657e-22,5.807101533083839e-21,1.793846900653873e-21,0.0047983792302193394,997.2557103172377
200.0,1042.0,1.8230566684415447e-22,5.559685268741337e-21,1.525125904374316e-21,0.00407175007395059,997.2557103172377
200.0,1042.5,1.52736029916399e-22,5.335611411206098e-21,1.2957632212017942e-21,0.0034527702845186803,997.2557103172377
200.0,1043.0,1.2809804844549773e-22,5.1339921953480494e-21,1.1020453297343767e-21,0.002930950716243934,997.2557103172377
200.0,1043.5,1.0775788216043639e-22,4.953601794429351e-21,9.400976492717204e-22,0.002495453284886056,997.2557103172377
200.0,1044.0,9.111143400177122e-23,4.7929449825575825e-21,8.060425430417012e-22,0.0021355132037982056,997.2557103172377
200.0,1044.5,7.759739472555765e-23,4.6503290283132104e-21,6.961255644145346e-22,0.0018407724121121043,997.2557103172377
200.0,1045.0,6.670581939911186e-23,4.523927914338152e-21,6.068114004456532e-22,0.0016015291979444765,997.2557103172377
200.0,1045.5,5.798265230716308e-23,4.411844537440433e-21,5.348498334173456e-22,0.0014089059635356005,997.2557103172377
200.0,1046.0,5.1030998595632924e-23,4.312162811279258e-21,4.773158494856876e-22,0.0012549470688978982,997.2557103172377
200.0,1046.5,4.550984631696882e-23,4.2229961339790224e-21,4.316277806135068e-22,0.0011326578769454275,997.2557103172377
200.0,1047.0,4.113087312119975e-23,4.142524950530181e-21,3.9554729518988672e-22,0.0010359957731628584,997.2557103172377
200.0,1047.5,3.7654012857648825e-23,4.069029064531921e-21,3.671660131856883e-22,0.0009598262836759361,997.2557103172377
200.0,1048.0,3.4882271181064283e-23,4.000910660308823e-21,3.4488232152590333e-22,0.0008998540875929732,997.2557103172377
200.0,1048.5,3.26562445460499e-23,3.9367136899564645e-21,3.273720922493735e-22,0.0008525389032201658,997.2557103172377
200.0,1049.0,3.084867706681906e-23,3.875131547380312e-21,3.1355625251313115e-22,0.0008150041190155317,997.2557103172377
200.0,1049.5,2.9359310833205413e-23,3.815015954024951e-21,3.0256770028716875e-22,0.0007849447404551974,997.2557103172377
200.0,1050.0,2.8110133812569837e-23,3.755375747183737e-21,2.9371876573239687e-22,0.0007605377742639141,997.2557103172377
200.0,1050.5,2.704121150877726e-23,3.695374456618099e-21,2.864714173522916e-22,0.0007403607061005279,997.2557103172377
200.0,1051.0,2.610703138076187e-23,3.634324650002564e-21,2.804098835987644e-22,0.0007233171195406564,997.2557103172377
200.0,1051.5,2.5273442062214823e-23,3.571679854989094e-21,2.7521696810093743e-22,0.0007085726567089027,997.2557103172377
200.0,1052.0,2.4515103763138625e-23,3.507023653993927e-21,2.706536292853782e-22,0.0006955000842279931,997.2557103172377
200.0,1052.5,2.3813421454275395e-23,3.440060394571562e-21,2.665419390590472e-22,0.0006836336411763266,997.2557103172377
200.0,1053.0,2.3154892992371378e-23,3.370602264717683e-21,2.627510769056242e-22,0.0006726316691012608,997.2557103172377
200.0,1053.5,2.252981065512692e-23,3.2985579837592252e-21,2.5918602707182517e-22,0.0006622465675563544,997.2557103172377
200.0,1054.0,2.193125455468143e-23,3.2239210893476534e-21,2.557785892211571e-22,0.0006523009863941912,997.2557103172377
200.0,1054.5,2.1354336908866144e-23,3.1467592341941995e-21,2.524804943968615e-22,0.0006426696439105075,997.2557103172377
200.0,1055.0,2.0795624595021555e-23,3.0672024730631408e-21,2.4925800168473515e-22,0.0006332651106917437,997.2557103172377
200.0,1055.5,2.0252717898273968e-23,2.985433569249e-21,2.4608788207595377e-22,0.000624027270527718,997.2557103172377
200.0,1056.0,1.9723939700338892e-23,2.9016785030021298e-21,2.4295438455516692e-22,0.0006149153854853811,997.2557103172377
200.0,1056.5,1.9208113020745738e-23,2.8161971819026954e-21,2.398470216371652e-22,0.00060590232004351,997.2557103172377
200.0,1057.0,1.8704407977822204e-23,2.729276170718571e-21,2.3675902737172124e-22,0.0005969705255560942,997.2557103172377
200.0,1057.5,1.821222188183671e-23,2.641220815418062e-21,2.3368609686799617e-22,0.0005881087781944353,997.2557103172377
200.0,1058.0,1.7731111392960523e-23,2.5523481749761954e-21,2.306256876498724e-22,0.0005793103647453696,997.2557103172377
200.0,1058.5,1.7260735723282577e-23,2.462982376561708e-21,2.275764014771867e-22,0.0005705714904505119,997.2557103172377
200.0,1059.0,1.6800820349207864e-23,2.373447547343337e-21,2.245375840491976e-22,0.0005618902499296376,997.2557103172377
200.0,1059.5,1.635113650107387e-23,2.2840639774703767e-21,2.2150910206479696e-22,0.0005532660526208489,997.2557103172377
200.0,1060.0,1.5911480652767042e-23,2.1951442830532353e-21,2.1849109971484533e-22,0.0005446990033694011,997.2557103172377
200.0,1060.5,1.5481671366279184e-23,2.106988963298817e-21,2.1548397521630565e-22,0.0005361898374990982,997.2557103172377
200.0,1061.0,1.506153509221115e-23,2.0198831693362534e-21,2.124881987608426e-22,0.0005277394627239247,997.2557103172377
200.0,1061.5,1.4650909325216453e-23,1.9340950886297712e-21,2.095043630166724e-22,0.000519349082695364,997.2557103172377
200.0,1062.0,1.424963155994863e-23,1.849872511856031e-21,2.0653303172257758e-22,0.0005110198195719753,997.2557103172377
200.0,1062.5,1.385754560194844e-23,1.7674424290073445e-21,2.0357483055128847e-22,0.0005027529391506999,997.2557103172377
200.0,1063.0,1.3474499989922083e-23,1.6870083030883868e-21,2.0063042799711939e-22,0.0004945498023737719,997.2557103172377
200.0,1063.5,1.3100337740549422e-23,1.608750373038782e-21,1.9770038358136252e-22,0.00048641149093232655,997.2557103172377
200.0,1064.0,1.2734910547980272e-23,1.53282434106856e-21,1.9478535766568246e-22,0.0004783393250956119,997.2557103172377
200.0,1064.5,1.2378066950920832e-23,1.4593616755807403e-21,1.9188593505373945e-22,0.00047033442906855097,997.2557103172377
200.0,1065.0,1.2029657854660013e-23,1.38846951019714e-21,1.8900270668328225e-22,0.0004623979326558962,997.2557103172377
200.0,1065.5,1.1689535742208544e-23,1.3202312496035457e-21,1.861362576715991e-22,0.00045453094198631705,997.2557103172377
200.0,1066.0,1.1357552307716237e-23,1.2547071753948913e-21,1.8328712892167522e-22,0.0004467344461237884,997.2557103172377
200.0,1066.5,1.1033561611915631e-23,1.1919353548430185e-21,1.8045586596397745e-22,0.00043900943695500183,997.2557103172377
200.0,1067.0,1.0717419293261069e-23,1.131933357458009e-21,1.7764300649677717e-22,0.0004313568788803441,997.2557103172377
200.0,1067.5,1.04089817790678e-23,1.0746985579107699e-21,1.7484906691134562e-22,0.0004237776763848442,997.2557103172377
200.0,1068.0,1.0108105496651076e-23,1.0202108623363235e-21,1.7207452775735017e-22,0.00041627263941046563,997.2557103172377
200.0,1068.5,9.814649239908859e-24,9.684331122305903e-22,1.6931987253932563e-22,0.00040884257789342937,997.2557103172377
200.0,1069.0,9.528473380460927e-24,9.193138107536774e-22,1.6658557457020308e-22,0.0004014882700569282,997.2557103172377
200.0,1069.5,9.249439078787962e-24,8.727880314976415e-22,1.6387208275882316e-22,0.0003942104284949084,997.2557103172377
200.0,1070.0,8.977407495370642e-24,8.287797408929939e-22,1.6117980628468934e-22,0.00038700966396530354,997.2557103172377
200.0,1070.5,8.712243734994179e-24,7.872030603861483e-22,1.585091842262673e-22,0.0003798866531929541,997.2557103172377
200.0,1071.0,8.453812902443775e-24,7.479643364104373e-22,1.5586061543621752e-22,0.00037284197048735655,997.2557103172377
200.0,1071.5,8.201980102504639e-24,7.109635540248529e-22,1.5323445640322416e-22,0.00036587608357301765,997.2557103172377
200.0,1072.0,7.956614384266506e-24,6.760960534753781e-22,1.5063109372486688e-22,0.0003589895272861897,997.2557103172377
200.0,1072.5,7.717584796819108e-24,6.432539438337272e-22,1.480508711509559e-22,0.0003521827293865283,997.2557103172377
200.0,1073.0,7.484762755834894e-24,6.123274661489916e-22,1.4549413338542117e-22,0.00034545611554017157,997.2557103172377
200.0,1073.5,7.258020465847219e-24,5.8320630611218515e-22,1.42961195802961e-22,0.000338810037556371,997.2557103172377
200.0,1074.0,7.037231709111246e-24,5.55780704772399e-22,1.404523589739327e-22,0.0003322448084208602,997.2557103172377
200.0,1074.5,6.822271056743047e-24,5.299425692529562e-22,1.3796789251105582e-22,0.0003257606645057917,997.2557103172377
200.0,1075.0,6.6130170241632166e-24,5.055862300578806e-22,1.355080984848561e-22,0.00031935791572587635,997.2557103172377
200.0,1075.5,6.409347732361897e-24,4.826092488654637e-22,1.330732243532633e-22,0.00031303674002569447,997.2557103172377
200.0,1076.0,6.2111428800510445e-24,4.60913175834734e-22,1.3066350163804937e-22,0.000306797275407484,997.2557103172377
200.0,1076.5,6.018284532525328e-24,4.404040039893381e-22,1.2827916258613507e-22,0.000300639659343436,997.2557103172377
200.0,1077.0,5.830655938370773e-24,4.2099242165303054e-22,1.259204155881788e-22,0.0002945639712721531,997.2557103172377
200.0,1077.5,5.648142318325672e-24,4.0259444353839786e-22,1.2358746178620609e-22,0.0002885702719093459,997.2557103172377
200.0,1078.0,5.4706300764196714e-24,3.8513130977266273e-22,1.2128047806705394e-22,0.0002826585637816221,997.2557103172377
200.0,1078.5,5.298007588834683e-24,3.6852973833317373e-22,1.1899963415253012e-22,0.0002768288315189957,997.2557103172377
200.0,1079.0,5.130164809474429e-24,3.527219502909544e-22,1.167450841597438e-22,0.0002710810224218111,997.2557103172377
200.0,1079.5,4.966993664394894e-24,3.37645594080056e-22,1.1451697568426621e-22,0.00026541506785675035,997.2557103172377
200.0,1080.0,4.808386474082515e-24,3.2324359403626386e-22,1.1231541355625983e-22,0.0002598307995570259,997.2557103172377
200.0,1080.5,4.333388079499978e-24,3.0946415039709774e-22,1.0254773347998492e-22,0.00023679540585393825,997.2557103172377
200.0,1081.0,3.904805077289285e-24,2.962603101614788e-22,9.361621851241362e-23,0.00021577176286106866,997.2557103172377
200.0,1081.5,3.518152004343354e-24,2.835898913590831e-22,8.545045132163581e-23,0.00019658689212337865,997.2557103172377
200.0,1082.0,3.1693731295332135e-24,2.714152053713027e-22,7.798587317532097e-23,0.0001790825159378395,997.2557103172377
200.0,1082.5,2.8547998552191363e-24,2.597026530344625e-22,7.116325870647198e-23,0.00016311372212828604,997.2557103172377
200.0,1083.0,2.5711146268642133e-24,2.484224974478793e-22,6.492829341712701e-23,0.00014854787810107478,997.2557103172377
200.0,1083.5,2.315318589737248e-24,2.375485610512743e-22,5.923119535333891e-23,0.00013526365728706413,997.2557103172377
200.0,1084.0,2.0847000344765428e-24,2.2705789745863625e-22,5.402631054520138e-23,0.00012315001608936547,997.2557103172377
200.0,1084.5,1.8768081674648024e-24,2.169304885356344e-22,4.9271800910895063e-23,0.00011210539209562817,997.2557103172377
200.0,1085.0,1.6894280644953924e-24,2.0714891623348147e-22,4.492932496012478e-23,0.00010203689441189154,997.2557103172377
200.0,1085.5,1.5205582868441542e-24,1.9769805966634617e-22,4.096375214694257e-23,9.285957886323874e-05,997.2557103172377
200.0,1086.0,1.3683900750630287e-24,1.8856488054118696e-22,3.7342885974264626e-23,8.449575067438971e-05,997.2557103172377
200.0,1086.5,1.2312897968249167e-24,1.7973810761339008e-22,3.4037244462537164e-23,7.687440410739523e-05,997.2557103172377
200.0,1087.0,1.1077815919837625e-24,1.7120799687305424e-22,3.1019818998294315e-23,6.99306192692769e-05,997.2557103172377
200.0,1087.5,9.965326800401956e-25,1.6296609173127544e-22,2.8265880685859147e-23,6.360507221388634e-05,997.2557103172377
200.0,1088.0,8.963392592528487e-25,1.5500503369352984e-22,2.5752780220533847e-23,5.784353566404374e-05,997.2557103172377
200.0,1088.5,8.061146737247796e-25,1.473183604112818e-22,2.3459790487420355e-23,5.259648081495416e-05,997.2557103172377
200.0,1089.0,7.248777284013132e-25,1.3990032897714136e-22,2.1367934256902082e-23,4.781864998024225e-05,997.2557103172377
200.0,1089.5,6.51742680397306e-25,1.3274576446357026e-22,1.9459842088171566e-23,4.346870124392355e-05,997.2557103172377
200.0,1090.0,5.859102657043496e-25,1.258499084615882e-22,1.771962463861382e-23,3.950888898271743e-05,997.2557103172377
200.0,1090.5,5.266590217208125e-25,1.1920831810657697e-22,1.6132738746830573e-23,3.590473389828661e-05,997.2557103172377
200.0,1091.0,4.733381381998875e-25,1.128167651040846e-22,1.468588562442184e-23,3.262476787215314e-05,997.2557103172377
200.0,1091.5,4.253603081976376e-25,1.0667113475562944e-22,1.3366896674811024e-23,2.964025406598238e-05,997.2557103172377
200.0,1092.0,3.8219581161620693e-25,1.0076734391716609e-22,1.2164645584081843e-23,2.692496813354164e-05,997.2557103172377
200.0,1092.5,3.433668945698709e-25,9.510129051198736e-23,1.1068959403126101e-23,2.4454979504206223e-05,997.2557103172377
200.0,1093.0,3.0844264178915256e-25,8.966881566540098e-23,1.0070535417852908e-23,2.2208447737209963e-05,997.2557103172377
200.0,1093.5,2.7703453927823063e-25,8.446564690674423e-23,9.160871288921564e-24,2.0165450233771134e-05,997.2557103172377
200.0,1094.0,2.4879228349138026e-25,7.948737923672236e-23,8.33219519761391e-24,1.830781177380156e-05,997.2557103172377
200.0,1094.5,2.234001328512869e-25,7.472945619474683e-23,7.577406383119518e-24,1.6618958640005637e-05,997.2557103172377
200.0,1095.0,2.0057346880853702e-25,7.018715092627357e-23,6.890015910181935e-24,1.508377477922244e-05,997.2557103172377
200.0,1095.5,1.8005576365751413e-25,6.58555788045774e-23,6.264094844975244e-24,1.368847566778684e-05,997.2557103172377
200.0,1096.0,1.616158934789401e-25,6.172966587631598e-23,5.694228617024171e-24,1.242049699644163e-05,997.2557103172377
200.0,1096.5,1.4504562364573986e-25,5.780418672685312e-23,5.175472215569267e-24,1.1268386340343185e-05,997.2557103172377
200.0,1097.0,1.3015735317389055e-25,5.407375185848433e-23,4.7033096383444095e-24,1.0221705210077474e-05,997.2557103172377
200.0,1097.5,1.167821055923035e-25,5.0532836089429476e-23,4.273617737442589e-24,9.270941670770304e-06,997.2557103172377
200.0,1098.0,1.0476769237602927e-25,4.7175781709276284e-23,3.88263230915045e-24,8.407428737309731e-06,997.2557103172377
200.0,1098.5,9.397709208361648e-26,4.399682056708578e-23,3.526918422276735e-24,7.623272787669209e-06,997.2557103172377
200.0,1099.0,8.428690961315622e-26,4.099009615949762e-23,3.2033403719604075e-24,6.911281918292972e-06,997.2557103172377
200.0,1099.5,7.55860634884321e-26,3.814967309706092e-23,2.9090370630586265e-24,6.264906745660909e-06,997.2557103172377
200.0,1100.0,6.77745840786348e-26,3.5469568658670464e-23,2.6413988829347773e-24,5.678185029241689e-06,997.2557103172377
200.0,1100.5,6.076248577378673e-26,3.2943771724228476e-23,2.398044855764444e-24,5.145687478420412e-06,997.2557103172377
200.0,1101.0,5.446878090861048e-26,3.056625539641908e-23,2.1768029240627638e-24,4.662470826362824e-06,997.2557103172377
200.0,1101.5,4.882062619037746e-26,2.8330999088813616e-23,1.9756933673872667e-24,4.22403810256404e-06,997.2557103172377
200.0,1102.0,4.3752462963780715e-26,2.6232020080306896e-23,1.7929100467854847e-24,3.826294679822642e-06,997.2557103172377
200.0,1102.5,3.920533620210663e-26,2.4263371937395356e-23,1.6268070359216659e-24,3.4655162580105934e-06,997.2557103172377
200.0,1103.0,3.5126216579894464e-26,2.241917764633511e-23,1.4758838198581223e-24,3.1383141355220453e-06,997.2557103172377
200.0,1103.5,3.146741807172119e-26,2.0693640657194582e-23,1.3387729338162603e-24,2.841606023597085e-06,997.2557103172377
200.0,1104.0,2.818605561032915e-26,1.9081054350185408e-23,1.2142279358500856e-24,2.572587872912768e-06,997.2557103172377
200.0,1104.5,2.5243585944927313e-26,1.7575828856933198e-23,1.1011136831450805e-24,2.3287108667832616e-06,997.2557103172377
200.0,1105.0,2.2605351580980433e-26,1.6172492638199328e-23,9.983956315769998e-25,2.1076565919887085e-06,997.2557103172377
200.0,1105.5,2.0240211001659754e-26,1.486570352793365e-23,9.051318401445941e-25,1.9073181694550997e-06,997.2557103172377
200.0,1106.0,1.8120170430037618e-26,1.3650269243657998e-23,8.204641291409741e-25,1.72577980112779e-06,997.2557103172377
200.0,1106.5,1.6220081843272192e-26,1.2521141075578956e-23,7.436113229475933e-25,1.5613009077579562e-06,997.2557103172377
200.0,1107.0,1.451734869051197e-26,1.147343360811049e-23,6.738620823650552e-25,1.4122995713425408e-06,997.2557103172377
200.0,1107.5,1.2991673210887068e-26,1.050242550873485e-23,6.105689157123092e-25,1.2773386165474515e-06,997.2557103172377
200.0,1108.0,1.1624824551543915e-26,9.603561105724389e-24,5.531425145933658e-25,1.1551125150318077e-06,997.2557103172377
200.0,1108.5,1.040042768572335e-26,8.772459854472413e-24,5.0104647049733655e-25,1.0444352200661482e-06,997.2557103172377
200.0,1109.0,9.303781604973881e-27,8.004917126354094e-24,4.537928448044856e-25,9.44229903673734e-07,997.2557103172377
200.0,1109.5,8.321686755828654e-27,7.296901053282847e-24,4.1093770151204926e-25,8.535187229588029e-07,997.2557103172377
200.0,1110.0,7.442291735781887e-27,6.644560416319383e-24,3.720771207284424e-25,7.714136898200439e-07,997.2557103172377
200.0,1110.5,6.654961559680674e-27,6.04421715149311e-24,3.368438719302691e-25,6.971090010969677e-07,997.2557103172377
200.0,1111.0,5.9501497779766766e-27,5.492371871828467e-24,3.04903914402468e-25,6.298730912662155e-07,997.2557103172377
200.0,1111.5,5.319291009835228e-27,4.985695189874969e-24,2.7595358452868433e-25,5.690421842782313e-07,997.2557103172377
200.0,1112.0,4.754700024406243e-27,4.521030478720373e-24,2.4971681680223074e-25,5.14013981677358e-07,997.2557103172377
200.0,1112.5,4.249482377674806e-27,4.0953879555338924e-24,2.259426806226757e-25,4.642420651698734e-07,997.2557103172377
200.0,1113.0,3.79745313821751e-27,3.705940737261668e-24,2.044030860787518e-25,4.1923070388947225e-07,997.2557103172377
200.0,1113.5,3.393066012980511e-27,3.350022079613599e-24,1.848908103655608e-25,3.7853037202658674e-07,997.2557103172377
200.0,1114.0,3.0313476730684168e-27,3.025120446682689e-24,1.6721759594235242e-25,3.4173345950883993e-07,997.2557103172377
200.0,1114.5,2.707837857323021e-27,2.72887379170348e-24,1.5121236781941336e-25,3.0847027020422063e-07,997.2557103172377
200.0,1115.0,2.4185391055517532e-27,2.4590646266713944e-24,1.3671980646887866e-25,2.7840578583293935e-07,997.2557103172377
200.0,1115.5,2.159867262128109e-27,2.213615289177308e-24,1.2359880788291404e-25,2.512362339230499e-07,997.2557103172377
200.0,1116.0,1.9286104536838344e-27,1.9905820259507554e-24,1.1172127382113336e-25,2.266863613745121e-07,997.2557103172377
200.0,1116.5,1.7218901853240467e-27,1.788148879187918e-24,1.0097089465491439e-25,2.045067212001505e-07,997.2557103172377
200.0,1117.0,1.53712773314971e-27,1.6046226575633522e-24,9.124211824433856e-26,1.8447136349788163e-07,997.2557103172377
200.0,1117.5,1.3720120775240563e-27,1.4384271183808132e-24,8.243910048991658e-26,1.6637551330068064e-07,997.2557103172377
200.0,1118.0,1.2244736141288472e-27,1.2880967552936262e-24,7.447489828200471e-26,1.5003376082341635e-07,997.2557103172377
200.0,1118.5,1.0926584427996156e-27,1.1522712762783515e-24,6.727061000459112e-26,1.3527816489575528e-07,997.2557103172377
200.0,1119.0,9.749065082207965e-28,1.0296902788236714e-24,6.075466676356053e-26,1.2195667859213144e-07,997.2557103172377
200.0,1119.5,8.697310887718207e-28,9.191875306888305e-25,5.486213300491813e-26,1.0993160992283629e-07,997.2557103172377
200.0,1120.0,7.758013187128678e-28,8.196855957887163e-25,4.9534128044664815e-26,9.907834029204669e-08,997.2557103172377
200.0,1120.5,6.919258659285885e-28,7.301903614713307e-25,4.4717260489829797e-26,8.928408190270612e-08,997.2557103172377
200.0,1121.0,6.170382948605269e-28,6.497862560485513e-25,4.036311383926418e-26,8.04467499974035e-08,997.2557103172377
200.0,1121.5,5.5018430722123905e-28,5.776310718964418e-25,3.6427802817518786e-26,7.247398746570047e-08,997.2557103172377
200.0,1122.0,4.9050989752513525e-28,5.129513802012396e-25,3.287154414325602e-26,6.528222816571207e-08,997.2557103172377
200.0,1122.5,4.37251049363277e-28,4.550377977939244e-25,2.9658287344460117e-26,5.879588894910065e-08,997.2557103172377
200.0,1123.0,3.8972427427252556e-28,4.032406977190471e-25,2.675536462829806e-26,5.2946607712093374e-08,997.2557103172377
200.0,1123.5,3.473182339402838e-28,3.5696601841116934e-25,2.4133179745705683e-26,4.767256632854232e-08,997.2557103172377
200.0,1124.0,3.0948613278121593e-28,3.156711961308223e-25,2.1764918643091787e-26,4.2917863514477774e-08,997.2557103172377
200.0,1124.5,2.7573907347893924e-28,2.7886159043852907e-25,1.9626298787256872e-26,3.8631970274312105e-08,997.2557103172377
200.0,1125.0,2.4563991808432633e-28,2.4608661384598863e-25,1.769532871585009e-26,3.476921103611468e-08,997.2557103172377
200.0,1125.5,2.1879787133753685e-28,2.169366503281651e-25,1.5952095548907364e-26,3.1288304969594425e-08,997.2557103172377
200.0,1126.0,1.9486361769490755e-28,1.910396410346819e-25,1.4378571405044579e-26,2.815194903271236e-08,997.2557103172377
200.0,1126.5,1.7352495187539103e-28,1.6805817536523407e-25,1.295843672435627e-26,2.532643834620235e-08,997.2557103172377
200.0,1127.0,1.5450289088948072e-28,1.4768669297856488e-25,1.1676921832337862e-26,2.2781326056165043e-08,997.2557103172377
200.0,1127.5,1.3754817125412428e-28,1.296488706907174e-25,1.0520661660563527e-26,2.048911231157866e-08,997.2557103172377
200.0,1128.0,1.2243808324537766e-28,1.1369508332899573e-25,9.477561672296814e-27,1.8424958217713204e-08,997.2557103172377
200.0,1128.5,1.0897370237410988e-28,9.960020971257246e-26,8.536681259664086e-27,1.6566436632077023e-08,997.2557103172377
200.0,1129.0,9.697737965854452e-29,8.716144479607172e-26,7.688125665585718e-27,1.4893302028656658e-08,997.2557103172377
200.0,1129.5,8.629043652685729e-29,7.619635216920953e-26,6.922943290012234e-27,1.3387273133495382e-08,997.2557103172377
200.0,1130.0,7.67712148131074e-29,6.654103365297455e-26,6.233041498941873e-27,1.2031853507700849e-08,997.2557103172377
200.0,1130.5,6.829322906819727e-29,5.804844064425295e-26,5.6111021412241564e-27,1.0812153402323064e-08,997.2557103172377
200.0,1131.0,6.074358368619929e-29,5.0586790231042067e-26,5.050510613294824e-27,9.714739499801458e-09,997.2557103172377
200.0,1131.5,5.402150438277345e-29,4.403817235991463e-26,4.545287292017225e-27,8.727490739210107e-09,997.2557103172377
200.0,1132.0,4.803706527584453e-29,3.8297203225801693e-26,4.0900287464214145e-27,7.839474361848962e-09,997.2557103172377
200.0,1132.5,4.271001828130789e-29,3.3269820410219384e-26,3.6798517881157586e-27,7.040828655302849e-09,997.2557103172377
200.0,1133.0,3.7968772972012004e-29,2.8872170464133036e-26,3.310345037950649e-27,6.322661253275536e-09,997.2557103172377
200.0,1133.5,3.3749463705441676e-29,2.5029605883642155e-26,2.9775232884961258e-27,5.676953804853821e-09,997.2557103172377
200.0,1134.0,2.9995125084960575e-29,2.167575450063129e-26,2.677786974788401e-27,5.096477340682072e-09,997.2557103172377
200.0,1134.5,2.665495769901995e-29,1.8751672073594504e-26,2.407885732990221e-27,4.574716270163115e-09,997.2557103172377
200.0,1135.0,2.3683661568841937e-29,1.6205087323097174e-26,2.1648844889252558e-27,4.105797952476189e-09,997.2557103172377
200.0,1135.5,2.1040846332374083e-29,1.3989699352532267e-26,1.9461332700233276e-27,3.6844300360000387e-09,997.2557103172377
200.0,1136.0,1.869050612745297e-29,1.2064545943098608e-26,1.7492400601399417e-27,3.305844187722678e-09,997.2557103172377
200.0,1136.5,1.6600548641747475e-29,1.0393436560025226e-26,1.5720460742425147e-27,2.9657449616468536e-09,997.2557103172377
200.0,1137.0,1.4742370806317903e-29,8.944436203346266e-27,1.4126030422672768e-27,2.6602629722175334e-09,997.2557103172377
200.0,1137.5,1.309048414205651e-29,7.68939856248248e-27,1.269153059774032e-27,2.3859133705692905e-09,997.2557103172377
200.0,1138.0,1.1622179978896373e-29,6.603548474629268e-27,1.1401103492487702e-27,2.1395583292954404e-09,997.2557103172377
200.0,1138.5,1.0317227776941189e-29,5.665105212859566e-27,1.0240444987249342e-27,1.918372676697045e-09,997.2557103172377
200.0,1139.0,9.157605797199637e-30,4.854943522453631e-27,9.196652971459838e-28,1.719812866943868e-09,997.2557103172377
200.0,1139.5,8.127264121924231e-30,4.156291249897774e-27,8.2580936490698e-28,1.5415896172663927e-09,997.2557103172377
200.0,1140.0,7.211910244441742e-30,3.5544581719481836e-27,7.414277822907024e-28,1.3816426829245888e-09,997.2557103172377
200.0,1140.5,6.398817980791524e-30,3.036591787713989e-27,6.655749294737199e-28,1.2381181425171497e-09,997.2557103172377
200.0,1141.0,5.676657822380804e-30,2.5914629626544388e-27,5.973984887892028e-28,1.1093480724785212e-09,997.2557103172377
200.0,1141.5,5.035344591916813e-30,2.2092721800265027e-27,5.361303082872304e-28,9.938320246695774e-10,997.2557103172377
200.0,1142.0,4.465902026457578e-30,1.8814775553408344e-27,4.810781962672672e-28,8.902204148693498e-10,997.2557103172377
200.0,1142.5,3.9603416544740054e-30,1.6006428804891594e-27,4.316184721025051e-28,7.972994769724289e-10,997.2557103172377
200.0,1143.0,3.511556719239669e-30,1.360302423462182e-27,3.8718945051852134e-28,7.139780912036481e-10,997.2557103172377
200.0,1143.5,3.113222684988953e-30,1.1548406540245545e-27,3.472850208066074e-28,6.392749206057944e-10,997.2557103172377
200.0,1144.0,2.759714858272945e-30,9.79386895346922e-28,3.1144954299826302e-28,5.723080982047224e-10,997.2557103172377
200.0,1144.5,2.4460297708972586e-30,8.297210497351425e-28,2.792726687900394e-28,5.12284880473764e-10,997.2557103172377
200.0,1145.0,2.167718035684709e-30,7.021914577181613e-28,2.5038499190629876e-28,4.584929246169751e-10,997.2557103172377
200.0,1145.5,1.9208228446108793e-30,5.936419053031163e-28,2.244539342106409e-28,4.1029208508946193e-10,997.2557103172377
200.0,1146.0,1.7018269304990142e-30,5.0134787569418e-28,2.0118023722411431e-28,3.6710739796816373e-10,997.2557103172377
200.0,1146.5,1.5076029141386377e-30,4.22960119545189e-28,1.8029451690956794e-28,3.284222515082448e-10,997.2557103172377
200.0,1147.0,1.3353713626471176e-30,3.5645542337544022e-28,1.6155442383872618e-28,2.9377272673676124e-10,997.2557103172377
200.0,1147.5,1.1826619511363136e-30,3.000935409613095e-28,1.4474190715734557e-28,2.6274218364035633e-10,997.2557103172377
200.0,1148.0,1.0472797965543704e-30,2.5237927659047198e-28,1.2966085791491025e-28,2.349565895702081e-10,997.2557103172377
200.0,1148.5,9.272746127139516e-31,2.1202950351160387e-28,1.1613487854409533e-28,2.1008012302900182e-10,997.2557103172377
200.0,1149.0,8.209136269023975e-31,1.779444916523358e-28,1.0400531691216666e-28,1.8781129966695475e-10,997.2557103172377
200.0,1149.5,7.266580699947074e-31,1.4918267793698112e-28,9.312957074521333e-29,1.6787962479440134e-10,997.2557103172377
200.0,1150.0,6.431410771597452e-31,1.2493893938935092e-28,8.337941138421604e-29,1.5004231443563486e-10,997.2557103172377
