x_mm,y_mm,relative_ratio
16.4000,12.4000,0.895971
16.5000,12.4000,0.873245
16.6000,12.4000,0.889964
16.7000,12.4000,0.945697
16.8000,12.4000,0.957092
16.9000,12.4000,0.949738
17.0000,12.4000,0.940480
17.1000,12.4000,0.954827
17.2000,12.4000,0.939567
17.3000,12.4000,0.895685
17.4000,12.4000,0.866399
17.5000,12.4000,0.843107
17.6000,12.4000,0.816568
17.7000,12.4000,0.727125
16.1000,12.5000,1.011428
16.2000,12.5000,0.980963
16.3000,12.5000,0.984440
16.4000,12.5000,1.020544
16.5000,12.5000,1.038157
16.6000,12.5000,1.038671
16.7000,12.5000,1.040809
16.8000,12.5000,1.059423
16.9000,12.5000,1.024933
17.0000,12.5000,1.024756
17.1000,12.5000,1.043102
17.2000,12.5000,1.047048
17.3000,12.5000,1.023573
17.4000,12.5000,1.014207
17.5000,12.5000,1.018553
17.6000,12.5000,0.970159
17.7000,12.5000,0.967816
17.8000,12.5000,0.934273
17.9000,12.5000,0.873982
18.0000,12.5000,0.835937
18.1000,12.5000,0.817063
15.9000,12.6000,1.018735
16.0000,12.6000,1.024439
16.1000,12.6000,1.046984
16.2000,12.6000,1.045032
16.3000,12.6000,1.034696
16.4000,12.6000,1.035502
16.5000,12.6000,1.041312
16.6000,12.6000,1.039481
16.7000,12.6000,1.043857
16.8000,12.6000,1.057730
16.9000,12.6000,1.051180
17.0000,12.6000,1.043117
17.1000,12.6000,1.052595
17.2000,12.6000,1.045861
17.3000,12.6000,1.048731
17.4000,12.6000,1.035847
17.5000,12.6000,1.050202
17.6000,12.6000,1.062229
17.7000,12.6000,1.042588
17.8000,12.6000,1.046640
17.9000,12.6000,1.012419
18.0000,12.6000,1.019847
18.1000,12.6000,0.975685
18.2000,12.6000,0.932627
18.3000,12.6000,0.882072
18.4000,12.6000,0.809906
15.7000,12.7000,1.105566
15.8000,12.7000,1.050154
15.9000,12.7000,1.038224
16.0000,12.7000,1.064395
16.1000,12.7000,1.049414
16.2000,12.7000,1.035771
16.3000,12.7000,1.049796
16.4000,12.7000,1.040669
16.5000,12.7000,1.051553
16.6000,12.7000,1.060048
16.7000,12.7000,1.058254
16.8000,12.7000,1.053718
16.9000,12.7000,1.031841
17.0000,12.7000,1.062795
17.1000,12.7000,1.039618
17.2000,12.7000,1.062881
17.3000,12.7000,1.037005
17.4000,12.7000,1.051038
17.5000,12.7000,1.064452
17.6000,12.7000,1.044082
17.7000,12.7000,1.050171
17.8000,12.7000,1.060447
17.9000,12.7000,1.037997
18.0000,12.7000,1.057061
18.1000,12.7000,1.049467
18.2000,12.7000,1.038058
18.3000,12.7000,1.020109
18.4000,12.7000,0.980463
18.5000,12.7000,0.929265
18.6000,12.7000,0.908038
18.7000,12.7000,0.808461
15.5000,12.8000,1.133377
15.6000,12.8000,1.082645
15.7000,12.8000,1.075673
15.8000,12.8000,1.048850
15.9000,12.8000,1.049946
16.0000,12.8000,1.053163
16.1000,12.8000,1.050818
16.2000,12.8000,1.048877
16.3000,12.8000,1.054012
16.4000,12.8000,1.036839
16.5000,12.8000,1.046073
16.6000,12.8000,1.038322
16.7000,12.8000,1.048302
16.8000,12.8000,1.053341
16.9000,12.8000,1.047626
17.0000,12.8000,1.052017
17.1000,12.8000,1.038887
17.2000,12.8000,1.036577
17.3000,12.8000,1.053105
17.4000,12.8000,1.045680
17.5000,12.8000,1.061764
17.6000,12.8000,1.076789
17.7000,12.8000,1.055565
17.8000,12.8000,1.075001
17.9000,12.8000,1.073820
18.0000,12.8000,1.059340
18.1000,12.8000,1.058722
18.2000,12.8000,1.051598
18.3000,12.8000,1.047971
18.4000,12.8000,1.031910
18.5000,12.8000,1.019997
18.6000,12.8000,1.010219
18.7000,12.8000,0.966832
18.8000,12.8000,0.906129
18.9000,12.8000,0.841953
15.3000,12.9000,1.242090
15.4000,12.9000,1.135745
15.5000,12.9000,1.076633
15.6000,12.9000,1.048680
15.7000,12.9000,1.063715
15.8000,12.9000,1.061778
15.9000,12.9000,1.039353
16.0000,12.9000,1.045235
16.1000,12.9000,1.057917
16.2000,12.9000,1.056396
16.3000,12.9000,1.050088
16.4000,12.9000,1.059207
16.5000,12.9000,1.059246
16.6000,12.9000,1.059192
16.7000,12.9000,1.056630
16.8000,12.9000,1.052154
16.9000,12.9000,1.060018
17.0000,12.9000,1.055571
17.1000,12.9000,1.055527
17.2000,12.9000,1.059331
17.3000,12.9000,1.053662
17.4000,12.9000,1.056195
17.5000,12.9000,1.042035
17.6000,12.9000,1.057330
17.7000,12.9000,1.059398
17.8000,12.9000,1.075792
17.9000,12.9000,1.068812
18.0000,12.9000,1.061337
18.1000,12.9000,1.070130
18.2000,12.9000,1.057315
18.3000,12.9000,1.064219
18.4000,12.9000,1.053043
18.5000,12.9000,1.053848
18.6000,12.9000,1.046961
18.7000,12.9000,1.024946
18.8000,12.9000,1.023292
18.9000,12.9000,0.974827
19.0000,12.9000,0.919225
19.1000,12.9000,0.874593
15.2000,13.0000,1.190516
15.3000,13.0000,1.097810
15.4000,13.0000,1.062201
15.5000,13.0000,1.049523
15.6000,13.0000,1.062237
15.7000,13.0000,1.047144
15.8000,13.0000,1.055193
15.9000,13.0000,1.051562
16.0000,13.0000,1.030036
16.1000,13.0000,1.055858
16.2000,13.0000,1.045456
16.3000,13.0000,1.062768
16.4000,13.0000,1.057310
16.5000,13.0000,1.050228
16.6000,13.0000,1.058776
16.7000,13.0000,1.043932
16.8000,13.0000,1.050334
16.9000,13.0000,1.061006
17.0000,13.0000,1.050151
17.1000,13.0000,1.051022
17.2000,13.0000,1.048815
17.3000,13.0000,1.058013
17.4000,13.0000,1.070009
17.5000,13.0000,1.051032
17.6000,13.0000,1.045010
17.7000,13.0000,1.041129
17.8000,13.0000,1.058562
17.9000,13.0000,1.065262
18.0000,13.0000,1.059713
18.1000,13.0000,1.069851
18.2000,13.0000,1.064446
18.3000,13.0000,1.058935
18.4000,13.0000,1.067193
18.5000,13.0000,1.059428
18.6000,13.0000,1.075319
18.7000,13.0000,1.069238
18.8000,13.0000,1.052976
18.9000,13.0000,1.040947
19.0000,13.0000,1.008697
19.1000,13.0000,0.981390
19.2000,13.0000,0.920274
19.3000,13.0000,0.832356
15.1000,13.1000,1.175651
15.2000,13.1000,1.097007
15.3000,13.1000,1.068921
15.4000,13.1000,1.054521
15.5000,13.1000,1.049669
15.6000,13.1000,1.041944
15.7000,13.1000,1.054048
15.8000,13.1000,1.058694
15.9000,13.1000,1.048349
16.0000,13.1000,1.046058
16.1000,13.1000,1.062310
16.2000,13.1000,1.040883
16.3000,13.1000,1.042075
16.4000,13.1000,1.056815
16.5000,13.1000,1.056701
16.6000,13.1000,1.056769
16.7000,13.1000,1.055802
16.8000,13.1000,1.057973
16.9000,13.1000,1.058828
17.0000,13.1000,1.055613
17.1000,13.1000,1.072157
17.2000,13.1000,1.055188
17.3000,13.1000,1.049639
17.4000,13.1000,1.063069
17.5000,13.1000,1.064688
17.6000,13.1000,1.074149
17.7000,13.1000,1.063454
17.8000,13.1000,1.066135
17.9000,13.1000,1.058794
18.0000,13.1000,1.062933
18.1000,13.1000,1.064859
18.2000,13.1000,1.048838
18.3000,13.1000,1.081752
18.4000,13.1000,1.071693
18.5000,13.1000,1.078545
18.6000,13.1000,1.076704
18.7000,13.1000,1.058232
18.8000,13.1000,1.062384
18.9000,13.1000,1.055389
19.0000,13.1000,1.035103
19.1000,13.1000,1.040339
19.2000,13.1000,0.995696
19.3000,13.1000,0.968166
19.4000,13.1000,0.902117
14.9000,13.2000,1.288286
15.0000,13.2000,1.128122
15.1000,13.2000,1.069469
15.2000,13.2000,1.051987
15.3000,13.2000,1.049256
15.4000,13.2000,1.055231
15.5000,13.2000,1.057997
15.6000,13.2000,1.055396
15.7000,13.2000,1.045832
15.8000,13.2000,1.042540
15.9000,13.2000,1.060149
16.0000,13.2000,1.071751
16.1000,13.2000,1.051651
16.2000,13.2000,1.053592
16.3000,13.2000,1.065829
16.4000,13.2000,1.062859
16.5000,13.2000,1.046955
16.6000,13.2000,1.072855
16.7000,13.2000,1.059542
16.8000,13.2000,1.065347
16.9000,13.2000,1.056530
17.0000,13.2000,1.059003
17.1000,13.2000,1.053044
17.2000,13.2000,1.058717
17.3000,13.2000,1.064410
17.4000,13.2000,1.065007
17.5000,13.2000,1.058305
17.6000,13.2000,1.057536
17.7000,13.2000,1.058705
17.8000,13.2000,1.048908
17.9000,13.2000,1.063566
18.0000,13.2000,1.064603
18.1000,13.2000,1.069439
18.2000,13.2000,1.056034
18.3000,13.2000,1.078714
18.4000,13.2000,1.060771
18.5000,13.2000,1.062127
18.6000,13.2000,1.078409
18.7000,13.2000,1.058880
18.8000,13.2000,1.075289
18.9000,13.2000,1.079218
19.0000,13.2000,1.050045
19.1000,13.2000,1.063060
19.2000,13.2000,1.048301
19.3000,13.2000,1.026225
19.4000,13.2000,0.998122
19.5000,13.2000,0.947120
19.6000,13.2000,0.866941
14.8000,13.3000,1.278607
14.9000,13.3000,1.142499
15.0000,13.3000,1.063561
15.1000,13.3000,1.060951
15.2000,13.3000,1.064853
15.3000,13.3000,1.049130
15.4000,13.3000,1.049762
15.5000,13.3000,1.064599
15.6000,13.3000,1.062588
15.7000,13.3000,1.049267
15.8000,13.3000,1.044774
15.9000,13.3000,1.059720
16.0000,13.3000,1.046857
16.1000,13.3000,1.048094
16.2000,13.3000,1.079378
16.3000,13.3000,1.054685
16.4000,13.3000,1.058353
16.5000,13.3000,1.059391
16.6000,13.3000,1.040754
16.7000,13.3000,1.045789
16.8000,13.3000,1.057514
16.9000,13.3000,1.054938
17.0000,13.3000,1.068341
17.1000,13.3000,1.043815
17.2000,13.3000,1.052195
17.3000,13.3000,1.072065
17.4000,13.3000,1.061950
17.5000,13.3000,1.072206
17.6000,13.3000,1.067242
17.7000,13.3000,1.070497
17.8000,13.3000,1.069996
17.9000,13.3000,1.057084
18.0000,13.3000,1.063173
18.1000,13.3000,1.071769
18.2000,13.3000,1.066076
18.3000,13.3000,1.067841
18.4000,13.3000,1.075570
18.5000,13.3000,1.079265
18.6000,13.3000,1.072263
18.7000,13.3000,1.066715
18.8000,13.3000,1.076780
18.9000,13.3000,1.088583
19.0000,13.3000,1.073318
19.1000,13.3000,1.087570
19.2000,13.3000,1.064824
19.3000,13.3000,1.056103
19.4000,13.3000,1.051028
19.5000,13.3000,1.035639
19.6000,13.3000,0.980339
19.7000,13.3000,0.909813
14.7000,13.4000,1.273342
14.8000,13.4000,1.135913
14.9000,13.4000,1.093689
15.0000,13.4000,1.057663
15.1000,13.4000,1.053541
15.2000,13.4000,1.047087
15.3000,13.4000,1.030013
15.4000,13.4000,1.063737
15.5000,13.4000,1.052880
15.6000,13.4000,1.046385
15.7000,13.4000,1.052876
15.8000,13.4000,1.056168
15.9000,13.4000,1.058149
16.0000,13.4000,1.065371
16.1000,13.4000,1.062077
16.2000,13.4000,1.065016
16.3000,13.4000,1.065389
16.4000,13.4000,1.060609
16.5000,13.4000,1.055556
16.6000,13.4000,1.052219
16.7000,13.4000,1.039887
16.8000,13.4000,1.052397
16.9000,13.4000,1.050529
17.0000,13.4000,1.052100
17.1000,13.4000,1.068359
17.2000,13.4000,1.070952
17.3000,13.4000,1.063164
17.4000,13.4000,1.052267
17.5000,13.4000,1.074755
17.6000,13.4000,1.072837
17.7000,13.4000,1.068562
17.8000,13.4000,1.075038
17.9000,13.4000,1.063001
18.0000,13.4000,1.068064
18.1000,13.4000,1.085972
18.2000,13.4000,1.086293
18.3000,13.4000,1.078416
18.4000,13.4000,1.073525
18.5000,13.4000,1.069700
18.6000,13.4000,1.077459
18.7000,13.4000,1.085885
18.8000,13.4000,1.070077
18.9000,13.4000,1.065979
19.0000,13.4000,1.067801
19.1000,13.4000,1.081639
19.2000,13.4000,1.075339
19.3000,13.4000,1.077664
19.4000,13.4000,1.066085
19.5000,13.4000,1.053962
19.6000,13.4000,1.037259
19.7000,13.4000,0.989904
19.8000,13.4000,0.945229
14.6000,13.5000,1.273935
14.7000,13.5000,1.139645
14.8000,13.5000,1.090896
14.9000,13.5000,1.053270
15.0000,13.5000,1.053402
15.1000,13.5000,1.061860
15.2000,13.5000,1.064745
15.3000,13.5000,1.055165
15.4000,13.5000,1.064407
15.5000,13.5000,1.048446
15.6000,13.5000,1.063063
15.7000,13.5000,1.048934
15.8000,13.5000,1.048288
15.9000,13.5000,1.059291
16.0000,13.5000,1.054936
16.1000,13.5000,1.061741
16.2000,13.5000,1.058676
16.3000,13.5000,1.063109
16.4000,13.5000,1.052144
16.5000,13.5000,1.061464
16.6000,13.5000,1.058292
16.7000,13.5000,1.073995
16.8000,13.5000,1.075560
16.9000,13.5000,1.066321
17.0000,13.5000,1.078768
17.1000,13.5000,1.097766
17.2000,13.5000,1.098940
17.3000,13.5000,1.086946
17.4000,13.5000,1.070163
17.5000,13.5000,1.062274
17.6000,13.5000,1.066222
17.7000,13.5000,1.060005
17.8000,13.5000,1.065525
17.9000,13.5000,1.070617
18.0000,13.5000,1.086579
18.1000,13.5000,1.070920
18.2000,13.5000,1.071872
18.3000,13.5000,1.074669
18.4000,13.5000,1.076263
18.5000,13.5000,1.085181
18.6000,13.5000,1.093271
18.7000,13.5000,1.079319
18.8000,13.5000,1.087187
18.9000,13.5000,1.072546
19.0000,13.5000,1.076039
19.1000,13.5000,1.063889
19.2000,13.5000,1.065480
19.3000,13.5000,1.087437
19.4000,13.5000,1.070036
19.5000,13.5000,1.059503
19.6000,13.5000,1.054314
19.7000,13.5000,1.033521
19.8000,13.5000,1.012887
19.9000,13.5000,0.950654
20.0000,13.5000,0.811543
14.5000,13.6000,1.263330
14.6000,13.6000,1.144234
14.7000,13.6000,1.078749
14.8000,13.6000,1.069287
14.9000,13.6000,1.056841
15.0000,13.6000,1.060423
15.1000,13.6000,1.059124
15.2000,13.6000,1.051770
15.3000,13.6000,1.058486
15.4000,13.6000,1.060494
15.5000,13.6000,1.054271
15.6000,13.6000,1.061479
15.7000,13.6000,1.062601
15.8000,13.6000,1.058925
15.9000,13.6000,1.060280
16.0000,13.6000,1.056588
16.1000,13.6000,1.068141
16.2000,13.6000,1.065726
16.3000,13.6000,1.064821
16.4000,13.6000,1.064895
16.5000,13.6000,1.062380
16.6000,13.6000,1.047233
16.7000,13.6000,1.064611
16.8000,13.6000,1.070470
16.9000,13.6000,1.070085
17.0000,13.6000,1.063936
17.1000,13.6000,1.065168
17.2000,13.6000,1.062610
17.3000,13.6000,1.084664
17.4000,13.6000,1.079394
17.5000,13.6000,1.070897
17.6000,13.6000,1.073291
17.7000,13.6000,1.078870
17.8000,13.6000,1.085821
17.9000,13.6000,1.082018
18.0000,13.6000,1.076378
18.1000,13.6000,1.084872
18.2000,13.6000,1.085889
18.3000,13.6000,1.084584
18.4000,13.6000,1.070851
18.5000,13.6000,1.069029
18.6000,13.6000,1.082647
18.7000,13.6000,1.091359
18.8000,13.6000,1.076541
18.9000,13.6000,1.072093
19.0000,13.6000,1.088206
19.1000,13.6000,1.094259
19.2000,13.6000,1.084102
19.3000,13.6000,1.084277
19.4000,13.6000,1.082664
19.5000,13.6000,1.069472
19.6000,13.6000,1.087535
19.7000,13.6000,1.055973
19.8000,13.6000,1.054116
19.9000,13.6000,1.022494
20.0000,13.6000,0.964866
20.1000,13.6000,0.819667
14.4000,13.7000,1.315929
14.5000,13.7000,1.132262
14.6000,13.7000,1.085545
14.7000,13.7000,1.061271
14.8000,13.7000,1.052003
14.9000,13.7000,1.055029
15.0000,13.7000,1.062030
15.1000,13.7000,1.062282
15.2000,13.7000,1.061335
15.3000,13.7000,1.060434
15.4000,13.7000,1.064981
15.5000,13.7000,1.055023
15.6000,13.7000,1.050407
15.7000,13.7000,1.045167
15.8000,13.7000,1.065146
15.9000,13.7000,1.063015
16.0000,13.7000,1.056179
16.1000,13.7000,1.049296
16.2000,13.7000,1.045682
16.3000,13.7000,1.053739
16.4000,13.7000,1.044638
16.5000,13.7000,1.033078
16.6000,13.7000,1.060926
16.7000,13.7000,1.068502
16.8000,13.7000,1.060716
16.9000,13.7000,1.051528
17.0000,13.7000,1.029805
17.1000,13.7000,1.031112
17.2000,13.7000,1.045243
17.3000,13.7000,1.065939
17.4000,13.7000,1.064529
17.5000,13.7000,1.066671
17.6000,13.7000,1.061968
17.7000,13.7000,1.061680
17.8000,13.7000,1.075831
17.9000,13.7000,1.084125
18.0000,13.7000,1.060282
18.1000,13.7000,1.084603
18.2000,13.7000,1.087304
18.3000,13.7000,1.075324
18.4000,13.7000,1.089621
18.5000,13.7000,1.090179
18.6000,13.7000,1.079552
18.7000,13.7000,1.080479
18.8000,13.7000,1.086316
18.9000,13.7000,1.085277
19.0000,13.7000,1.083502
19.1000,13.7000,1.090288
19.2000,13.7000,1.078300
19.3000,13.7000,1.097443
19.4000,13.7000,1.070644
19.5000,13.7000,1.079506
19.6000,13.7000,1.076150
19.7000,13.7000,1.072132
19.8000,13.7000,1.063217
19.9000,13.7000,1.033032
20.0000,13.7000,1.014253
20.1000,13.7000,0.974895
20.2000,13.7000,0.856404
14.3000,13.8000,1.380172
14.4000,13.8000,1.164792
14.5000,13.8000,1.070509
14.6000,13.8000,1.051861
14.7000,13.8000,1.058536
14.8000,13.8000,1.061550
14.9000,13.8000,1.046399
15.0000,13.8000,1.046114
15.1000,13.8000,1.055127
15.2000,13.8000,1.051163
15.3000,13.8000,1.062913
15.4000,13.8000,1.056987
15.5000,13.8000,1.052692
15.6000,13.8000,1.045892
15.7000,13.8000,1.059498
15.8000,13.8000,1.041192
15.9000,13.8000,1.060081
16.0000,13.8000,1.064636
16.1000,13.8000,1.067111
16.2000,13.8000,1.062110
16.3000,13.8000,1.060126
16.4000,13.8000,1.047174
16.5000,13.8000,1.064913
16.6000,13.8000,1.074326
16.7000,13.8000,1.052934
16.8000,13.8000,1.056952
16.9000,13.8000,1.073315
17.0000,13.8000,1.072361
17.1000,13.8000,1.077064
17.2000,13.8000,1.062120
17.3000,13.8000,1.047758
17.4000,13.8000,1.074948
17.5000,13.8000,1.061969
17.6000,13.8000,1.075450
17.7000,13.8000,1.072231
17.8000,13.8000,1.058288
17.9000,13.8000,1.064543
18.0000,13.8000,1.068762
18.1000,13.8000,1.059632
18.2000,13.8000,1.089893
18.3000,13.8000,1.067315
18.4000,13.8000,1.086680
18.5000,13.8000,1.088497
18.6000,13.8000,1.073663
18.7000,13.8000,1.060976
18.8000,13.8000,1.064182
18.9000,13.8000,1.072019
19.0000,13.8000,1.074183
19.1000,13.8000,1.070752
19.2000,13.8000,1.072988
19.3000,13.8000,1.076872
19.4000,13.8000,1.085220
19.5000,13.8000,1.075054
19.6000,13.8000,1.082069
19.7000,13.8000,1.073177
19.8000,13.8000,1.051840
19.9000,13.8000,1.056774
20.0000,13.8000,1.033298
20.1000,13.8000,1.010279
20.2000,13.8000,0.969396
20.3000,13.8000,0.834512
14.2000,13.9000,1.392329
14.3000,13.9000,1.163073
14.4000,13.9000,1.069379
14.5000,13.9000,1.057800
14.6000,13.9000,1.057658
14.7000,13.9000,1.055566
14.8000,13.9000,1.059364
14.9000,13.9000,1.059322
15.0000,13.9000,1.063238
15.1000,13.9000,1.048698
15.2000,13.9000,1.049273
15.3000,13.9000,1.050644
15.4000,13.9000,1.067535
15.5000,13.9000,1.062701
15.6000,13.9000,1.051292
15.7000,13.9000,1.071028
15.8000,13.9000,1.070551
15.9000,13.9000,1.063564
16.0000,13.9000,1.051122
16.1000,13.9000,1.042894
16.2000,13.9000,1.059577
16.3000,13.9000,1.060765
16.4000,13.9000,1.061211
16.5000,13.9000,1.059478
16.6000,13.9000,1.064596
16.7000,13.9000,1.053456
16.8000,13.9000,1.055141
16.9000,13.9000,1.067280
17.0000,13.9000,1.071695
17.1000,13.9000,1.071116
17.2000,13.9000,1.081702
17.3000,13.9000,1.067694
17.4000,13.9000,1.064722
17.5000,13.9000,1.074922
17.6000,13.9000,1.068927
17.7000,13.9000,1.070706
17.8000,13.9000,1.076538
17.9000,13.9000,1.080428
18.0000,13.9000,1.080186
18.1000,13.9000,1.064632
18.2000,13.9000,1.088083
18.3000,13.9000,1.086349
18.4000,13.9000,1.089644
18.5000,13.9000,1.074821
18.6000,13.9000,1.064828
18.7000,13.9000,1.082591
18.8000,13.9000,1.093746
18.9000,13.9000,1.097297
19.0000,13.9000,1.079662
19.1000,13.9000,1.087116
19.2000,13.9000,1.080182
19.3000,13.9000,1.089532
19.4000,13.9000,1.093901
19.5000,13.9000,1.071623
19.6000,13.9000,1.086294
19.7000,13.9000,1.079840
19.8000,13.9000,1.081462
19.9000,13.9000,1.073498
20.0000,13.9000,1.065092
20.1000,13.9000,1.051229
20.2000,13.9000,1.018378
20.3000,13.9000,0.965954
14.2000,14.0000,1.195948
14.3000,14.0000,1.083612
14.4000,14.0000,1.062167
14.5000,14.0000,1.064342
14.6000,14.0000,1.075030
14.7000,14.0000,1.049774
14.8000,14.0000,1.055503
14.9000,14.0000,1.070260
15.0000,14.0000,1.059549
15.1000,14.0000,1.058070
15.2000,14.0000,1.062426
15.3000,14.0000,1.062543
15.4000,14.0000,1.058605
15.5000,14.0000,1.071853
15.6000,14.0000,1.060315
15.7000,14.0000,1.049229
15.8000,14.0000,1.060618
15.9000,14.0000,1.057240
16.0000,14.0000,1.066363
16.1000,14.0000,1.062581
16.2000,14.0000,1.048132
16.3000,14.0000,1.044022
16.4000,14.0000,1.049441
16.5000,14.0000,1.057516
16.6000,14.0000,1.066676
16.7000,14.0000,1.066972
16.8000,14.0000,1.059681
16.9000,14.0000,1.069722
17.0000,14.0000,1.041859
17.1000,14.0000,1.068054
17.2000,14.0000,1.074866
17.3000,14.0000,1.070044
17.4000,14.0000,1.077512
17.5000,14.0000,1.079990
17.6000,14.0000,1.080976
17.7000,14.0000,1.062299
17.8000,14.0000,1.076325
17.9000,14.0000,1.074829
18.0000,14.0000,1.080582
18.1000,14.0000,1.071213
18.2000,14.0000,1.071564
18.3000,14.0000,1.068765
18.4000,14.0000,1.073969
18.5000,14.0000,1.074177
18.6000,14.0000,1.093192
18.7000,14.0000,1.086779
18.8000,14.0000,1.075928
18.9000,14.0000,1.081663
19.0000,14.0000,1.084901
19.1000,14.0000,1.069819
19.2000,14.0000,1.087468
19.3000,14.0000,1.078926
19.4000,14.0000,1.088463
19.5000,14.0000,1.075212
19.6000,14.0000,1.082475
19.7000,14.0000,1.081298
19.8000,14.0000,1.081310
19.9000,14.0000,1.067199
20.0000,14.0000,1.060004
20.1000,14.0000,1.050488
20.2000,14.0000,1.038713
20.3000,14.0000,1.023424
20.4000,14.0000,0.941604
14.1000,14.1000,1.270414
14.2000,14.1000,1.115260
14.3000,14.1000,1.079467
14.4000,14.1000,1.048265
14.5000,14.1000,1.045992
14.6000,14.1000,1.051061
14.7000,14.1000,1.047673
14.8000,14.1000,1.061349
14.9000,14.1000,1.062519
15.0000,14.1000,1.056108
15.1000,14.1000,1.057954
15.2000,14.1000,1.060546
15.3000,14.1000,1.057689
15.4000,14.1000,1.052449
15.5000,14.1000,1.069901
15.6000,14.1000,1.056336
15.7000,14.1000,1.064725
15.8000,14.1000,1.069572
15.9000,14.1000,1.055809
16.0000,14.1000,1.063469
16.1000,14.1000,1.065737
16.2000,14.1000,1.065153
16.3000,14.1000,1.062364
16.4000,14.1000,1.073432
16.5000,14.1000,1.067059
16.6000,14.1000,1.061939
16.7000,14.1000,1.061749
16.8000,14.1000,1.069369
16.9000,14.1000,1.073195
17.0000,14.1000,1.061531
17.1000,14.1000,1.071934
17.2000,14.1000,1.069775
17.3000,14.1000,1.064187
17.4000,14.1000,1.066719
17.5000,14.1000,1.060136
17.6000,14.1000,1.054473
17.7000,14.1000,1.072048
17.8000,14.1000,1.072977
17.9000,14.1000,1.080247
18.0000,14.1000,1.068997
18.1000,14.1000,1.084317
18.2000,14.1000,1.074599
18.3000,14.1000,1.083060
18.4000,14.1000,1.073846
18.5000,14.1000,1.074326
18.6000,14.1000,1.094721
18.7000,14.1000,1.073126
18.8000,14.1000,1.078849
18.9000,14.1000,1.070418
19.0000,14.1000,1.078508
19.1000,14.1000,1.081791
19.2000,14.1000,1.072488
19.3000,14.1000,1.079733
19.4000,14.1000,1.069239
19.5000,14.1000,1.079499
19.6000,14.1000,1.089213
19.7000,14.1000,1.088604
19.8000,14.1000,1.080140
19.9000,14.1000,1.087506
20.0000,14.1000,1.091805
20.1000,14.1000,1.071973
20.2000,14.1000,1.038121
20.3000,14.1000,1.029711
20.4000,14.1000,1.002491
20.5000,14.1000,0.937118
14.0000,14.2000,1.338718
14.1000,14.2000,1.130878
14.2000,14.2000,1.066763
14.3000,14.2000,1.059230
14.4000,14.2000,1.050651
14.5000,14.2000,1.028884
14.6000,14.2000,1.043434
14.7000,14.2000,1.045538
14.8000,14.2000,1.044276
14.9000,14.2000,1.056751
15.0000,14.2000,1.057890
15.1000,14.2000,1.048789
15.2000,14.2000,1.051373
15.3000,14.2000,1.050017
15.4000,14.2000,1.051444
15.5000,14.2000,1.046720
15.6000,14.2000,1.053794
15.7000,14.2000,1.053180
15.8000,14.2000,1.064276
15.9000,14.2000,1.060232
16.0000,14.2000,1.061791
16.1000,14.2000,1.066681
16.2000,14.2000,1.055770
16.3000,14.2000,1.062753
16.4000,14.2000,1.063993
16.5000,14.2000,1.066316
16.6000,14.2000,1.065234
16.7000,14.2000,1.041346
16.8000,14.2000,1.086968
16.9000,14.2000,1.065415
17.0000,14.2000,1.057953
17.1000,14.2000,1.054749
17.2000,14.2000,1.061624
17.3000,14.2000,1.065774
17.4000,14.2000,1.066980
17.5000,14.2000,1.051506
17.6000,14.2000,1.057372
17.7000,14.2000,1.062878
17.8000,14.2000,1.062336
17.9000,14.2000,1.070590
18.0000,14.2000,1.059009
18.1000,14.2000,1.069183
18.2000,14.2000,1.078780
18.3000,14.2000,1.083783
18.4000,14.2000,1.064685
18.5000,14.2000,1.071857
18.6000,14.2000,1.080187
18.7000,14.2000,1.068098
18.8000,14.2000,1.071762
18.9000,14.2000,1.080963
19.0000,14.2000,1.065005
19.1000,14.2000,1.089649
19.2000,14.2000,1.063801
19.3000,14.2000,1.080794
19.4000,14.2000,1.073861
19.5000,14.2000,1.086311
19.6000,14.2000,1.068327
19.7000,14.2000,1.076522
19.8000,14.2000,1.088107
19.9000,14.2000,1.075585
20.0000,14.2000,1.085133
20.1000,14.2000,1.072638
20.2000,14.2000,1.052587
20.3000,14.2000,1.052302
20.4000,14.2000,1.030661
20.5000,14.2000,1.005834
20.6000,14.2000,0.882317
14.0000,14.3000,1.180139
14.1000,14.3000,1.081534
14.2000,14.3000,1.036806
14.3000,14.3000,1.062170
14.4000,14.3000,1.046999
14.5000,14.3000,1.039978
14.6000,14.3000,1.040735
14.7000,14.3000,1.057848
14.8000,14.3000,1.059114
14.9000,14.3000,1.034738
15.0000,14.3000,1.053038
15.1000,14.3000,1.054714
15.2000,14.3000,1.058184
15.3000,14.3000,1.041861
15.4000,14.3000,1.045230
15.5000,14.3000,1.046898
15.6000,14.3000,1.055324
15.7000,14.3000,1.059804
15.8000,14.3000,1.063034
15.9000,14.3000,1.058659
16.0000,14.3000,1.061348
16.1000,14.3000,1.043834
16.2000,14.3000,1.046412
16.3000,14.3000,1.047729
16.4000,14.3000,1.049548
16.5000,14.3000,1.048810
16.6000,14.3000,1.055021
16.7000,14.3000,1.002716
16.8000,14.3000,1.084026
16.9000,14.3000,1.080259
17.0000,14.3000,1.071604
17.1000,14.3000,1.062695
17.2000,14.3000,1.058176
17.3000,14.3000,1.054594
17.4000,14.3000,1.053687
17.5000,14.3000,1.061538
17.6000,14.3000,1.076997
17.7000,14.3000,1.064827
17.8000,14.3000,1.072260
17.9000,14.3000,1.071611
18.0000,14.3000,1.072923
18.1000,14.3000,1.067478
18.2000,14.3000,1.057330
18.3000,14.3000,1.058110
18.4000,14.3000,1.079594
18.5000,14.3000,1.081095
18.6000,14.3000,1.070944
18.7000,14.3000,1.065137
18.8000,14.3000,1.066755
18.9000,14.3000,1.076095
19.0000,14.3000,1.072930
19.1000,14.3000,1.075576
19.2000,14.3000,1.059256
19.3000,14.3000,1.084237
19.4000,14.3000,1.081071
19.5000,14.3000,1.080684
19.6000,14.3000,1.075133
19.7000,14.3000,1.091770
19.8000,14.3000,1.084243
19.9000,14.3000,1.075667
20.0000,14.3000,1.069503
20.1000,14.3000,1.073157
20.2000,14.3000,1.079172
20.3000,14.3000,1.049161
20.4000,14.3000,1.043785
20.5000,14.3000,1.019823
20.6000,14.3000,1.002761
20.7000,14.3000,0.797383
13.9000,14.4000,1.242532
14.0000,14.4000,1.126217
14.1000,14.4000,1.078472
14.2000,14.4000,1.048762
14.3000,14.4000,1.043340
14.4000,14.4000,1.046252
14.5000,14.4000,1.040882
14.6000,14.4000,1.041852
14.7000,14.4000,1.052137
14.8000,14.4000,1.039441
14.9000,14.4000,1.022105
15.0000,14.4000,1.044503
15.1000,14.4000,1.056118
15.2000,14.4000,1.053287
15.3000,14.4000,1.040066
15.4000,14.4000,1.045209
15.5000,14.4000,1.054413
15.6000,14.4000,1.061800
15.7000,14.4000,1.058505
15.8000,14.4000,1.038681
15.9000,14.4000,1.056437
16.0000,14.4000,1.042684
16.1000,14.4000,1.041098
16.2000,14.4000,1.050915
16.3000,14.4000,1.052136
16.4000,14.4000,1.054284
16.5000,14.4000,1.038667
16.6000,14.4000,1.042761
16.7000,14.4000,1.003128
16.8000,14.4000,1.051057
16.9000,14.4000,1.050611
17.0000,14.4000,1.058944
17.1000,14.4000,1.053801
17.2000,14.4000,1.050637
17.3000,14.4000,1.048826
17.4000,14.4000,1.061547
17.5000,14.4000,1.054446
17.6000,14.4000,1.058717
17.7000,14.4000,1.058434
17.8000,14.4000,1.071209
17.9000,14.4000,1.057700
18.0000,14.4000,1.056545
18.1000,14.4000,1.061201
18.2000,14.4000,1.060431
18.3000,14.4000,1.065100
18.4000,14.4000,1.068502
18.5000,14.4000,1.059137
18.6000,14.4000,1.067001
18.7000,14.4000,1.066218
18.8000,14.4000,1.060822
18.9000,14.4000,1.062029
19.0000,14.4000,1.055152
19.1000,14.4000,1.068450
19.2000,14.4000,1.067784
19.3000,14.4000,1.065990
19.4000,14.4000,1.073818
19.5000,14.4000,1.071422
19.6000,14.4000,1.069796
19.7000,14.4000,1.071780
19.8000,14.4000,1.075959
19.9000,14.4000,1.061577
20.0000,14.4000,1.060140
20.1000,14.4000,1.070602
20.2000,14.4000,1.068835
20.3000,14.4000,1.051652
20.4000,14.4000,1.070641
20.5000,14.4000,1.029950
20.6000,14.4000,1.017170
20.7000,14.4000,0.939868
13.8000,14.5000,1.385159
13.9000,14.5000,1.129506
14.0000,14.5000,1.073441
14.1000,14.5000,1.061465
14.2000,14.5000,1.057767
14.3000,14.5000,1.041514
14.4000,14.5000,1.037741
14.5000,14.5000,1.041959
14.6000,14.5000,1.030153
14.7000,14.5000,1.033253
14.8000,14.5000,1.041641
14.9000,14.5000,1.022800
15.0000,14.5000,1.053124
15.1000,14.5000,1.046855
15.2000,14.5000,1.046195
15.3000,14.5000,1.052875
15.4000,14.5000,1.035204
15.5000,14.5000,1.045194
15.6000,14.5000,1.038552
15.7000,14.5000,1.039859
15.8000,14.5000,1.056885
15.9000,14.5000,1.052254
16.0000,14.5000,1.048727
16.1000,14.5000,1.047256
16.2000,14.5000,1.052593
16.3000,14.5000,1.053683
16.4000,14.5000,1.047934
16.5000,14.5000,1.049687
16.6000,14.5000,1.046760
16.7000,14.5000,1.049917
16.8000,14.5000,1.048400
16.9000,14.5000,1.043478
17.0000,14.5000,1.043447
17.1000,14.5000,1.053425
17.2000,14.5000,1.049420
17.3000,14.5000,1.049098
17.4000,14.5000,1.075520
17.5000,14.5000,1.054765
17.6000,14.5000,1.052487
17.7000,14.5000,1.051950
17.8000,14.5000,1.055499
17.9000,14.5000,1.063818
18.0000,14.5000,1.074834
18.1000,14.5000,1.052723
18.2000,14.5000,1.063902
18.3000,14.5000,1.063889
18.4000,14.5000,1.062779
18.5000,14.5000,1.065815
18.6000,14.5000,1.060288
18.7000,14.5000,1.062630
18.8000,14.5000,1.056564
18.9000,14.5000,1.067536
19.0000,14.5000,1.069773
19.1000,14.5000,1.072933
19.2000,14.5000,1.055509
19.3000,14.5000,1.066638
19.4000,14.5000,1.061982
19.5000,14.5000,1.064200
19.6000,14.5000,1.056242
19.7000,14.5000,1.059525
19.8000,14.5000,1.056974
19.9000,14.5000,1.066693
20.0000,14.5000,1.059321
20.1000,14.5000,1.062539
20.2000,14.5000,1.056372
20.3000,14.5000,1.066648
20.4000,14.5000,1.045927
20.5000,14.5000,1.037858
20.6000,14.5000,1.025409
20.7000,14.5000,0.981572
20.8000,14.5000,0.861760
13.8000,14.6000,1.207351
13.9000,14.6000,1.073025
14.0000,14.6000,1.041964
14.1000,14.6000,1.043403
14.2000,14.6000,1.043817
14.3000,14.6000,1.033249
14.4000,14.6000,1.030518
14.5000,14.6000,1.034147
14.6000,14.6000,1.034719
14.7000,14.6000,1.033058
14.8000,14.6000,1.047492
14.9000,14.6000,1.033992
15.0000,14.6000,1.037742
15.1000,14.6000,1.035024
15.2000,14.6000,1.029776
15.3000,14.6000,1.039783
15.4000,14.6000,1.046407
15.5000,14.6000,1.043426
15.6000,14.6000,1.053127
15.7000,14.6000,1.033243
15.8000,14.6000,1.044402
15.9000,14.6000,1.045973
16.0000,14.6000,1.046254
16.1000,14.6000,1.041907
16.2000,14.6000,1.052922
16.3000,14.6000,1.046827
16.4000,14.6000,1.043633
16.5000,14.6000,1.039047
16.6000,14.6000,1.049612
16.7000,14.6000,1.051365
16.8000,14.6000,1.042627
16.9000,14.6000,1.053994
17.0000,14.6000,1.038244
17.1000,14.6000,1.050212
17.2000,14.6000,1.042151
17.3000,14.6000,1.055864
17.4000,14.6000,1.056111
17.5000,14.6000,1.058581
17.6000,14.6000,1.047024
17.7000,14.6000,1.058036
17.8000,14.6000,1.051998
17.9000,14.6000,1.044934
18.0000,14.6000,1.049004
18.1000,14.6000,1.061885
18.2000,14.6000,1.056392
18.3000,14.6000,1.062083
18.4000,14.6000,1.057964
18.5000,14.6000,1.046150
18.6000,14.6000,1.046243
18.7000,14.6000,1.060480
18.8000,14.6000,1.045988
18.9000,14.6000,1.054059
19.0000,14.6000,1.050516
19.1000,14.6000,1.042887
19.2000,14.6000,1.054444
19.3000,14.6000,1.061222
19.4000,14.6000,1.050726
19.5000,14.6000,1.044646
19.6000,14.6000,1.065609
19.7000,14.6000,1.061626
19.8000,14.6000,1.062661
19.9000,14.6000,1.060705
20.0000,14.6000,1.075633
20.1000,14.6000,1.054824
20.2000,14.6000,1.054584
20.3000,14.6000,1.064051
20.4000,14.6000,1.064285
20.5000,14.6000,1.036795
20.6000,14.6000,1.039405
20.7000,14.6000,1.012178
20.8000,14.6000,0.964031
13.7000,14.7000,1.323867
13.8000,14.7000,1.108221
13.9000,14.7000,1.047824
14.0000,14.7000,1.043283
14.1000,14.7000,1.034176
14.2000,14.7000,1.032957
14.3000,14.7000,1.042292
14.4000,14.7000,1.025211
14.5000,14.7000,1.037632
14.6000,14.7000,1.027907
14.7000,14.7000,1.039897
14.8000,14.7000,1.042344
14.9000,14.7000,1.023218
15.0000,14.7000,1.042516
15.1000,14.7000,1.031266
15.2000,14.7000,1.039329
15.3000,14.7000,1.043000
15.4000,14.7000,1.032650
15.5000,14.7000,1.040737
15.6000,14.7000,1.054829
15.7000,14.7000,1.052462
15.8000,14.7000,1.037277
15.9000,14.7000,1.042788
16.0000,14.7000,1.033727
16.1000,14.7000,1.026624
16.2000,14.7000,1.040418
16.3000,14.7000,1.046400
16.4000,14.7000,1.037895
16.5000,14.7000,1.035706
16.6000,14.7000,1.034450
16.7000,14.7000,1.038541
16.8000,14.7000,1.035599
16.9000,14.7000,1.044881
17.0000,14.7000,1.063889
17.1000,14.7000,1.051769
17.2000,14.7000,1.049313
17.3000,14.7000,1.037634
17.4000,14.7000,1.050492
17.5000,14.7000,1.054237
17.6000,14.7000,1.049352
17.7000,14.7000,1.044767
17.8000,14.7000,1.048286
17.9000,14.7000,1.050934
18.0000,14.7000,1.053944
18.1000,14.7000,1.062096
18.2000,14.7000,1.047240
18.3000,14.7000,1.064400
18.4000,14.7000,1.039198
18.5000,14.7000,1.053858
18.6000,14.7000,1.062077
18.7000,14.7000,1.052591
18.8000,14.7000,1.049408
18.9000,14.7000,1.053994
19.0000,14.7000,1.057524
19.1000,14.7000,1.051618
19.2000,14.7000,1.057536
19.3000,14.7000,1.056549
19.4000,14.7000,1.068288
19.5000,14.7000,1.062890
19.6000,14.7000,1.055887
19.7000,14.7000,1.054431
19.8000,14.7000,1.054478
19.9000,14.7000,1.059023
20.0000,14.7000,1.057665
20.1000,14.7000,1.054247
20.2000,14.7000,1.060822
20.3000,14.7000,1.061835
20.4000,14.7000,1.056733
20.5000,14.7000,1.047856
20.6000,14.7000,1.026388
20.7000,14.7000,1.019288
20.8000,14.7000,0.980113
20.9000,14.7000,0.880303
13.7000,14.8000,1.168189
13.8000,14.8000,1.069107
13.9000,14.8000,1.031953
14.0000,14.8000,1.040521
14.1000,14.8000,1.027616
14.2000,14.8000,1.027957
14.3000,14.8000,1.035929
14.4000,14.8000,1.034208
14.5000,14.8000,1.030775
14.6000,14.8000,1.037574
14.7000,14.8000,1.018577
14.8000,14.8000,1.038726
14.9000,14.8000,1.035214
15.0000,14.8000,1.036325
15.1000,14.8000,1.038676
15.2000,14.8000,1.037558
15.3000,14.8000,1.032323
15.4000,14.8000,1.044691
15.5000,14.8000,1.040701
15.6000,14.8000,1.036876
15.7000,14.8000,1.038676
15.8000,14.8000,1.035456
15.9000,14.8000,1.057860
16.0000,14.8000,1.044484
16.1000,14.8000,1.037211
16.2000,14.8000,1.020597
16.3000,14.8000,1.040574
16.4000,14.8000,1.031319
16.5000,14.8000,1.042757
16.6000,14.8000,1.041935
16.7000,14.8000,1.031974
16.8000,14.8000,1.052762
16.9000,14.8000,1.054851
17.0000,14.8000,1.038111
17.1000,14.8000,1.047599
17.2000,14.8000,1.036490
17.3000,14.8000,1.042408
17.4000,14.8000,1.058214
17.5000,14.8000,1.053725
17.6000,14.8000,1.047654
17.7000,14.8000,1.038450
17.8000,14.8000,1.050306
17.9000,14.8000,1.051523
18.0000,14.8000,1.054121
18.1000,14.8000,1.037895
18.2000,14.8000,1.034229
18.3000,14.8000,1.044439
18.4000,14.8000,1.056369
18.5000,14.8000,1.043025
18.6000,14.8000,1.060619
18.7000,14.8000,1.046621
18.8000,14.8000,1.040017
18.9000,14.8000,1.052792
19.0000,14.8000,1.043207
19.1000,14.8000,1.046639
19.2000,14.8000,1.054391
19.3000,14.8000,1.052220
19.4000,14.8000,1.050504
19.5000,14.8000,1.051891
19.6000,14.8000,1.043850
19.7000,14.8000,1.049004
19.8000,14.8000,1.044825
19.9000,14.8000,1.045230
20.0000,14.8000,1.059451
20.1000,14.8000,1.042093
20.2000,14.8000,1.051466
20.3000,14.8000,1.040307
20.4000,14.8000,1.054167
20.5000,14.8000,1.037007
20.6000,14.8000,1.047350
20.7000,14.8000,1.017767
20.8000,14.8000,1.004866
20.9000,14.8000,0.950135
13.6000,14.9000,1.328560
13.7000,14.9000,1.114413
13.8000,14.9000,1.040872
13.9000,14.9000,1.026394
14.0000,14.9000,1.043129
14.1000,14.9000,1.036750
14.2000,14.9000,1.022565
14.3000,14.9000,1.034292
14.4000,14.9000,1.036994
14.5000,14.9000,1.033709
14.6000,14.9000,1.049307
14.7000,14.9000,1.038823
14.8000,14.9000,1.044874
14.9000,14.9000,1.026315
15.0000,14.9000,1.047016
15.1000,14.9000,1.038832
15.2000,14.9000,1.024315
15.3000,14.9000,1.035801
15.4000,14.9000,1.039435
15.5000,14.9000,1.035622
15.6000,14.9000,1.040296
15.7000,14.9000,1.027251
15.8000,14.9000,1.033247
15.9000,14.9000,1.036641
16.0000,14.9000,1.028618
16.1000,14.9000,1.026168
16.2000,14.9000,1.039909
16.3000,14.9000,1.039960
16.4000,14.9000,1.031520
16.5000,14.9000,1.035594
16.6000,14.9000,1.039442
16.7000,14.9000,1.038989
16.8000,14.9000,1.031448
16.9000,14.9000,1.046784
17.0000,14.9000,1.031821
17.1000,14.9000,1.043649
17.2000,14.9000,1.044375
17.3000,14.9000,1.048677
17.4000,14.9000,1.060441
17.5000,14.9000,1.042006
17.6000,14.9000,1.048250
17.7000,14.9000,1.040753
17.8000,14.9000,1.036794
17.9000,14.9000,1.037421
18.0000,14.9000,1.047440
18.1000,14.9000,1.045554
18.2000,14.9000,1.038002
18.3000,14.9000,1.051142
18.4000,14.9000,1.055234
18.5000,14.9000,1.049845
18.6000,14.9000,1.061910
18.7000,14.9000,1.041749
18.8000,14.9000,1.054015
18.9000,14.9000,1.051957
19.0000,14.9000,1.056206
19.1000,14.9000,1.034944
19.2000,14.9000,1.044357
19.3000,14.9000,1.040275
19.4000,14.9000,1.057976
19.5000,14.9000,1.056278
19.6000,14.9000,1.041240
19.7000,14.9000,1.041261
19.8000,14.9000,1.062746
19.9000,14.9000,1.035676
20.0000,14.9000,1.046008
20.1000,14.9000,1.060370
20.2000,14.9000,1.048649
20.3000,14.9000,1.056673
20.4000,14.9000,1.046941
20.5000,14.9000,1.058718
20.6000,14.9000,1.035934
20.7000,14.9000,1.022305
20.8000,14.9000,1.006633
20.9000,14.9000,0.969216
21.0000,14.9000,0.860027
13.6000,15.0000,1.192257
13.7000,15.0000,1.059035
13.8000,15.0000,1.046007
13.9000,15.0000,1.020331
14.0000,15.0000,1.026376
14.1000,15.0000,1.025500
14.2000,15.0000,1.034785
14.3000,15.0000,1.027035
14.4000,15.0000,1.034952
14.5000,15.0000,1.041001
14.6000,15.0000,1.024753
14.7000,15.0000,1.025388
14.8000,15.0000,1.038272
14.9000,15.0000,1.042429
15.0000,15.0000,1.041741
15.1000,15.0000,1.031286
15.2000,15.0000,1.026327
15.3000,15.0000,1.025182
15.4000,15.0000,1.040667
15.5000,15.0000,1.029208
15.6000,15.0000,1.033059
15.7000,15.0000,1.041113
15.8000,15.0000,1.049431
15.9000,15.0000,1.036364
16.0000,15.0000,1.045996
16.1000,15.0000,1.029006
16.2000,15.0000,1.048099
16.3000,15.0000,1.033214
16.4000,15.0000,1.039375
16.5000,15.0000,1.040973
16.6000,15.0000,1.033512
16.7000,15.0000,1.035030
16.8000,15.0000,1.058648
16.9000,15.0000,1.044139
17.0000,15.0000,1.026494
17.1000,15.0000,1.035429
17.2000,15.0000,1.032909
17.3000,15.0000,1.031124
17.4000,15.0000,1.037538
17.5000,15.0000,1.035074
17.6000,15.0000,1.034796
17.7000,15.0000,1.036639
17.8000,15.0000,1.045158
17.9000,15.0000,1.042697
18.0000,15.0000,1.048874
18.1000,15.0000,1.041586
18.2000,15.0000,1.049839
18.3000,15.0000,1.054208
18.4000,15.0000,1.059299
18.5000,15.0000,1.035150
18.6000,15.0000,1.040067
18.7000,15.0000,1.040207
18.8000,15.0000,1.053738
18.9000,15.0000,1.051571
19.0000,15.0000,1.056439
19.1000,15.0000,1.044483
19.2000,15.0000,1.046035
19.3000,15.0000,1.055903
19.4000,15.0000,1.036718
19.5000,15.0000,1.048820
19.6000,15.0000,1.038970
19.7000,15.0000,1.048826
19.8000,15.0000,1.049033
19.9000,15.0000,1.057801
20.0000,15.0000,1.042260
20.1000,15.0000,1.059914
20.2000,15.0000,1.043060
20.3000,15.0000,1.045354
20.4000,15.0000,1.057692
20.5000,15.0000,1.048558
20.6000,15.0000,1.035332
20.7000,15.0000,1.045240
20.8000,15.0000,1.026582
20.9000,15.0000,0.992082
21.0000,15.0000,0.949202
13.5000,15.1000,1.363084
13.6000,15.1000,1.128268
13.7000,15.1000,1.043158
13.8000,15.1000,1.040889
13.9000,15.1000,1.032598
14.0000,15.1000,1.033253
14.1000,15.1000,1.032740
14.2000,15.1000,1.030957
14.3000,15.1000,1.028920
14.4000,15.1000,1.024379
14.5000,15.1000,1.039112
14.6000,15.1000,1.031409
14.7000,15.1000,1.032596
14.8000,15.1000,1.026344
14.9000,15.1000,1.041653
15.0000,15.1000,1.024879
15.1000,15.1000,1.036657
15.2000,15.1000,1.031014
15.3000,15.1000,1.039003
15.4000,15.1000,1.032666
15.5000,15.1000,1.015603
15.6000,15.1000,1.033487
15.7000,15.1000,1.022683
15.8000,15.1000,1.029836
15.9000,15.1000,1.046895
16.0000,15.1000,1.038552
16.1000,15.1000,1.050286
16.2000,15.1000,1.025368
16.3000,15.1000,1.039667
16.4000,15.1000,1.029192
16.5000,15.1000,1.037901
16.6000,15.1000,1.040219
16.7000,15.1000,1.022189
16.8000,15.1000,1.048899
16.9000,15.1000,1.042619
17.0000,15.1000,1.046943
17.1000,15.1000,1.044949
17.2000,15.1000,1.040475
17.3000,15.1000,1.040684
17.4000,15.1000,1.050323
17.5000,15.1000,1.041579
17.6000,15.1000,1.044507
17.7000,15.1000,1.038861
17.8000,15.1000,1.034923
17.9000,15.1000,1.048278
18.0000,15.1000,1.050580
18.1000,15.1000,1.049201
18.2000,15.1000,1.039518
18.3000,15.1000,1.049721
18.4000,15.1000,1.043263
18.5000,15.1000,1.043819
18.6000,15.1000,1.039351
18.7000,15.1000,1.044788
18.8000,15.1000,1.041227
18.9000,15.1000,1.050779
19.0000,15.1000,1.032755
19.1000,15.1000,1.038770
19.2000,15.1000,1.044753
19.3000,15.1000,1.039988
19.4000,15.1000,1.064663
19.5000,15.1000,1.048972
19.6000,15.1000,1.029269
19.7000,15.1000,1.046415
19.8000,15.1000,1.050270
19.9000,15.1000,1.043729
20.0000,15.1000,1.038137
20.1000,15.1000,1.048494
20.2000,15.1000,1.041300
20.3000,15.1000,1.040989
20.4000,15.1000,1.039789
20.5000,15.1000,1.040821
20.6000,15.1000,1.039769
20.7000,15.1000,1.041199
20.8000,15.1000,1.038309
20.9000,15.1000,1.002780
21.0000,15.1000,0.992608
21.1000,15.1000,0.811893
13.5000,15.2000,1.244130
13.6000,15.2000,1.076202
13.7000,15.2000,1.041210
13.8000,15.2000,1.037372
13.9000,15.2000,1.045290
14.0000,15.2000,1.040002
14.1000,15.2000,1.030858
14.2000,15.2000,1.022935
14.3000,15.2000,1.021028
14.4000,15.2000,1.031763
14.5000,15.2000,1.041263
14.6000,15.2000,1.031899
14.7000,15.2000,1.037076
14.8000,15.2000,1.038791
14.9000,15.2000,1.045958
15.0000,15.2000,1.028038
15.1000,15.2000,1.037170
15.2000,15.2000,1.035824
15.3000,15.2000,1.045347
15.4000,15.2000,1.034258
15.5000,15.2000,1.032500
15.6000,15.2000,1.033546
15.7000,15.2000,1.038129
15.8000,15.2000,1.033245
15.9000,15.2000,1.039308
16.0000,15.2000,1.024578
16.1000,15.2000,1.039308
16.2000,15.2000,1.032864
16.3000,15.2000,1.041712
16.4000,15.2000,1.038188
16.5000,15.2000,1.033408
16.6000,15.2000,1.048047
16.7000,15.2000,1.040001
16.8000,15.2000,1.037959
16.9000,15.2000,1.034419
17.0000,15.2000,1.031841
17.1000,15.2000,1.031542
17.2000,15.2000,1.040719
17.3000,15.2000,1.029411
17.4000,15.2000,1.033228
17.5000,15.2000,1.040360
17.6000,15.2000,1.038545
17.7000,15.2000,1.038421
17.8000,15.2000,1.039578
17.9000,15.2000,1.046533
18.0000,15.2000,1.036551
18.1000,15.2000,1.048630
18.2000,15.2000,1.034772
18.3000,15.2000,1.026100
18.4000,15.2000,1.040157
18.5000,15.2000,1.038946
18.6000,15.2000,1.043835
18.7000,15.2000,1.043160
18.8000,15.2000,1.042381
18.9000,15.2000,1.041799
19.0000,15.2000,1.033069
19.1000,15.2000,1.029127
19.2000,15.2000,1.030849
19.3000,15.2000,1.050160
19.4000,15.2000,1.038036
19.5000,15.2000,1.052981
19.6000,15.2000,1.039286
19.7000,15.2000,1.046125
19.8000,15.2000,1.041829
19.9000,15.2000,1.033195
20.0000,15.2000,1.042147
20.1000,15.2000,1.050119
20.2000,15.2000,1.035301
20.3000,15.2000,1.029265
20.4000,15.2000,1.044745
20.5000,15.2000,1.037381
20.6000,15.2000,1.041750
20.7000,15.2000,1.034537
20.8000,15.2000,1.033017
20.9000,15.2000,1.004184
21.0000,15.2000,1.009000
21.1000,15.2000,0.910074
13.5000,15.3000,1.169526
13.6000,15.3000,1.055109
13.7000,15.3000,1.021677
13.8000,15.3000,1.040347
13.9000,15.3000,1.035183
14.0000,15.3000,1.024306
14.1000,15.3000,1.034404
14.2000,15.3000,1.027871
14.3000,15.3000,1.030620
14.4000,15.3000,1.020634
14.5000,15.3000,1.034790
14.6000,15.3000,1.022428
14.7000,15.3000,1.039213
14.8000,15.3000,1.032809
14.9000,15.3000,1.035580
15.0000,15.3000,1.024885
15.1000,15.3000,1.035799
15.2000,15.3000,1.032426
15.3000,15.3000,1.039510
15.4000,15.3000,1.034962
15.5000,15.3000,1.023898
15.6000,15.3000,1.032331
15.7000,15.3000,1.039468
15.8000,15.3000,1.041519
15.9000,15.3000,1.029367
16.0000,15.3000,1.027609
16.1000,15.3000,1.036046
16.2000,15.3000,1.025259
16.3000,15.3000,1.032946
16.4000,15.3000,1.044644
16.5000,15.3000,1.042743
16.6000,15.3000,1.032129
16.7000,15.3000,1.024203
16.8000,15.3000,1.037391
16.9000,15.3000,1.040585
17.0000,15.3000,1.043068
17.1000,15.3000,1.045838
17.2000,15.3000,1.025966
17.3000,15.3000,1.034200
17.4000,15.3000,1.041473
17.5000,15.3000,1.035060
17.6000,15.3000,1.035067
17.7000,15.3000,1.040828
17.8000,15.3000,1.027660
17.9000,15.3000,1.026670
18.0000,15.3000,1.043443
18.1000,15.3000,1.042327
18.2000,15.3000,1.024548
18.3000,15.3000,1.040480
18.4000,15.3000,1.030223
18.5000,15.3000,1.025458
18.6000,15.3000,1.043487
18.7000,15.3000,1.037775
18.8000,15.3000,1.038122
18.9000,15.3000,1.035541
19.0000,15.3000,1.043552
19.1000,15.3000,1.030687
19.2000,15.3000,1.045287
19.3000,15.3000,1.025483
19.4000,15.3000,1.047356
19.5000,15.3000,1.038232
19.6000,15.3000,1.041966
19.7000,15.3000,1.041341
19.8000,15.3000,1.051999
19.9000,15.3000,1.027012
20.0000,15.3000,1.028739
20.1000,15.3000,1.038842
20.2000,15.3000,1.031645
20.3000,15.3000,1.051972
20.4000,15.3000,1.041210
20.5000,15.3000,1.040044
20.6000,15.3000,1.054797
20.7000,15.3000,1.018885
20.8000,15.3000,1.017439
20.9000,15.3000,1.018538
21.0000,15.3000,0.994536
21.1000,15.3000,0.951657
13.4000,15.4000,1.325609
13.5000,15.4000,1.112793
13.6000,15.4000,1.046741
13.7000,15.4000,1.015393
13.8000,15.4000,1.031137
13.9000,15.4000,1.030042
14.0000,15.4000,1.022499
14.1000,15.4000,1.036713
14.2000,15.4000,1.016360
14.3000,15.4000,1.027281
14.4000,15.4000,1.032284
14.5000,15.4000,1.031782
14.6000,15.4000,1.026248
14.7000,15.4000,1.033112
14.8000,15.4000,1.022765
14.9000,15.4000,1.037756
15.0000,15.4000,1.026102
15.1000,15.4000,1.025009
15.2000,15.4000,1.033633
15.3000,15.4000,1.029313
15.4000,15.4000,1.032287
15.5000,15.4000,1.026887
15.6000,15.4000,1.030406
15.7000,15.4000,1.037647
15.8000,15.4000,1.016668
15.9000,15.4000,1.030574
16.0000,15.4000,1.035797
16.1000,15.4000,1.017837
16.2000,15.4000,1.042169
16.3000,15.4000,1.041709
16.4000,15.4000,1.023976
16.5000,15.4000,1.037144
16.6000,15.4000,1.019529
16.7000,15.4000,1.029219
16.8000,15.4000,1.028129
16.9000,15.4000,1.038916
17.0000,15.4000,1.026449
17.1000,15.4000,1.029619
17.2000,15.4000,1.030463
17.3000,15.4000,1.035308
17.4000,15.4000,1.030541
17.5000,15.4000,1.033496
17.6000,15.4000,1.034612
17.7000,15.4000,1.032358
17.8000,15.4000,1.032091
17.9000,15.4000,1.034558
18.0000,15.4000,1.048427
18.1000,15.4000,1.032645
18.2000,15.4000,1.034605
18.3000,15.4000,1.034913
18.4000,15.4000,1.035165
18.5000,15.4000,1.033587
18.6000,15.4000,1.036524
18.7000,15.4000,1.028238
18.8000,15.4000,1.048521
18.9000,15.4000,1.024831
19.0000,15.4000,1.032080
19.1000,15.4000,1.045702
19.2000,15.4000,1.037859
19.3000,15.4000,1.041772
19.4000,15.4000,1.046988
19.5000,15.4000,1.046701
19.6000,15.4000,1.043996
19.7000,15.4000,1.045670
19.8000,15.4000,1.042748
19.9000,15.4000,1.033783
20.0000,15.4000,1.033841
20.1000,15.4000,1.037688
20.2000,15.4000,1.046734
20.3000,15.4000,1.047328
20.4000,15.4000,1.041711
20.5000,15.4000,1.042286
20.6000,15.4000,1.045750
20.7000,15.4000,1.026320
20.8000,15.4000,1.026639
20.9000,15.4000,1.029848
21.0000,15.4000,1.013664
21.1000,15.4000,0.965873
21.2000,15.4000,0.850905
13.4000,15.5000,1.240714
13.5000,15.5000,1.068621
13.6000,15.5000,1.050075
13.7000,15.5000,1.042890
13.8000,15.5000,1.036895
13.9000,15.5000,1.018389
14.0000,15.5000,1.024968
14.1000,15.5000,1.020520
14.2000,15.5000,1.022402
14.3000,15.5000,1.022799
14.4000,15.5000,1.027127
14.5000,15.5000,1.029348
14.6000,15.5000,1.013835
14.7000,15.5000,1.040592
14.8000,15.5000,1.033146
14.9000,15.5000,1.033795
15.0000,15.5000,1.016755
15.1000,15.5000,1.015961
15.2000,15.5000,1.038712
15.3000,15.5000,1.026357
15.4000,15.5000,1.031116
15.5000,15.5000,1.032534
15.6000,15.5000,1.025046
15.7000,15.5000,1.012910
15.8000,15.5000,1.028392
15.9000,15.5000,1.027049
16.0000,15.5000,1.025333
16.1000,15.5000,1.032464
16.2000,15.5000,1.022749
16.3000,15.5000,1.028524
16.4000,15.5000,1.039805
16.5000,15.5000,1.039525
16.6000,15.5000,1.032184
16.7000,15.5000,1.018794
16.8000,15.5000,1.042958
16.9000,15.5000,1.037978
17.0000,15.5000,1.033497
17.1000,15.5000,1.034629
17.2000,15.5000,1.036593
17.3000,15.5000,1.039077
17.4000,15.5000,1.019239
17.5000,15.5000,1.038568
17.6000,15.5000,1.044520
17.7000,15.5000,1.028336
17.8000,15.5000,1.031716
17.9000,15.5000,1.033533
18.0000,15.5000,1.030536
18.1000,15.5000,1.029882
18.2000,15.5000,1.031716
18.3000,15.5000,1.032830
18.4000,15.5000,1.030007
18.5000,15.5000,1.030280
18.6000,15.5000,1.042701
18.7000,15.5000,1.034693
18.8000,15.5000,1.043379
18.9000,15.5000,1.039141
19.0000,15.5000,1.041389
19.1000,15.5000,1.033627
19.2000,15.5000,1.033634
19.3000,15.5000,1.037650
19.4000,15.5000,1.029287
19.5000,15.5000,1.039237
19.6000,15.5000,1.027054
19.7000,15.5000,1.048265
19.8000,15.5000,1.047572
19.9000,15.5000,1.035390
20.0000,15.5000,1.045024
20.1000,15.5000,1.037614
20.2000,15.5000,1.041259
20.3000,15.5000,1.018880
20.4000,15.5000,1.042045
20.5000,15.5000,1.035317
20.6000,15.5000,1.046884
20.7000,15.5000,1.029548
20.8000,15.5000,1.027494
20.9000,15.5000,1.035891
21.0000,15.5000,1.009911
21.1000,15.5000,0.992802
21.2000,15.5000,0.920112
13.4000,15.6000,1.146650
13.5000,15.6000,1.056485
13.6000,15.6000,1.032458
13.7000,15.6000,1.036350
13.8000,15.6000,1.023272
13.9000,15.6000,1.027898
14.0000,15.6000,1.021894
14.1000,15.6000,1.025743
14.2000,15.6000,1.042115
14.3000,15.6000,1.027887
14.4000,15.6000,1.027035
14.5000,15.6000,1.016958
14.6000,15.6000,1.025567
14.7000,15.6000,1.017051
14.8000,15.6000,1.034006
14.9000,15.6000,1.021213
15.0000,15.6000,1.022559
15.1000,15.6000,1.026606
15.2000,15.6000,1.036142
15.3000,15.6000,1.038785
15.4000,15.6000,1.036553
15.5000,15.6000,1.022976
15.6000,15.6000,1.022336
15.7000,15.6000,1.030133
15.8000,15.6000,1.034295
15.9000,15.6000,1.029819
16.0000,15.6000,1.027732
16.1000,15.6000,1.034160
16.2000,15.6000,1.023008
16.3000,15.6000,1.038028
16.4000,15.6000,1.017806
16.5000,15.6000,1.036032
16.6000,15.6000,1.028543
16.7000,15.6000,1.027718
16.8000,15.6000,1.031873
16.9000,15.6000,1.032564
17.0000,15.6000,1.030710
17.1000,15.6000,1.021225
17.2000,15.6000,1.035464
17.3000,15.6000,1.035059
17.4000,15.6000,1.027203
17.5000,15.6000,1.032246
17.6000,15.6000,1.039972
17.7000,15.6000,1.027502
17.8000,15.6000,1.034432
17.9000,15.6000,1.036233
18.0000,15.6000,1.022253
18.1000,15.6000,1.030967
18.2000,15.6000,1.039562
18.3000,15.6000,1.049845
18.4000,15.6000,1.033694
18.5000,15.6000,1.029587
18.6000,15.6000,1.024742
18.7000,15.6000,1.035363
18.8000,15.6000,1.041455
18.9000,15.6000,1.034158
19.0000,15.6000,1.017662
19.1000,15.6000,1.026052
19.2000,15.6000,1.033970
19.3000,15.6000,1.032036
19.4000,15.6000,1.041515
19.5000,15.6000,1.044273
19.6000,15.6000,1.044392
19.7000,15.6000,1.032805
19.8000,15.6000,1.043121
19.9000,15.6000,1.041728
20.0000,15.6000,1.029075
20.1000,15.6000,1.034687
20.2000,15.6000,1.041073
20.3000,15.6000,1.033970
20.4000,15.6000,1.028490
20.5000,15.6000,1.021988
20.6000,15.6000,1.041373
20.7000,15.6000,1.028651
20.8000,15.6000,1.026147
20.9000,15.6000,1.019726
21.0000,15.6000,1.018395
21.1000,15.6000,0.980470
21.2000,15.6000,0.943698
13.3000,15.7000,1.389341
13.4000,15.7000,1.112336
13.5000,15.7000,1.039158
13.6000,15.7000,1.021968
13.7000,15.7000,1.024169
13.8000,15.7000,1.022330
13.9000,15.7000,1.018254
14.0000,15.7000,1.021868
14.1000,15.7000,1.024422
14.2000,15.7000,1.027715
14.3000,15.7000,1.029084
14.4000,15.7000,1.010984
14.5000,15.7000,1.012686
14.6000,15.7000,1.025342
14.7000,15.7000,1.025251
14.8000,15.7000,1.017895
14.9000,15.7000,1.035885
15.0000,15.7000,1.023038
15.1000,15.7000,1.028623
15.2000,15.7000,1.029902
15.3000,15.7000,1.029719
15.4000,15.7000,1.028996
15.5000,15.7000,1.018675
15.6000,15.7000,1.025366
15.7000,15.7000,1.038408
15.8000,15.7000,1.025653
15.9000,15.7000,1.028150
16.0000,15.7000,1.013992
16.1000,15.7000,1.028527
16.2000,15.7000,1.031483
16.3000,15.7000,1.033134
16.4000,15.7000,1.034752
16.5000,15.7000,1.011654
16.6000,15.7000,1.023425
16.7000,15.7000,1.022163
16.8000,15.7000,1.026422
16.9000,15.7000,1.019504
17.0000,15.7000,1.024565
17.1000,15.7000,1.031223
17.2000,15.7000,1.041404
17.3000,15.7000,1.036058
17.4000,15.7000,1.025130
17.5000,15.7000,1.035832
17.6000,15.7000,1.010666
17.7000,15.7000,1.027690
17.8000,15.7000,1.028584
17.9000,15.7000,1.023723
18.0000,15.7000,1.027868
18.1000,15.7000,1.015440
18.2000,15.7000,1.025618
18.3000,15.7000,1.030526
18.4000,15.7000,1.033893
18.5000,15.7000,1.018695
18.6000,15.7000,1.029162
18.7000,15.7000,1.035466
18.8000,15.7000,1.025087
18.9000,15.7000,1.028628
19.0000,15.7000,1.029474
19.1000,15.7000,1.021182
19.2000,15.7000,1.026491
19.3000,15.7000,1.042940
19.4000,15.7000,1.039400
19.5000,15.7000,1.031849
19.6000,15.7000,1.018488
19.7000,15.7000,1.045283
19.8000,15.7000,1.042130
19.9000,15.7000,1.030392
20.0000,15.7000,1.037040
20.1000,15.7000,1.029305
20.2000,15.7000,1.035619
20.3000,15.7000,1.030872
20.4000,15.7000,1.037645
20.5000,15.7000,1.034943
20.6000,15.7000,1.026542
20.7000,15.7000,1.025944
20.8000,15.7000,1.025488
20.9000,15.7000,1.016136
21.0000,15.7000,1.014872
21.1000,15.7000,0.977571
21.2000,15.7000,0.973639
21.3000,15.7000,0.750014
13.3000,15.8000,1.274270
13.4000,15.8000,1.094998
13.5000,15.8000,1.044701
13.6000,15.8000,1.016698
13.7000,15.8000,1.024139
13.8000,15.8000,1.028485
13.9000,15.8000,1.014089
14.0000,15.8000,1.015260
14.1000,15.8000,1.016574
14.2000,15.8000,1.017206
14.3000,15.8000,1.014234
14.4000,15.8000,1.006735
14.5000,15.8000,1.010426
14.6000,15.8000,1.012800
14.7000,15.8000,1.012242
14.8000,15.8000,1.015641
14.9000,15.8000,1.012276
15.0000,15.8000,1.030148
15.1000,15.8000,1.025632
15.2000,15.8000,1.008307
15.3000,15.8000,1.021281
15.4000,15.8000,1.024174
15.5000,15.8000,1.025317
15.6000,15.8000,1.013716
15.7000,15.8000,1.028696
15.8000,15.8000,1.034374
15.9000,15.8000,1.016582
16.0000,15.8000,1.022790
16.1000,15.8000,1.023522
16.2000,15.8000,1.018782
16.3000,15.8000,1.021447
16.4000,15.8000,1.016567
16.5000,15.8000,1.018943
16.6000,15.8000,1.029812
16.7000,15.8000,1.012140
16.8000,15.8000,1.017563
16.9000,15.8000,1.029934
17.0000,15.8000,1.028425
17.1000,15.8000,1.039444
17.2000,15.8000,1.023490
17.3000,15.8000,1.030640
17.4000,15.8000,1.029484
17.5000,15.8000,1.023457
17.6000,15.8000,1.015183
17.7000,15.8000,1.026721
17.8000,15.8000,1.019111
17.9000,15.8000,1.032831
18.0000,15.8000,1.041155
18.1000,15.8000,1.028294
18.2000,15.8000,1.029989
18.3000,15.8000,1.023057
18.4000,15.8000,1.031977
18.5000,15.8000,1.025810
18.6000,15.8000,1.027603
18.7000,15.8000,1.017124
18.8000,15.8000,1.022429
18.9000,15.8000,1.015308
19.0000,15.8000,1.021141
19.1000,15.8000,1.019872
19.2000,15.8000,1.020713
19.3000,15.8000,1.025679
19.4000,15.8000,1.024110
19.5000,15.8000,1.023096
19.6000,15.8000,1.024469
19.7000,15.8000,1.060506
19.8000,15.8000,1.037276
19.9000,15.8000,1.015840
20.0000,15.8000,1.017032
20.1000,15.8000,1.029294
20.2000,15.8000,1.020276
20.3000,15.8000,1.027808
20.4000,15.8000,1.025637
20.5000,15.8000,1.024590
20.6000,15.8000,1.021177
20.7000,15.8000,1.033031
20.8000,15.8000,1.004691
20.9000,15.8000,1.027536
21.0000,15.8000,1.022981
21.1000,15.8000,1.001977
21.2000,15.8000,0.970320
21.3000,15.8000,0.860630
13.3000,15.9000,1.213458
13.4000,15.9000,1.058547
13.5000,15.9000,1.031063
13.6000,15.9000,1.032778
13.7000,15.9000,1.014026
13.8000,15.9000,1.015182
13.9000,15.9000,1.021963
14.0000,15.9000,1.016605
14.1000,15.9000,1.021900
14.2000,15.9000,1.026682
14.3000,15.9000,1.015817
14.4000,15.9000,1.016938
14.5000,15.9000,1.016932
14.6000,15.9000,1.027616
14.7000,15.9000,1.020229
14.8000,15.9000,1.023371
14.9000,15.9000,1.021247
15.0000,15.9000,1.032756
15.1000,15.9000,1.017228
15.2000,15.9000,1.015033
15.3000,15.9000,1.017261
15.4000,15.9000,1.025764
15.5000,15.9000,1.022861
15.6000,15.9000,1.021714
15.7000,15.9000,1.010821
15.8000,15.9000,1.019273
15.9000,15.9000,1.022950
16.0000,15.9000,1.009442
16.1000,15.9000,1.029336
16.2000,15.9000,1.014888
16.3000,15.9000,1.020535
16.4000,15.9000,1.017136
16.5000,15.9000,1.013085
16.6000,15.9000,1.017529
16.7000,15.9000,1.015212
16.8000,15.9000,1.029394
16.9000,15.9000,1.020987
17.0000,15.9000,1.026621
17.1000,15.9000,1.013163
17.2000,15.9000,1.029302
17.3000,15.9000,1.011009
17.4000,15.9000,1.012148
17.5000,15.9000,1.022736
17.6000,15.9000,1.025648
17.7000,15.9000,1.018228
17.8000,15.9000,1.027428
17.9000,15.9000,1.027034
18.0000,15.9000,1.014941
18.1000,15.9000,1.024783
18.2000,15.9000,1.022326
18.3000,15.9000,1.025834
18.4000,15.9000,1.026875
18.5000,15.9000,1.019409
18.6000,15.9000,1.024248
18.7000,15.9000,1.004751
18.8000,15.9000,1.010270
18.9000,15.9000,1.024597
19.0000,15.9000,1.015074
19.1000,15.9000,1.020130
19.2000,15.9000,1.036231
19.3000,15.9000,1.022729
19.4000,15.9000,1.008772
19.5000,15.9000,1.010082
19.6000,15.9000,1.030707
19.7000,15.9000,1.019763
19.8000,15.9000,1.025099
19.9000,15.9000,1.017896
20.0000,15.9000,1.019117
20.1000,15.9000,1.026681
20.2000,15.9000,1.021209
20.3000,15.9000,1.012763
20.4000,15.9000,1.031032
20.5000,15.9000,1.020697
20.6000,15.9000,1.024599
20.7000,15.9000,1.018772
20.8000,15.9000,1.016930
20.9000,15.9000,1.024767
21.0000,15.9000,1.015365
21.1000,15.9000,0.988961
21.2000,15.9000,0.968477
21.3000,15.9000,0.902727
13.3000,16.0000,1.168581
13.4000,16.0000,1.054427
13.5000,16.0000,1.023931
13.6000,16.0000,1.017677
13.7000,16.0000,1.008352
13.8000,16.0000,1.017225
13.9000,16.0000,1.028886
14.0000,16.0000,1.016192
14.1000,16.0000,1.018754
14.2000,16.0000,1.011324
14.3000,16.0000,1.023790
14.4000,16.0000,1.015352
14.5000,16.0000,1.018866
14.6000,16.0000,1.017961
14.7000,16.0000,1.023836
14.8000,16.0000,1.020328
14.9000,16.0000,1.029189
15.0000,16.0000,1.008950
15.1000,16.0000,1.015187
15.2000,16.0000,1.012195
15.3000,16.0000,1.007990
15.4000,16.0000,1.029172
15.5000,16.0000,1.021274
15.6000,16.0000,1.014277
15.7000,16.0000,1.030086
15.8000,16.0000,1.012430
15.9000,16.0000,1.012000
16.0000,16.0000,1.007151
16.1000,16.0000,1.016946
16.2000,16.0000,1.016644
16.3000,16.0000,1.023126
16.4000,16.0000,1.023921
16.5000,16.0000,1.020676
16.6000,16.0000,1.024914
16.7000,16.0000,1.024043
16.8000,16.0000,1.024572
16.9000,16.0000,1.004710
17.0000,16.0000,1.019265
17.1000,16.0000,1.017618
17.2000,16.0000,1.020823
17.3000,16.0000,1.007560
17.4000,16.0000,1.021429
17.5000,16.0000,1.036181
17.6000,16.0000,1.024007
17.7000,16.0000,1.020858
17.8000,16.0000,1.022589
17.9000,16.0000,1.034457
18.0000,16.0000,1.018408
18.1000,16.0000,1.015520
18.2000,16.0000,1.020560
18.3000,16.0000,1.026202
18.4000,16.0000,1.024098
18.5000,16.0000,1.015097
18.6000,16.0000,1.018489
18.7000,16.0000,1.023466
18.8000,16.0000,1.023429
18.9000,16.0000,1.026622
19.0000,16.0000,1.021590
19.1000,16.0000,1.018275
19.2000,16.0000,1.020486
19.3000,16.0000,1.013320
19.4000,16.0000,1.029521
19.5000,16.0000,1.017455
19.6000,16.0000,1.022796
19.7000,16.0000,1.023873
19.8000,16.0000,1.024045
19.9000,16.0000,1.017292
20.0000,16.0000,1.022200
20.1000,16.0000,1.030573
20.2000,16.0000,1.034674
20.3000,16.0000,1.020771
20.4000,16.0000,1.014828
20.5000,16.0000,1.024727
20.6000,16.0000,1.016125
20.7000,16.0000,1.028174
20.8000,16.0000,1.025855
20.9000,16.0000,1.019796
21.0000,16.0000,1.014244
21.1000,16.0000,0.996106
21.2000,16.0000,0.962240
21.3000,16.0000,0.936990
13.3000,16.1000,1.152045
13.4000,16.1000,1.060032
13.5000,16.1000,1.020082
13.6000,16.1000,1.016748
13.7000,16.1000,1.008694
13.8000,16.1000,1.015569
13.9000,16.1000,1.014374
14.0000,16.1000,1.014777
14.1000,16.1000,1.027462
14.2000,16.1000,1.006438
14.3000,16.1000,1.017413
14.4000,16.1000,1.027927
14.5000,16.1000,1.027770
14.6000,16.1000,1.027339
14.7000,16.1000,1.014721
14.8000,16.1000,1.021355
14.9000,16.1000,1.008015
15.0000,16.1000,1.028844
15.1000,16.1000,1.019018
15.2000,16.1000,1.011860
15.3000,16.1000,1.016415
15.4000,16.1000,1.026806
15.5000,16.1000,1.014703
15.6000,16.1000,1.023525
15.7000,16.1000,1.011514
15.8000,16.1000,1.019718
15.9000,16.1000,1.011363
16.0000,16.1000,1.029498
16.1000,16.1000,1.030073
16.2000,16.1000,1.015246
16.3000,16.1000,1.016347
16.4000,16.1000,1.025209
16.5000,16.1000,1.035128
16.6000,16.1000,1.025909
16.7000,16.1000,1.019549
16.8000,16.1000,1.006551
16.9000,16.1000,1.024292
17.0000,16.1000,1.026163
17.1000,16.1000,1.003595
17.2000,16.1000,1.030326
17.3000,16.1000,1.014956
17.4000,16.1000,1.018245
17.5000,16.1000,1.027327
17.6000,16.1000,1.030717
17.7000,16.1000,1.022887
17.8000,16.1000,1.022854
17.9000,16.1000,1.015687
18.0000,16.1000,1.016846
18.1000,16.1000,1.010072
18.2000,16.1000,1.009844
18.3000,16.1000,1.011559
18.4000,16.1000,1.022257
18.5000,16.1000,1.013226
18.6000,16.1000,1.034934
18.7000,16.1000,1.025079
18.8000,16.1000,1.027771
18.9000,16.1000,1.026087
19.0000,16.1000,1.035153
19.1000,16.1000,1.011373
19.2000,16.1000,1.017498
19.3000,16.1000,1.022558
19.4000,16.1000,1.019723
19.5000,16.1000,1.020272
19.6000,16.1000,1.022972
19.7000,16.1000,1.013244
19.8000,16.1000,1.030236
19.9000,16.1000,1.020913
20.0000,16.1000,1.020773
20.1000,16.1000,1.022747
20.2000,16.1000,1.017065
20.3000,16.1000,1.019781
20.4000,16.1000,1.021962
20.5000,16.1000,1.015023
20.6000,16.1000,1.012618
20.7000,16.1000,1.020443
20.8000,16.1000,1.032731
20.9000,16.1000,1.018418
21.0000,16.1000,0.999524
21.1000,16.1000,1.020133
21.2000,16.1000,0.975701
21.3000,16.1000,0.940076
13.2000,16.2000,1.359288
13.3000,16.2000,1.099071
13.4000,16.2000,1.051959
13.5000,16.2000,1.017719
13.6000,16.2000,1.004988
13.7000,16.2000,1.008232
13.8000,16.2000,1.014829
13.9000,16.2000,1.021859
14.0000,16.2000,1.015886
14.1000,16.2000,1.009386
14.2000,16.2000,1.009423
14.3000,16.2000,1.010032
14.4000,16.2000,1.023653
14.5000,16.2000,1.021513
14.6000,16.2000,1.012344
14.7000,16.2000,1.010641
14.8000,16.2000,1.012297
14.9000,16.2000,1.014713
15.0000,16.2000,1.016542
15.1000,16.2000,1.020905
15.2000,16.2000,1.001145
15.3000,16.2000,1.017008
15.4000,16.2000,1.026344
15.5000,16.2000,1.007224
15.6000,16.2000,1.014464
15.7000,16.2000,1.019118
15.8000,16.2000,1.012186
15.9000,16.2000,1.025792
16.0000,16.2000,1.008641
16.1000,16.2000,1.003644
16.2000,16.2000,1.009677
16.3000,16.2000,1.015279
16.4000,16.2000,1.023614
16.5000,16.2000,1.017637
16.6000,16.2000,1.016515
16.7000,16.2000,1.005168
16.8000,16.2000,1.018429
16.9000,16.2000,1.019399
17.0000,16.2000,1.019159
17.1000,16.2000,1.013682
17.2000,16.2000,1.014425
17.3000,16.2000,1.006633
17.4000,16.2000,1.015913
17.5000,16.2000,1.012521
17.6000,16.2000,1.018515
17.7000,16.2000,1.005272
17.8000,16.2000,1.023473
17.9000,16.2000,1.021659
18.0000,16.2000,1.006494
18.1000,16.2000,1.016490
18.2000,16.2000,1.021622
18.3000,16.2000,1.022344
18.4000,16.2000,1.025593
18.5000,16.2000,1.026628
18.6000,16.2000,1.020365
18.7000,16.2000,1.021005
18.8000,16.2000,1.020624
18.9000,16.2000,1.020101
19.0000,16.2000,1.005726
19.1000,16.2000,1.025179
19.2000,16.2000,1.018334
19.3000,16.2000,1.011922
19.4000,16.2000,1.015469
19.5000,16.2000,1.013727
19.6000,16.2000,1.012932
19.7000,16.2000,1.007560
19.8000,16.2000,1.016859
19.9000,16.2000,1.024918
20.0000,16.2000,1.030931
20.1000,16.2000,1.018689
20.2000,16.2000,1.015007
20.3000,16.2000,1.013375
20.4000,16.2000,1.024552
20.5000,16.2000,1.019059
20.6000,16.2000,1.009899
20.7000,16.2000,1.019307
20.8000,16.2000,1.017267
20.9000,16.2000,0.999861
21.0000,16.2000,1.014315
21.1000,16.2000,0.995184
21.2000,16.2000,0.985330
21.3000,16.2000,0.948166
21.4000,16.2000,0.738427
13.2000,16.3000,1.344077
13.3000,16.3000,1.083322
13.4000,16.3000,1.040409
13.5000,16.3000,1.035383
13.6000,16.3000,1.018923
13.7000,16.3000,1.001859
13.8000,16.3000,1.009964
13.9000,16.3000,0.995418
14.0000,16.3000,1.001229
14.1000,16.3000,1.025277
14.2000,16.3000,1.011306
14.3000,16.3000,1.010431
14.4000,16.3000,1.018991
14.5000,16.3000,1.007383
14.6000,16.3000,1.008594
14.7000,16.3000,1.012507
14.8000,16.3000,1.000554
14.9000,16.3000,1.011399
15.0000,16.3000,1.017016
15.1000,16.3000,1.020699
15.2000,16.3000,1.024112
15.3000,16.3000,1.019320
15.4000,16.3000,1.014108
15.5000,16.3000,1.022133
15.6000,16.3000,1.005505
15.7000,16.3000,1.011138
15.8000,16.3000,1.007323
15.9000,16.3000,1.014491
16.0000,16.3000,1.011800
16.1000,16.3000,1.004040
16.2000,16.3000,1.012882
16.3000,16.3000,1.011394
16.4000,16.3000,1.018132
16.5000,16.3000,1.009802
16.6000,16.3000,1.031531
16.7000,16.3000,1.007702
16.8000,16.3000,1.019278
16.9000,16.3000,1.016994
17.0000,16.3000,1.014932
17.1000,16.3000,1.012840
17.2000,16.3000,1.025672
17.3000,16.3000,1.009343
17.4000,16.3000,1.018385
17.5000,16.3000,1.013452
17.6000,16.3000,1.012861
17.7000,16.3000,1.011841
17.8000,16.3000,1.001051
17.9000,16.3000,1.016782
18.0000,16.3000,1.021298
18.1000,16.3000,1.026244
18.2000,16.3000,1.008180
18.3000,16.3000,1.010350
18.4000,16.3000,1.007037
18.5000,16.3000,1.021197
18.6000,16.3000,1.009270
18.7000,16.3000,1.012098
18.8000,16.3000,1.000355
18.9000,16.3000,1.010423
19.0000,16.3000,1.017448
19.1000,16.3000,0.993785
19.2000,16.3000,1.020396
19.3000,16.3000,1.008316
19.4000,16.3000,1.019383
19.5000,16.3000,1.014535
19.6000,16.3000,1.020124
19.7000,16.3000,1.031685
19.8000,16.3000,1.026027
19.9000,16.3000,1.030254
20.0000,16.3000,1.017524
20.1000,16.3000,1.014554
20.2000,16.3000,1.022739
20.3000,16.3000,1.007105
20.4000,16.3000,1.008761
20.5000,16.3000,1.018121
20.6000,16.3000,1.016271
20.7000,16.3000,1.009692
20.8000,16.3000,1.003390
20.9000,16.3000,1.009355
21.0000,16.3000,1.002522
21.1000,16.3000,1.000799
21.2000,16.3000,0.975431
21.3000,16.3000,0.953324
21.4000,16.3000,0.782198
13.2000,16.4000,1.295801
13.3000,16.4000,1.067483
13.4000,16.4000,1.031898
13.5000,16.4000,1.020249
13.6000,16.4000,1.012515
13.7000,16.4000,1.009587
13.8000,16.4000,1.012172
13.9000,16.4000,0.989184
14.0000,16.4000,1.011678
14.1000,16.4000,1.020108
14.2000,16.4000,1.006994
14.3000,16.4000,1.007854
14.4000,16.4000,1.012656
14.5000,16.4000,1.005369
14.6000,16.4000,1.016890
14.7000,16.4000,1.016574
14.8000,16.4000,1.024049
14.9000,16.4000,1.013742
15.0000,16.4000,0.999963
15.1000,16.4000,1.009919
15.2000,16.4000,1.008937
15.3000,16.4000,1.000256
15.4000,16.4000,1.002757
15.5000,16.4000,1.014498
15.6000,16.4000,1.007240
15.7000,16.4000,0.997724
15.8000,16.4000,1.004681
15.9000,16.4000,1.001822
16.0000,16.4000,1.007319
16.1000,16.4000,1.008603
16.2000,16.4000,1.009032
16.3000,16.4000,1.008071
16.4000,16.4000,1.009439
16.5000,16.4000,1.006354
16.6000,16.4000,1.006277
16.7000,16.4000,0.999403
16.8000,16.4000,1.010487
16.9000,16.4000,1.013300
17.0000,16.4000,1.007353
17.1000,16.4000,1.010735
17.2000,16.4000,1.015742
17.3000,16.4000,1.011652
17.4000,16.4000,1.014084
17.5000,16.4000,1.003745
17.6000,16.4000,1.011639
17.7000,16.4000,0.995626
17.8000,16.4000,1.003695
17.9000,16.4000,1.005560
18.0000,16.4000,0.999329
18.1000,16.4000,1.010179
18.2000,16.4000,1.007267
18.3000,16.4000,1.013064
18.4000,16.4000,1.014670
18.5000,16.4000,1.017369
18.6000,16.4000,1.003029
18.7000,16.4000,1.013680
18.8000,16.4000,1.006788
18.9000,16.4000,1.002248
19.0000,16.4000,1.004083
19.1000,16.4000,0.988414
19.2000,16.4000,1.010405
19.3000,16.4000,1.013580
19.4000,16.4000,1.020302
19.5000,16.4000,1.013677
19.6000,16.4000,0.999312
19.7000,16.4000,1.004250
19.8000,16.4000,1.012659
19.9000,16.4000,0.995836
20.0000,16.4000,1.015317
20.1000,16.4000,1.004607
20.2000,16.4000,1.013994
20.3000,16.4000,0.990796
20.4000,16.4000,1.007390
20.5000,16.4000,1.003705
20.6000,16.4000,1.009079
20.7000,16.4000,1.007873
20.8000,16.4000,1.011634
20.9000,16.4000,0.997783
21.0000,16.4000,1.008678
21.1000,16.4000,0.990199
21.2000,16.4000,0.991192
21.3000,16.4000,0.966351
21.4000,16.4000,0.837504
13.2000,16.5000,1.274766
13.3000,16.5000,1.057251
13.4000,16.5000,1.017907
13.5000,16.5000,1.000770
13.6000,16.5000,1.010932
13.7000,16.5000,0.996207
13.8000,16.5000,1.009163
13.9000,16.5000,1.009086
14.0000,16.5000,0.996630
14.1000,16.5000,1.004727
14.2000,16.5000,1.005167
14.3000,16.5000,1.015331
14.4000,16.5000,1.013756
14.5000,16.5000,1.000413
14.6000,16.5000,1.006346
14.7000,16.5000,0.996177
14.8000,16.5000,1.015344
14.9000,16.5000,0.996795
15.0000,16.5000,1.009966
15.1000,16.5000,1.010083
15.2000,16.5000,1.002489
15.3000,16.5000,0.996296
15.4000,16.5000,1.003565
15.5000,16.5000,1.016085
15.6000,16.5000,1.001627
15.7000,16.5000,1.006118
15.8000,16.5000,0.995890
15.9000,16.5000,1.016749
16.0000,16.5000,1.009092
16.1000,16.5000,1.001476
16.2000,16.5000,1.006451
16.3000,16.5000,1.008618
16.4000,16.5000,0.985675
16.5000,16.5000,0.995504
16.6000,16.5000,0.996771
16.7000,16.5000,1.012330
16.8000,16.5000,0.995717
16.9000,16.5000,1.018305
17.0000,16.5000,1.018709
17.1000,16.5000,1.000374
17.2000,16.5000,1.005472
17.3000,16.5000,1.009392
17.4000,16.5000,1.017411
17.5000,16.5000,1.010127
17.6000,16.5000,1.003035
17.7000,16.5000,1.005298
17.8000,16.5000,1.001168
17.9000,16.5000,1.002776
18.0000,16.5000,1.006104
18.1000,16.5000,1.004919
18.2000,16.5000,1.002456
18.3000,16.5000,0.996055
18.4000,16.5000,1.024716
18.5000,16.5000,1.008545
18.6000,16.5000,1.005794
18.7000,16.5000,1.015425
18.8000,16.5000,0.997602
18.9000,16.5000,1.010634
19.0000,16.5000,1.001426
19.1000,16.5000,1.022654
19.2000,16.5000,1.008698
19.3000,16.5000,1.000530
19.4000,16.5000,1.005250
19.5000,16.5000,1.005468
19.6000,16.5000,0.995998
19.7000,16.5000,1.000882
19.8000,16.5000,1.010253
19.9000,16.5000,1.017101
20.0000,16.5000,1.011530
20.1000,16.5000,1.004419
20.2000,16.5000,0.986540
20.3000,16.5000,1.013419
20.4000,16.5000,1.007683
20.5000,16.5000,1.002879
20.6000,16.5000,0.994075
20.7000,16.5000,0.997960
20.8000,16.5000,1.007763
20.9000,16.5000,1.008972
21.0000,16.5000,1.000816
21.1000,16.5000,0.989487
21.2000,16.5000,0.971869
21.3000,16.5000,0.949021
21.4000,16.5000,0.833886
13.2000,16.6000,1.226011
13.3000,16.6000,1.047016
13.4000,16.6000,1.013724
13.5000,16.6000,1.009159
13.6000,16.6000,1.000729
13.7000,16.6000,0.985201
13.8000,16.6000,1.006811
13.9000,16.6000,0.999251
14.0000,16.6000,0.999023
14.1000,16.6000,1.002700
14.2000,16.6000,1.010140
14.3000,16.6000,1.003197
14.4000,16.6000,1.001409
14.5000,16.6000,0.993144
14.6000,16.6000,1.008046
14.7000,16.6000,1.003207
14.8000,16.6000,0.997384
14.9000,16.6000,1.004704
15.0000,16.6000,1.005632
15.1000,16.6000,1.006606
15.2000,16.6000,1.017144
15.3000,16.6000,1.001950
15.4000,16.6000,1.014611
15.5000,16.6000,1.014215
15.6000,16.6000,1.008850
15.7000,16.6000,0.997567
15.8000,16.6000,1.013314
15.9000,16.6000,1.005530
16.0000,16.6000,1.008096
16.1000,16.6000,1.007358
16.2000,16.6000,0.996725
16.3000,16.6000,1.004435
16.4000,16.6000,1.009201
16.5000,16.6000,1.004418
16.6000,16.6000,0.990697
16.7000,16.6000,1.013029
16.8000,16.6000,0.992134
16.9000,16.6000,1.003314
17.0000,16.6000,0.993278
17.1000,16.6000,1.004174
17.2000,16.6000,0.997261
17.3000,16.6000,1.009760
17.4000,16.6000,0.995598
17.5000,16.6000,1.004013
17.6000,16.6000,1.005878
17.7000,16.6000,1.005972
17.8000,16.6000,1.007062
17.9000,16.6000,1.000134
18.0000,16.6000,1.002169
18.1000,16.6000,1.005762
18.2000,16.6000,1.017972
18.3000,16.6000,1.006893
18.4000,16.6000,1.008509
18.5000,16.6000,0.995738
18.6000,16.6000,0.997864
18.7000,16.6000,1.003255
18.8000,16.6000,1.002562
18.9000,16.6000,0.998841
19.0000,16.6000,0.995364
19.1000,16.6000,0.997384
19.2000,16.6000,0.997400
19.3000,16.6000,1.004816
19.4000,16.6000,1.016066
19.5000,16.6000,1.008416
19.6000,16.6000,0.997688
19.7000,16.6000,0.995071
19.8000,16.6000,1.006026
19.9000,16.6000,1.009899
20.0000,16.6000,1.007781
20.1000,16.6000,0.998385
20.2000,16.6000,0.994176
20.3000,16.6000,0.993054
20.4000,16.6000,1.009967
20.5000,16.6000,1.009219
20.6000,16.6000,1.004950
20.7000,16.6000,1.006411
20.8000,16.6000,0.989651
20.9000,16.6000,1.011159
21.0000,16.6000,0.987178
21.1000,16.6000,0.995351
21.2000,16.6000,0.972602
21.3000,16.6000,0.941832
21.4000,16.6000,0.852156
13.2000,16.7000,1.204674
13.3000,16.7000,1.049658
13.4000,16.7000,1.020494
13.5000,16.7000,1.010605
13.6000,16.7000,1.004659
13.7000,16.7000,0.993152
13.8000,16.7000,0.999213
13.9000,16.7000,0.991983
14.0000,16.7000,0.999887
14.1000,16.7000,1.005431
14.2000,16.7000,0.987719
14.3000,16.7000,0.998177
14.4000,16.7000,0.998441
14.5000,16.7000,1.008859
14.6000,16.7000,0.993689
14.7000,16.7000,1.005971
14.8000,16.7000,1.003705
14.9000,16.7000,1.013071
15.0000,16.7000,0.997549
15.1000,16.7000,0.988208
15.2000,16.7000,0.997376
15.3000,16.7000,0.993333
15.4000,16.7000,1.012883
15.5000,16.7000,0.999649
15.6000,16.7000,1.002453
15.7000,16.7000,0.984116
15.8000,16.7000,1.009634
15.9000,16.7000,1.006931
16.0000,16.7000,1.000979
16.1000,16.7000,1.002157
16.2000,16.7000,0.985334
16.3000,16.7000,0.991579
16.4000,16.7000,1.005059
16.5000,16.7000,0.992029
16.6000,16.7000,0.999940
16.7000,16.7000,0.996910
16.8000,16.7000,0.999194
16.9000,16.7000,1.001443
17.0000,16.7000,1.002872
17.1000,16.7000,1.013262
17.2000,16.7000,1.003704
17.3000,16.7000,0.997059
17.4000,16.7000,1.003252
17.5000,16.7000,0.999121
17.6000,16.7000,0.991398
17.7000,16.7000,0.990341
17.8000,16.7000,0.998793
17.9000,16.7000,1.011098
18.0000,16.7000,1.004385
18.1000,16.7000,1.005857
18.2000,16.7000,1.000173
18.3000,16.7000,0.991018
18.4000,16.7000,0.999553
18.5000,16.7000,0.997683
18.6000,16.7000,1.004243
18.7000,16.7000,1.008796
18.8000,16.7000,1.002984
18.9000,16.7000,1.003601
19.0000,16.7000,0.994634
19.1000,16.7000,0.998453
19.2000,16.7000,1.007542
19.3000,16.7000,0.990324
19.4000,16.7000,1.002467
19.5000,16.7000,1.000869
19.6000,16.7000,1.003737
19.7000,16.7000,0.987666
19.8000,16.7000,1.007544
19.9000,16.7000,1.001747
20.0000,16.7000,1.016714
20.1000,16.7000,1.002643
20.2000,16.7000,0.992747
20.3000,16.7000,0.995868
20.4000,16.7000,0.993966
20.5000,16.7000,0.992640
20.6000,16.7000,0.994585
20.7000,16.7000,1.004847
20.8000,16.7000,1.002167
20.9000,16.7000,0.998704
21.0000,16.7000,0.984282
21.1000,16.7000,0.983305
21.2000,16.7000,0.961579
21.3000,16.7000,0.944078
21.4000,16.7000,0.857970
13.2000,16.8000,1.204249
13.3000,16.8000,1.033917
13.4000,16.8000,1.014956
13.5000,16.8000,0.995566
13.6000,16.8000,1.009020
13.7000,16.8000,0.991490
13.8000,16.8000,0.988204
13.9000,16.8000,0.979833
14.0000,16.8000,0.997059
14.1000,16.8000,0.992675
14.2000,16.8000,1.001362
14.3000,16.8000,1.003385
14.4000,16.8000,1.003733
14.5000,16.8000,0.988674
14.6000,16.8000,0.997218
14.7000,16.8000,0.999731
14.8000,16.8000,0.996959
14.9000,16.8000,1.013685
15.0000,16.8000,0.998387
15.1000,16.8000,1.003633
15.2000,16.8000,1.007614
15.3000,16.8000,0.997410
15.4000,16.8000,1.010903
15.5000,16.8000,1.000116
15.6000,16.8000,1.001514
15.7000,16.8000,0.999681
15.8000,16.8000,0.990142
15.9000,16.8000,0.999933
16.0000,16.8000,0.998051
16.1000,16.8000,1.000647
16.2000,16.8000,0.992671
16.3000,16.8000,0.987324
16.4000,16.8000,0.991908
16.5000,16.8000,0.992460
16.6000,16.8000,0.990067
16.7000,16.8000,0.995793
16.8000,16.8000,1.001023
16.9000,16.8000,0.992168
17.0000,16.8000,0.982926
17.1000,16.8000,0.998319
17.2000,16.8000,0.993117
17.3000,16.8000,0.993741
17.4000,16.8000,1.006417
17.5000,16.8000,1.007026
17.6000,16.8000,0.991563
17.7000,16.8000,0.995020
17.8000,16.8000,1.000813
17.9000,16.8000,1.002886
18.0000,16.8000,0.994131
18.1000,16.8000,0.990373
18.2000,16.8000,1.001920
18.3000,16.8000,0.998348
18.4000,16.8000,1.004976
18.5000,16.8000,1.006280
18.6000,16.8000,1.024010
18.7000,16.8000,0.998073
18.8000,16.8000,1.000305
18.9000,16.8000,0.990680
19.0000,16.8000,1.004110
19.1000,16.8000,0.988774
19.2000,16.8000,0.984468
19.3000,16.8000,1.007404
19.4000,16.8000,0.992827
19.5000,16.8000,1.008815
19.6000,16.8000,0.993170
19.7000,16.8000,1.007028
19.8000,16.8000,0.989024
19.9000,16.8000,1.015546
20.0000,16.8000,0.988914
20.1000,16.8000,0.992252
20.2000,16.8000,1.001089
20.3000,16.8000,0.985614
20.4000,16.8000,0.990629
20.5000,16.8000,0.987955
20.6000,16.8000,0.983892
20.7000,16.8000,0.996648
20.8000,16.8000,0.996979
20.9000,16.8000,1.000779
21.0000,16.8000,0.980512
21.1000,16.8000,0.978194
21.2000,16.8000,0.948029
21.3000,16.8000,0.958202
21.4000,16.8000,0.834204
13.2000,16.9000,1.195457
13.3000,16.9000,1.041324
13.4000,16.9000,1.012919
13.5000,16.9000,1.015092
13.6000,16.9000,0.995821
13.7000,16.9000,0.991692
13.8000,16.9000,0.997574
13.9000,16.9000,0.985432
14.0000,16.9000,0.990649
14.1000,16.9000,0.985117
14.2000,16.9000,0.981999
14.3000,16.9000,1.005797
14.4000,16.9000,0.994200
14.5000,16.9000,1.002727
14.6000,16.9000,0.991531
14.7000,16.9000,0.988793
14.8000,16.9000,0.987959
14.9000,16.9000,1.004186
15.0000,16.9000,0.997432
15.1000,16.9000,0.983075
15.2000,16.9000,0.994324
15.3000,16.9000,0.980735
15.4000,16.9000,0.992935
15.5000,16.9000,1.000344
15.6000,16.9000,0.994245
15.7000,16.9000,0.995032
15.8000,16.9000,0.990423
15.9000,16.9000,1.008524
16.0000,16.9000,0.996126
16.1000,16.9000,0.995685
16.2000,16.9000,0.978953
16.3000,16.9000,0.993455
16.4000,16.9000,0.994302
16.5000,16.9000,0.999878
16.6000,16.9000,0.998250
16.7000,16.9000,0.990192
16.8000,16.9000,1.007097
16.9000,16.9000,0.989060
17.0000,16.9000,0.990982
17.1000,16.9000,0.991180
17.2000,16.9000,0.993539
17.3000,16.9000,1.003891
17.4000,16.9000,0.998016
17.5000,16.9000,0.999060
17.6000,16.9000,0.990200
17.7000,16.9000,0.983755
17.8000,16.9000,0.992393
17.9000,16.9000,0.993542
18.0000,16.9000,0.980166
18.1000,16.9000,1.005779
18.2000,16.9000,0.995955
18.3000,16.9000,0.983143
18.4000,16.9000,1.002525
18.5000,16.9000,0.990171
18.6000,16.9000,0.982188
18.7000,16.9000,0.995449
18.8000,16.9000,0.986781
18.9000,16.9000,0.992465
19.0000,16.9000,0.996919
19.1000,16.9000,0.985871
19.2000,16.9000,0.999941
19.3000,16.9000,1.013609
19.4000,16.9000,1.014209
19.5000,16.9000,0.988761
19.6000,16.9000,1.002716
19.7000,16.9000,1.004924
19.8000,16.9000,1.001979
19.9000,16.9000,0.999877
20.0000,16.9000,0.997348
20.1000,16.9000,0.987715
20.2000,16.9000,0.995803
20.3000,16.9000,0.990561
20.4000,16.9000,0.994387
20.5000,16.9000,0.989165
20.6000,16.9000,0.995075
20.7000,16.9000,0.992393
20.8000,16.9000,0.995926
20.9000,16.9000,1.000007
21.0000,16.9000,0.972551
21.1000,16.9000,0.982899
21.2000,16.9000,0.949885
21.3000,16.9000,0.929976
21.4000,16.9000,0.828965
13.2000,17.0000,1.197858
13.3000,17.0000,1.027846
13.4000,17.0000,1.003561
13.5000,17.0000,0.997378
13.6000,17.0000,0.995283
13.7000,17.0000,0.994346
13.8000,17.0000,0.991497
13.9000,17.0000,0.986361
14.0000,17.0000,0.997072
14.1000,17.0000,1.002103
14.2000,17.0000,0.994386
14.3000,17.0000,0.996363
14.4000,17.0000,0.994125
14.5000,17.0000,0.995317
14.6000,17.0000,0.991616
14.7000,17.0000,0.982361
14.8000,17.0000,1.001387
14.9000,17.0000,1.006939
15.0000,17.0000,1.001582
15.1000,17.0000,0.991119
15.2000,17.0000,1.002105
15.3000,17.0000,0.998292
15.4000,17.0000,0.995918
15.5000,17.0000,0.976535
15.6000,17.0000,0.996785
15.7000,17.0000,1.002962
15.8000,17.0000,0.992553
15.9000,17.0000,0.989982
16.0000,17.0000,0.994613
16.1000,17.0000,1.003249
16.2000,17.0000,0.985515
16.3000,17.0000,0.996467
16.4000,17.0000,0.990146
16.5000,17.0000,1.003065
16.6000,17.0000,0.988895
16.7000,17.0000,0.994315
16.8000,17.0000,0.986445
16.9000,17.0000,0.988813
17.0000,17.0000,0.980225
17.1000,17.0000,0.979503
17.2000,17.0000,0.976745
17.3000,17.0000,0.983559
17.4000,17.0000,0.988161
17.5000,17.0000,0.996111
17.6000,17.0000,0.985302
17.7000,17.0000,0.977933
17.8000,17.0000,0.994508
17.9000,17.0000,0.997828
18.0000,17.0000,0.998123
18.1000,17.0000,0.989087
18.2000,17.0000,1.000236
18.3000,17.0000,0.999941
18.4000,17.0000,1.004493
18.5000,17.0000,0.987071
18.6000,17.0000,1.002515
18.7000,17.0000,0.992444
18.8000,17.0000,0.980991
18.9000,17.0000,0.991931
19.0000,17.0000,0.968644
19.1000,17.0000,0.987455
19.2000,17.0000,0.993370
19.3000,17.0000,1.002704
19.4000,17.0000,0.992019
19.5000,17.0000,0.982803
19.6000,17.0000,1.000448
19.7000,17.0000,0.994570
19.8000,17.0000,0.996853
19.9000,17.0000,0.988387
20.0000,17.0000,0.987579
20.1000,17.0000,0.991093
20.2000,17.0000,0.986794
20.3000,17.0000,0.989548
20.4000,17.0000,0.994086
20.5000,17.0000,0.990745
20.6000,17.0000,0.988974
20.7000,17.0000,0.997021
20.8000,17.0000,0.994984
20.9000,17.0000,0.976340
21.0000,17.0000,0.981948
21.1000,17.0000,0.966190
21.2000,17.0000,0.934873
21.3000,17.0000,0.917647
21.4000,17.0000,0.791691
13.2000,17.1000,1.200044
13.3000,17.1000,1.018967
13.4000,17.1000,0.997269
13.5000,17.1000,0.995850
13.6000,17.1000,0.986912
13.7000,17.1000,0.985985
13.8000,17.1000,0.987089
13.9000,17.1000,0.987297
14.0000,17.1000,0.985235
14.1000,17.1000,1.001188
14.2000,17.1000,0.989324
14.3000,17.1000,0.979339
14.4000,17.1000,0.983915
14.5000,17.1000,0.982335
14.6000,17.1000,0.988111
14.7000,17.1000,0.984876
14.8000,17.1000,0.978284
14.9000,17.1000,0.987480
15.0000,17.1000,0.978121
15.1000,17.1000,0.977604
15.2000,17.1000,0.983320
15.3000,17.1000,0.991343
15.4000,17.1000,0.986532
15.5000,17.1000,0.982732
15.6000,17.1000,0.969980
15.7000,17.1000,0.993249
15.8000,17.1000,0.988098
15.9000,17.1000,0.981932
16.0000,17.1000,0.994673
16.1000,17.1000,0.977992
16.2000,17.1000,0.991990
16.3000,17.1000,0.993184
16.4000,17.1000,0.973894
16.5000,17.1000,1.001734
16.6000,17.1000,0.976739
16.7000,17.1000,0.991023
16.8000,17.1000,0.994020
16.9000,17.1000,0.989178
17.0000,17.1000,0.987366
17.1000,17.1000,0.985977
17.2000,17.1000,0.977276
17.3000,17.1000,0.986726
17.4000,17.1000,0.994046
17.5000,17.1000,0.989295
17.6000,17.1000,0.990278
17.7000,17.1000,0.990684
17.8000,17.1000,0.994938
17.9000,17.1000,0.987639
18.0000,17.1000,0.989715
18.1000,17.1000,0.992142
18.2000,17.1000,0.969510
18.3000,17.1000,0.999715
18.4000,17.1000,0.991028
18.5000,17.1000,0.984624
18.6000,17.1000,1.002796
18.7000,17.1000,0.998833
18.8000,17.1000,0.986054
18.9000,17.1000,0.982145
19.0000,17.1000,0.990434
19.1000,17.1000,0.986773
19.2000,17.1000,0.993333
19.3000,17.1000,0.988857
19.4000,17.1000,0.998194
19.5000,17.1000,0.987794
19.6000,17.1000,0.986798
19.7000,17.1000,0.983510
19.8000,17.1000,0.985555
19.9000,17.1000,0.987075
20.0000,17.1000,0.987803
20.1000,17.1000,0.976328
20.2000,17.1000,0.989087
20.3000,17.1000,0.986979
20.4000,17.1000,0.979447
20.5000,17.1000,0.987292
20.6000,17.1000,0.986221
20.7000,17.1000,0.992859
20.8000,17.1000,0.994378
20.9000,17.1000,0.968704
21.0000,17.1000,0.980087
21.1000,17.1000,0.977783
21.2000,17.1000,0.946174
21.3000,17.1000,0.920165
21.4000,17.1000,0.782989
13.2000,17.2000,1.195241
13.3000,17.2000,1.045054
13.4000,17.2000,1.003194
13.5000,17.2000,0.995069
13.6000,17.2000,0.986912
13.7000,17.2000,0.985754
13.8000,17.2000,0.980962
13.9000,17.2000,0.987023
14.0000,17.2000,0.981242
14.1000,17.2000,0.981492
14.2000,17.2000,0.988605
14.3000,17.2000,0.983057
14.4000,17.2000,0.988102
14.5000,17.2000,0.989790
14.6000,17.2000,0.982515
14.7000,17.2000,0.984033
14.8000,17.2000,0.984050
14.9000,17.2000,0.982265
15.0000,17.2000,0.982605
15.1000,17.2000,0.991329
15.2000,17.2000,0.983591
15.3000,17.2000,1.001606
15.4000,17.2000,0.977858
15.5000,17.2000,0.979535
15.6000,17.2000,0.977365
15.7000,17.2000,0.978046
15.8000,17.2000,0.988119
15.9000,17.2000,0.980466
16.0000,17.2000,0.987863
16.1000,17.2000,0.993250
16.2000,17.2000,0.987732
16.3000,17.2000,0.998189
16.4000,17.2000,0.994012
16.5000,17.2000,0.997303
16.6000,17.2000,0.969598
16.7000,17.2000,0.980309
16.8000,17.2000,0.993762
16.9000,17.2000,0.983990
17.0000,17.2000,0.994584
17.1000,17.2000,0.981428
17.2000,17.2000,0.986892
17.3000,17.2000,0.979698
17.4000,17.2000,0.987486
17.5000,17.2000,0.998200
17.6000,17.2000,0.984674
17.7000,17.2000,0.980830
17.8000,17.2000,0.984948
17.9000,17.2000,0.984909
18.0000,17.2000,0.990244
18.1000,17.2000,0.978741
18.2000,17.2000,0.980673
18.3000,17.2000,0.970556
18.4000,17.2000,0.975913
18.5000,17.2000,0.975355
18.6000,17.2000,0.993050
18.7000,17.2000,0.985248
18.8000,17.2000,0.983462
18.9000,17.2000,0.982836
19.0000,17.2000,0.996561
19.1000,17.2000,0.976064
19.2000,17.2000,0.987112
19.3000,17.2000,0.978536
19.4000,17.2000,0.987086
19.5000,17.2000,0.980547
19.6000,17.2000,0.984022
19.7000,17.2000,0.998424
19.8000,17.2000,0.989248
19.9000,17.2000,0.986998
20.0000,17.2000,0.984571
20.1000,17.2000,0.977481
20.2000,17.2000,0.985771
20.3000,17.2000,0.986046
20.4000,17.2000,0.984616
20.5000,17.2000,0.976783
20.6000,17.2000,0.984769
20.7000,17.2000,0.993132
20.8000,17.2000,0.974165
20.9000,17.2000,0.962774
21.0000,17.2000,0.962021
21.1000,17.2000,0.948961
21.2000,17.2000,0.936341
21.3000,17.2000,0.894150
21.4000,17.2000,0.736646
13.2000,17.3000,1.214925
13.3000,17.3000,1.025300
13.4000,17.3000,1.008025
13.5000,17.3000,0.979309
13.6000,17.3000,0.976699
13.7000,17.3000,0.975011
13.8000,17.3000,0.968973
13.9000,17.3000,0.988702
14.0000,17.3000,0.987549
14.1000,17.3000,0.983207
14.2000,17.3000,0.972765
14.3000,17.3000,0.964119
14.4000,17.3000,0.980443
14.5000,17.3000,0.977523
14.6000,17.3000,0.977792
14.7000,17.3000,0.978434
14.8000,17.3000,0.976307
14.9000,17.3000,0.973949
15.0000,17.3000,0.980424
15.1000,17.3000,0.966269
15.2000,17.3000,0.973785
15.3000,17.3000,0.978826
15.4000,17.3000,0.969956
15.5000,17.3000,0.980009
15.6000,17.3000,0.978944
15.7000,17.3000,0.968887
15.8000,17.3000,0.978123
15.9000,17.3000,0.986537
16.0000,17.3000,0.990361
16.1000,17.3000,0.985182
16.2000,17.3000,0.981608
16.3000,17.3000,0.980810
16.4000,17.3000,0.981429
16.5000,17.3000,0.990292
16.6000,17.3000,0.978367
16.7000,17.3000,0.970051
16.8000,17.3000,0.968301
16.9000,17.3000,0.972993
17.0000,17.3000,0.976086
17.1000,17.3000,0.984398
17.2000,17.3000,0.977765
17.3000,17.3000,0.988690
17.4000,17.3000,0.991953
17.5000,17.3000,0.981334
17.6000,17.3000,0.988818
17.7000,17.3000,0.983513
17.8000,17.3000,0.979331
17.9000,17.3000,0.988243
18.0000,17.3000,0.977549
18.1000,17.3000,0.977015
18.2000,17.3000,0.983419
18.3000,17.3000,0.985979
18.4000,17.3000,0.979869
18.5000,17.3000,0.971289
18.6000,17.3000,0.985107
18.7000,17.3000,0.969517
18.8000,17.3000,0.982264
18.9000,17.3000,0.978412
19.0000,17.3000,0.980416
19.1000,17.3000,0.984071
19.2000,17.3000,0.969212
19.3000,17.3000,0.966765
19.4000,17.3000,0.971297
19.5000,17.3000,0.976259
19.6000,17.3000,0.978581
19.7000,17.3000,0.979667
19.8000,17.3000,0.987902
19.9000,17.3000,0.981670
20.0000,17.3000,0.978167
20.1000,17.3000,0.975330
20.2000,17.3000,0.970252
20.3000,17.3000,0.972181
20.4000,17.3000,0.967716
20.5000,17.3000,0.979565
20.6000,17.3000,0.977896
20.7000,17.3000,0.973082
20.8000,17.3000,0.969662
20.9000,17.3000,0.943345
21.0000,17.3000,0.967423
21.1000,17.3000,0.942273
21.2000,17.3000,0.924910
21.3000,17.3000,0.890653
21.4000,17.3000,0.693390
13.2000,17.4000,1.223602
13.3000,17.4000,1.028970
13.4000,17.4000,1.003434
13.5000,17.4000,0.976942
13.6000,17.4000,0.968376
13.7000,17.4000,0.984654
13.8000,17.4000,0.984320
13.9000,17.4000,0.980710
14.0000,17.4000,0.980477
14.1000,17.4000,0.974285
14.2000,17.4000,0.976290
14.3000,17.4000,0.981247
14.4000,17.4000,0.982708
14.5000,17.4000,0.972749
14.6000,17.4000,0.976460
14.7000,17.4000,0.975425
14.8000,17.4000,0.985155
14.9000,17.4000,0.975365
15.0000,17.4000,0.984904
15.1000,17.4000,0.983643
15.2000,17.4000,0.994885
15.3000,17.4000,0.976279
15.4000,17.4000,0.968647
15.5000,17.4000,0.969296
15.6000,17.4000,0.971775
15.7000,17.4000,0.962267
15.8000,17.4000,0.960033
15.9000,17.4000,0.976157
16.0000,17.4000,0.976591
16.1000,17.4000,0.975067
16.2000,17.4000,0.972631
16.3000,17.4000,0.984274
16.4000,17.4000,0.974703
16.5000,17.4000,0.973557
16.6000,17.4000,0.987519
16.7000,17.4000,0.972138
16.8000,17.4000,0.972370
16.9000,17.4000,0.977007
17.0000,17.4000,0.967771
17.1000,17.4000,0.973420
17.2000,17.4000,0.977926
17.3000,17.4000,0.974504
17.4000,17.4000,0.975187
17.5000,17.4000,0.989297
17.6000,17.4000,0.968863
17.7000,17.4000,0.989882
17.8000,17.4000,0.986274
17.9000,17.4000,0.980464
18.0000,17.4000,0.962577
18.1000,17.4000,0.986249
18.2000,17.4000,0.976251
18.3000,17.4000,0.970875
18.4000,17.4000,0.988950
18.5000,17.4000,0.982122
18.6000,17.4000,0.968715
18.7000,17.4000,0.974570
18.8000,17.4000,0.972290
18.9000,17.4000,0.982947
19.0000,17.4000,0.969665
19.1000,17.4000,0.977508
19.2000,17.4000,0.981792
19.3000,17.4000,0.982328
19.4000,17.4000,0.979717
19.5000,17.4000,0.968445
19.6000,17.4000,0.981233
19.7000,17.4000,0.980211
19.8000,17.4000,0.982592
19.9000,17.4000,0.968578
20.0000,17.4000,0.964144
20.1000,17.4000,0.976614
20.2000,17.4000,0.977370
20.3000,17.4000,0.991603
20.4000,17.4000,0.970011
20.5000,17.4000,0.975795
20.6000,17.4000,0.977004
20.7000,17.4000,0.964930
20.8000,17.4000,0.966866
20.9000,17.4000,0.947969
21.0000,17.4000,0.952794
21.1000,17.4000,0.942273
21.2000,17.4000,0.924754
21.3000,17.4000,0.855671
13.2000,17.5000,1.253111
13.3000,17.5000,1.039011
13.4000,17.5000,0.986419
13.5000,17.5000,0.994027
13.6000,17.5000,0.969041
13.7000,17.5000,0.958683
13.8000,17.5000,0.964846
13.9000,17.5000,0.988483
14.0000,17.5000,0.976443
14.1000,17.5000,0.978960
14.2000,17.5000,0.983732
14.3000,17.5000,0.983032
14.4000,17.5000,0.992121
14.5000,17.5000,0.976178
14.6000,17.5000,0.982462
14.7000,17.5000,0.990158
14.8000,17.5000,0.972259
14.9000,17.5000,0.984044
15.0000,17.5000,0.972266
15.1000,17.5000,0.991959
15.2000,17.5000,0.966458
15.3000,17.5000,0.971857
15.4000,17.5000,0.982444
15.5000,17.5000,0.981234
15.6000,17.5000,0.971240
15.7000,17.5000,0.973487
15.8000,17.5000,0.979460
15.9000,17.5000,0.969887
16.0000,17.5000,0.963179
16.1000,17.5000,0.985737
16.2000,17.5000,0.977883
16.3000,17.5000,0.967581
16.4000,17.5000,0.965777
16.5000,17.5000,0.970174
16.6000,17.5000,0.973733
16.7000,17.5000,0.977959
16.8000,17.5000,0.977747
16.9000,17.5000,0.982735
17.0000,17.5000,0.966352
17.1000,17.5000,0.977679
17.2000,17.5000,0.978296
17.3000,17.5000,0.967292
17.4000,17.5000,0.984852
17.5000,17.5000,0.976808
17.6000,17.5000,0.978333
17.7000,17.5000,0.969419
17.8000,17.5000,0.980411
17.9000,17.5000,0.979487
18.0000,17.5000,0.977284
18.1000,17.5000,0.975728
18.2000,17.5000,0.980516
18.3000,17.5000,0.962400
18.4000,17.5000,0.980181
18.5000,17.5000,0.977744
18.6000,17.5000,0.965890
18.7000,17.5000,0.977451
18.8000,17.5000,0.966606
18.9000,17.5000,0.971624
19.0000,17.5000,0.973065
19.1000,17.5000,0.967360
19.2000,17.5000,0.968577
19.3000,17.5000,0.971573
19.4000,17.5000,0.962820
19.5000,17.5000,0.977425
19.6000,17.5000,0.979907
19.7000,17.5000,0.968620
19.8000,17.5000,0.976780
19.9000,17.5000,0.977707
20.0000,17.5000,0.994432
20.1000,17.5000,0.962494
20.2000,17.5000,0.971195
20.3000,17.5000,0.962000
20.4000,17.5000,0.971423
20.5000,17.5000,0.988579
20.6000,17.5000,0.967438
20.7000,17.5000,0.961923
20.8000,17.5000,0.943970
20.9000,17.5000,0.934595
21.0000,17.5000,0.952265
21.1000,17.5000,0.917953
21.2000,17.5000,0.925139
21.3000,17.5000,0.861507
13.2000,17.6000,1.311750
13.3000,17.6000,1.046054
13.4000,17.6000,0.999942
13.5000,17.6000,0.979538
13.6000,17.6000,0.971408
13.7000,17.6000,0.972696
13.8000,17.6000,0.958709
13.9000,17.6000,0.980275
14.0000,17.6000,0.977886
14.1000,17.6000,0.967550
14.2000,17.6000,0.968819
14.3000,17.6000,0.963684
14.4000,17.6000,0.979028
14.5000,17.6000,0.976163
14.6000,17.6000,0.975952
14.7000,17.6000,0.979905
14.8000,17.6000,0.968343
14.9000,17.6000,0.972317
15.0000,17.6000,0.973414
15.1000,17.6000,0.973028
15.2000,17.6000,0.965029
15.3000,17.6000,0.965442
15.4000,17.6000,0.975232
15.5000,17.6000,0.975598
15.6000,17.6000,0.967465
15.7000,17.6000,0.969643
15.8000,17.6000,0.979043
15.9000,17.6000,0.975809
16.0000,17.6000,0.974766
16.1000,17.6000,0.993892
16.2000,17.6000,0.967268
16.3000,17.6000,0.984779
16.4000,17.6000,0.968832
16.5000,17.6000,0.960551
16.6000,17.6000,0.964209
16.7000,17.6000,0.972432
16.8000,17.6000,0.960525
16.9000,17.6000,0.969325
17.0000,17.6000,0.966235
17.1000,17.6000,0.963162
17.2000,17.6000,0.974771
17.3000,17.6000,0.965754
17.4000,17.6000,0.961666
17.5000,17.6000,0.974832
17.6000,17.6000,0.972810
17.7000,17.6000,0.964575
17.8000,17.6000,0.967681
17.9000,17.6000,0.972355
18.0000,17.6000,0.970628
18.1000,17.6000,0.970199
18.2000,17.6000,0.969897
18.3000,17.6000,0.973510
18.4000,17.6000,0.966676
18.5000,17.6000,0.979683
18.6000,17.6000,0.974992
18.7000,17.6000,0.963076
18.8000,17.6000,0.964318
18.9000,17.6000,0.973058
19.0000,17.6000,0.968140
19.1000,17.6000,0.979161
19.2000,17.6000,0.959204
19.3000,17.6000,0.960910
19.4000,17.6000,0.982912
19.5000,17.6000,0.982150
19.6000,17.6000,0.963286
19.7000,17.6000,0.979783
19.8000,17.6000,0.958463
19.9000,17.6000,0.969860
20.0000,17.6000,0.972473
20.1000,17.6000,0.958137
20.2000,17.6000,0.953839
20.3000,17.6000,0.959655
20.4000,17.6000,0.968432
20.5000,17.6000,0.960258
20.6000,17.6000,0.968077
20.7000,17.6000,0.946876
20.8000,17.6000,0.930246
20.9000,17.6000,0.952127
21.0000,17.6000,0.938350
21.1000,17.6000,0.915912
21.2000,17.6000,0.900993
21.3000,17.6000,0.821698
13.2000,17.7000,1.379000
13.3000,17.7000,1.065537
13.4000,17.7000,1.007983
13.5000,17.7000,0.980428
13.6000,17.7000,0.959170
13.7000,17.7000,0.980961
13.8000,17.7000,0.964180
13.9000,17.7000,0.987101
14.0000,17.7000,0.964258
14.1000,17.7000,0.968795
14.2000,17.7000,0.967750
14.3000,17.7000,0.965239
14.4000,17.7000,0.959309
14.5000,17.7000,0.974135
14.6000,17.7000,0.971573
14.7000,17.7000,0.973350
14.8000,17.7000,0.971558
14.9000,17.7000,0.970939
15.0000,17.7000,0.977074
15.1000,17.7000,0.961729
15.2000,17.7000,0.978470
15.3000,17.7000,0.961103
15.4000,17.7000,0.970972
15.5000,17.7000,0.960214
15.6000,17.7000,0.966904
15.7000,17.7000,0.961784
15.8000,17.7000,0.959342
15.9000,17.7000,0.959864
16.0000,17.7000,0.970295
16.1000,17.7000,0.981098
16.2000,17.7000,0.967177
16.3000,17.7000,0.959580
16.4000,17.7000,0.972701
16.5000,17.7000,0.956566
16.6000,17.7000,0.975609
16.7000,17.7000,0.962270
16.8000,17.7000,0.972211
16.9000,17.7000,0.960650
17.0000,17.7000,0.966493
17.1000,17.7000,0.969518
17.2000,17.7000,0.967882
17.3000,17.7000,0.968732
17.4000,17.7000,0.969752
17.5000,17.7000,0.968297
17.6000,17.7000,0.969333
17.7000,17.7000,0.969124
17.8000,17.7000,0.967700
17.9000,17.7000,0.976404
18.0000,17.7000,0.967414
18.1000,17.7000,0.967624
18.2000,17.7000,0.962466
18.3000,17.7000,0.961819
18.4000,17.7000,0.963454
18.5000,17.7000,0.968812
18.6000,17.7000,0.955970
18.7000,17.7000,0.961879
18.8000,17.7000,0.966159
18.9000,17.7000,0.980921
19.0000,17.7000,0.959358
19.1000,17.7000,0.964053
19.2000,17.7000,0.963344
19.3000,17.7000,0.957203
19.4000,17.7000,0.967518
19.5000,17.7000,0.962967
19.6000,17.7000,0.975743
19.7000,17.7000,0.969720
19.8000,17.7000,0.965471
19.9000,17.7000,0.960538
20.0000,17.7000,0.964206
20.1000,17.7000,0.947275
20.2000,17.7000,0.956259
20.3000,17.7000,0.962148
20.4000,17.7000,0.960171
20.5000,17.7000,0.966363
20.6000,17.7000,0.954276
20.7000,17.7000,0.940469
20.8000,17.7000,0.928353
20.9000,17.7000,0.947615
21.0000,17.7000,0.923093
21.1000,17.7000,0.899814
21.2000,17.7000,0.882172
21.3000,17.7000,0.783397
13.3000,17.8000,1.087303
13.4000,17.8000,0.993045
13.5000,17.8000,0.966931
13.6000,17.8000,0.968491
13.7000,17.8000,0.966129
13.8000,17.8000,0.967874
13.9000,17.8000,0.965165
14.0000,17.8000,0.967000
14.1000,17.8000,0.954046
14.2000,17.8000,0.971353
14.3000,17.8000,0.978734
14.4000,17.8000,0.966148
14.5000,17.8000,0.979798
14.6000,17.8000,0.962253
14.7000,17.8000,0.964115
14.8000,17.8000,0.970231
14.9000,17.8000,0.964180
15.0000,17.8000,0.961655
15.1000,17.8000,0.964842
15.2000,17.8000,0.966732
15.3000,17.8000,0.953527
15.4000,17.8000,0.964057
15.5000,17.8000,0.977881
15.6000,17.8000,0.954366
15.7000,17.8000,0.958725
15.8000,17.8000,0.963610
15.9000,17.8000,0.962667
16.0000,17.8000,0.965299
16.1000,17.8000,0.963539
16.2000,17.8000,0.974131
16.3000,17.8000,0.967830
16.4000,17.8000,0.968440
16.5000,17.8000,0.968937
16.6000,17.8000,0.965743
16.7000,17.8000,0.969340
16.8000,17.8000,0.961128
16.9000,17.8000,0.952866
17.0000,17.8000,0.954378
17.1000,17.8000,0.959610
17.2000,17.8000,0.969793
17.3000,17.8000,0.956802
17.4000,17.8000,0.958467
17.5000,17.8000,0.956248
17.6000,17.8000,0.962496
17.7000,17.8000,0.970411
17.8000,17.8000,0.955773
17.9000,17.8000,0.961698
18.0000,17.8000,0.958453
18.1000,17.8000,0.955658
18.2000,17.8000,0.971276
18.3000,17.8000,0.965356
18.4000,17.8000,0.960179
18.5000,17.8000,0.955574
18.6000,17.8000,0.944761
18.7000,17.8000,0.958955
18.8000,17.8000,0.965168
18.9000,17.8000,0.967776
19.0000,17.8000,0.961929
19.1000,17.8000,0.958855
19.2000,17.8000,0.968475
19.3000,17.8000,0.967830
19.4000,17.8000,0.964300
19.5000,17.8000,0.959142
19.6000,17.8000,0.966370
19.7000,17.8000,0.966923
19.8000,17.8000,0.957924
19.9000,17.8000,0.965491
20.0000,17.8000,0.957879
20.1000,17.8000,0.968210
20.2000,17.8000,0.963058
20.3000,17.8000,0.964852
20.4000,17.8000,0.955690
20.5000,17.8000,0.959050
20.6000,17.8000,0.951405
20.7000,17.8000,0.924940
20.8000,17.8000,0.925810
20.9000,17.8000,0.950063
21.0000,17.8000,0.924146
21.1000,17.8000,0.906809
21.2000,17.8000,0.864997
21.3000,17.8000,0.706940
13.3000,17.9000,1.085092
13.4000,17.9000,0.997977
13.5000,17.9000,0.966377
13.6000,17.9000,0.968646
13.7000,17.9000,0.960584
13.8000,17.9000,0.963938
13.9000,17.9000,0.968092
14.0000,17.9000,0.969830
14.1000,17.9000,0.961753
14.2000,17.9000,0.964964
14.3000,17.9000,0.946582
14.4000,17.9000,0.961402
14.5000,17.9000,0.965190
14.6000,17.9000,0.961430
14.7000,17.9000,0.964319
14.8000,17.9000,0.969675
14.9000,17.9000,0.958471
15.0000,17.9000,0.963279
15.1000,17.9000,0.969819
15.2000,17.9000,0.963214
15.3000,17.9000,0.966602
15.4000,17.9000,0.962393
15.5000,17.9000,0.971272
15.6000,17.9000,0.959560
15.7000,17.9000,0.966271
15.8000,17.9000,0.957991
15.9000,17.9000,0.967326
16.0000,17.9000,0.970543
16.1000,17.9000,0.970278
16.2000,17.9000,0.971927
16.3000,17.9000,0.959513
16.4000,17.9000,0.951654
16.5000,17.9000,0.960319
16.6000,17.9000,0.962277
16.7000,17.9000,0.953336
16.8000,17.9000,0.955217
16.9000,17.9000,0.965591
17.0000,17.9000,0.960689
17.1000,17.9000,0.951002
17.2000,17.9000,0.961683
17.3000,17.9000,0.951238
17.4000,17.9000,0.949610
17.5000,17.9000,0.958371
17.6000,17.9000,0.960499
17.7000,17.9000,0.952745
17.8000,17.9000,0.962958
17.9000,17.9000,0.972129
18.0000,17.9000,0.961781
18.1000,17.9000,0.960634
18.2000,17.9000,0.963789
18.3000,17.9000,0.956693
18.4000,17.9000,0.966870
18.5000,17.9000,0.952284
18.6000,17.9000,0.952840
18.7000,17.9000,0.951085
18.8000,17.9000,0.971722
18.9000,17.9000,0.963733
19.0000,17.9000,0.963083
19.1000,17.9000,0.964047
19.2000,17.9000,0.959169
19.3000,17.9000,0.975404
19.4000,17.9000,0.964078
19.5000,17.9000,0.969833
19.6000,17.9000,0.968695
19.7000,17.9000,0.955816
19.8000,17.9000,0.963384
19.9000,17.9000,0.969506
20.0000,17.9000,0.969139
20.1000,17.9000,0.965309
20.2000,17.9000,0.973307
20.3000,17.9000,0.962311
20.4000,17.9000,0.948810
20.5000,17.9000,0.962580
20.6000,17.9000,0.932375
20.7000,17.9000,0.927335
20.8000,17.9000,0.936832
20.9000,17.9000,0.946473
21.0000,17.9000,0.910971
21.1000,17.9000,0.903614
21.2000,17.9000,0.863554
21.3000,17.9000,0.630175
13.3000,18.0000,1.117433
13.4000,18.0000,0.999283
13.5000,18.0000,0.974607
13.6000,18.0000,0.965017
13.7000,18.0000,0.961930
13.8000,18.0000,0.969676
13.9000,18.0000,0.964516
14.0000,18.0000,0.954618
14.1000,18.0000,0.947743
14.2000,18.0000,0.958532
14.3000,18.0000,0.973238
14.4000,18.0000,0.952595
14.5000,18.0000,0.962712
14.6000,18.0000,0.949635
14.7000,18.0000,0.953181
14.8000,18.0000,0.957453
14.9000,18.0000,0.966581
15.0000,18.0000,0.958821
15.1000,18.0000,0.965481
15.2000,18.0000,0.972647
15.3000,18.0000,0.956410
15.4000,18.0000,0.952867
15.5000,18.0000,0.969599
15.6000,18.0000,0.943640
15.7000,18.0000,0.949234
15.8000,18.0000,0.953957
15.9000,18.0000,0.963630
16.0000,18.0000,0.952721
16.1000,18.0000,0.965150
16.2000,18.0000,0.949253
16.3000,18.0000,0.961955
16.4000,18.0000,0.960261
16.5000,18.0000,0.952633
16.6000,18.0000,0.961302
16.7000,18.0000,0.948839
16.8000,18.0000,0.963785
16.9000,18.0000,0.956338
17.0000,18.0000,0.957033
17.1000,18.0000,0.946541
17.2000,18.0000,0.963825
17.3000,18.0000,0.958634
17.4000,18.0000,0.953885
17.5000,18.0000,0.965157
17.6000,18.0000,0.952816
17.7000,18.0000,0.961305
17.8000,18.0000,0.953135
17.9000,18.0000,0.952618
18.0000,18.0000,0.949417
18.1000,18.0000,0.961081
18.2000,18.0000,0.964324
18.3000,18.0000,0.962784
18.4000,18.0000,0.960082
18.5000,18.0000,0.964056
18.6000,18.0000,0.960525
18.7000,18.0000,0.947960
18.8000,18.0000,0.965039
18.9000,18.0000,0.958726
19.0000,18.0000,0.955164
19.1000,18.0000,0.954817
19.2000,18.0000,0.953249
19.3000,18.0000,0.965481
19.4000,18.0000,0.967738
19.5000,18.0000,0.953504
19.6000,18.0000,0.940687
19.7000,18.0000,0.971703
19.8000,18.0000,0.966007
19.9000,18.0000,0.955226
20.0000,18.0000,0.954701
20.1000,18.0000,0.960657
20.2000,18.0000,0.953210
20.3000,18.0000,0.957513
20.4000,18.0000,0.960816
20.5000,18.0000,0.942276
20.6000,18.0000,0.932471
20.7000,18.0000,0.926563
20.8000,18.0000,0.940917
20.9000,18.0000,0.941438
21.0000,18.0000,0.897759
21.1000,18.0000,0.910173
21.2000,18.0000,0.860312
13.3000,18.1000,1.193602
13.4000,18.1000,1.018422
13.5000,18.1000,0.973736
13.6000,18.1000,0.970189
13.7000,18.1000,0.962378
13.8000,18.1000,0.973692
13.9000,18.1000,0.952990
14.0000,18.1000,0.954889
14.1000,18.1000,0.953968
14.2000,18.1000,0.959532
14.3000,18.1000,0.961407
14.4000,18.1000,0.972361
14.5000,18.1000,0.955072
14.6000,18.1000,0.946585
14.7000,18.1000,0.973626
14.8000,18.1000,0.958294
14.9000,18.1000,0.955530
15.0000,18.1000,0.972368
15.1000,18.1000,0.965455
15.2000,18.1000,0.967196
15.3000,18.1000,0.954293
15.4000,18.1000,0.964271
15.5000,18.1000,0.964306
15.6000,18.1000,0.964199
15.7000,18.1000,0.957886
15.8000,18.1000,0.959257
15.9000,18.1000,0.959262
16.0000,18.1000,0.957481
16.1000,18.1000,0.953526
16.2000,18.1000,0.958864
16.3000,18.1000,0.950272
16.4000,18.1000,0.947790
16.5000,18.1000,0.955718
16.6000,18.1000,0.956271
16.7000,18.1000,0.962488
16.8000,18.1000,0.962451
16.9000,18.1000,0.959124
17.0000,18.1000,0.959218
17.1000,18.1000,0.963752
17.2000,18.1000,0.942869
17.3000,18.1000,0.963240
17.4000,18.1000,0.961841
17.5000,18.1000,0.957031
17.6000,18.1000,0.951757
17.7000,18.1000,0.956468
17.8000,18.1000,0.951277
17.9000,18.1000,0.956238
18.0000,18.1000,0.953323
18.1000,18.1000,0.952778
18.2000,18.1000,0.956783
18.3000,18.1000,0.953985
18.4000,18.1000,0.943165
18.5000,18.1000,0.950311
18.6000,18.1000,0.950753
18.7000,18.1000,0.958586
18.8000,18.1000,0.956366
18.9000,18.1000,0.968333
19.0000,18.1000,0.951841
19.1000,18.1000,0.947408
19.2000,18.1000,0.953806
19.3000,18.1000,0.955623
19.4000,18.1000,0.963264
19.5000,18.1000,0.945732
19.6000,18.1000,0.946189
19.7000,18.1000,0.956451
19.8000,18.1000,0.966992
19.9000,18.1000,0.959902
20.0000,18.1000,0.947530
20.1000,18.1000,0.961036
20.2000,18.1000,0.958283
20.3000,18.1000,0.946426
20.4000,18.1000,0.959347
20.5000,18.1000,0.940093
20.6000,18.1000,0.934927
20.7000,18.1000,0.938523
20.8000,18.1000,0.922388
20.9000,18.1000,0.927882
21.0000,18.1000,0.922254
21.1000,18.1000,0.909150
21.2000,18.1000,0.827325
13.3000,18.2000,1.306628
13.4000,18.2000,1.043435
13.5000,18.2000,0.971759
13.6000,18.2000,0.974423
13.7000,18.2000,0.963353
13.8000,18.2000,0.950926
13.9000,18.2000,0.958309
14.0000,18.2000,0.950623
14.1000,18.2000,0.949148
14.2000,18.2000,0.958888
14.3000,18.2000,0.963487
14.4000,18.2000,0.972260
14.5000,18.2000,0.945349
14.6000,18.2000,0.950514
14.7000,18.2000,0.948531
14.8000,18.2000,0.951551
14.9000,18.2000,0.966300
15.0000,18.2000,0.955361
15.1000,18.2000,0.961752
15.2000,18.2000,0.952996
15.3000,18.2000,0.955054
15.4000,18.2000,0.962652
15.5000,18.2000,0.954565
15.6000,18.2000,0.960960
15.7000,18.2000,0.945276
15.8000,18.2000,0.954291
15.9000,18.2000,0.956047
16.0000,18.2000,0.951796
16.1000,18.2000,0.960159
16.2000,18.2000,0.962430
16.3000,18.2000,0.958376
16.4000,18.2000,0.949518
16.5000,18.2000,0.960451
16.6000,18.2000,0.945389
16.7000,18.2000,0.961095
16.8000,18.2000,0.950164
16.9000,18.2000,0.959853
17.0000,18.2000,0.960095
17.1000,18.2000,0.960515
17.2000,18.2000,0.963910
17.3000,18.2000,0.948293
17.4000,18.2000,0.954146
17.5000,18.2000,0.952755
17.6000,18.2000,0.954491
17.7000,18.2000,0.950668
17.8000,18.2000,0.953062
17.9000,18.2000,0.964959
18.0000,18.2000,0.952167
18.1000,18.2000,0.947006
18.2000,18.2000,0.951139
18.3000,18.2000,0.962810
18.4000,18.2000,0.945657
18.5000,18.2000,0.962711
18.6000,18.2000,0.959278
18.7000,18.2000,0.958787
18.8000,18.2000,0.954100
18.9000,18.2000,0.965612
19.0000,18.2000,0.957763
19.1000,18.2000,0.954005
19.2000,18.2000,0.967594
19.3000,18.2000,0.953243
19.4000,18.2000,0.952385
19.5000,18.2000,0.950777
19.6000,18.2000,0.952775
19.7000,18.2000,0.952842
19.8000,18.2000,0.960555
19.9000,18.2000,0.953830
20.0000,18.2000,0.950132
20.1000,18.2000,0.943736
20.2000,18.2000,0.954442
20.3000,18.2000,0.957622
20.4000,18.2000,0.943630
20.5000,18.2000,0.930644
20.6000,18.2000,0.936508
20.7000,18.2000,0.939954
20.8000,18.2000,0.927087
20.9000,18.2000,0.926410
21.0000,18.2000,0.928314
21.1000,18.2000,0.884009
21.2000,18.2000,0.737607
13.4000,18.3000,1.096709
13.5000,18.3000,0.982993
13.6000,18.3000,0.963549
13.7000,18.3000,0.953167
13.8000,18.3000,0.958836
13.9000,18.3000,0.972501
14.0000,18.3000,0.954354
14.1000,18.3000,0.954601
14.2000,18.3000,0.957274
14.3000,18.3000,0.949243
14.4000,18.3000,0.957637
14.5000,18.3000,0.952358
14.6000,18.3000,0.954706
14.7000,18.3000,0.958787
14.8000,18.3000,0.943874
14.9000,18.3000,0.957894
15.0000,18.3000,0.959579
15.1000,18.3000,0.946865
15.2000,18.3000,0.940010
15.3000,18.3000,0.950620
15.4000,18.3000,0.952071
15.5000,18.3000,0.958145
15.6000,18.3000,0.942309
15.7000,18.3000,0.955912
15.8000,18.3000,0.950215
15.9000,18.3000,0.953862
16.0000,18.3000,0.947220
16.1000,18.3000,0.951456
16.2000,18.3000,0.941977
16.3000,18.3000,0.950493
16.4000,18.3000,0.960769
16.5000,18.3000,0.956162
16.6000,18.3000,0.945974
16.7000,18.3000,0.947313
16.8000,18.3000,0.947911
16.9000,18.3000,0.951250
17.0000,18.3000,0.951821
17.1000,18.3000,0.958702
17.2000,18.3000,0.948674
17.3000,18.3000,0.941521
17.4000,18.3000,0.949814
17.5000,18.3000,0.956226
17.6000,18.3000,0.951347
17.7000,18.3000,0.958841
17.8000,18.3000,0.959937
17.9000,18.3000,0.950865
18.0000,18.3000,0.963710
18.1000,18.3000,0.953340
18.2000,18.3000,0.941756
18.3000,18.3000,0.943667
18.4000,18.3000,0.953192
18.5000,18.3000,0.949551
18.6000,18.3000,0.959583
18.7000,18.3000,0.958293
18.8000,18.3000,0.944981
18.9000,18.3000,0.943195
19.0000,18.3000,0.951403
19.1000,18.3000,0.948642
19.2000,18.3000,0.952868
19.3000,18.3000,0.952131
19.4000,18.3000,0.955838
19.5000,18.3000,0.952046
19.6000,18.3000,0.959696
19.7000,18.3000,0.952583
19.8000,18.3000,0.963371
19.9000,18.3000,0.955464
20.0000,18.3000,0.967191
20.1000,18.3000,0.948361
20.2000,18.3000,0.939932
20.3000,18.3000,0.949189
20.4000,18.3000,0.944220
20.5000,18.3000,0.945372
20.6000,18.3000,0.946060
20.7000,18.3000,0.939261
20.8000,18.3000,0.922920
20.9000,18.3000,0.946629
21.0000,18.3000,0.909225
21.1000,18.3000,0.884651
13.4000,18.4000,1.154241
13.5000,18.4000,1.000656
13.6000,18.4000,0.960262
13.7000,18.4000,0.957489
13.8000,18.4000,0.950769
13.9000,18.4000,0.955883
14.0000,18.4000,0.954965
14.1000,18.4000,0.946166
14.2000,18.4000,0.952803
14.3000,18.4000,0.949469
14.4000,18.4000,0.953064
14.5000,18.4000,0.947127
14.6000,18.4000,0.943981
14.7000,18.4000,0.951380
14.8000,18.4000,0.953559
14.9000,18.4000,0.953664
15.0000,18.4000,0.949851
15.1000,18.4000,0.950923
15.2000,18.4000,0.945963
15.3000,18.4000,0.961489
15.4000,18.4000,0.947297
15.5000,18.4000,0.940740
15.6000,18.4000,0.947106
15.7000,18.4000,0.949121
15.8000,18.4000,0.958218
15.9000,18.4000,0.948020
16.0000,18.4000,0.942172
16.1000,18.4000,0.946221
16.2000,18.4000,0.950211
16.3000,18.4000,0.952930
16.4000,18.4000,0.950129
16.5000,18.4000,0.944300
16.6000,18.4000,0.958020
16.7000,18.4000,0.948378
16.8000,18.4000,0.943621
16.9000,18.4000,0.947444
17.0000,18.4000,0.956319
17.1000,18.4000,0.945665
17.2000,18.4000,0.945540
17.3000,18.4000,0.952884
17.4000,18.4000,0.932326
17.5000,18.4000,0.956168
17.6000,18.4000,0.949505
17.7000,18.4000,0.937477
17.8000,18.4000,0.941244
17.9000,18.4000,0.944142
18.0000,18.4000,0.950898
18.1000,18.4000,0.954189
18.2000,18.4000,0.952892
18.3000,18.4000,0.956516
18.4000,18.4000,0.955460
18.5000,18.4000,0.954858
18.6000,18.4000,0.943994
18.7000,18.4000,0.952116
18.8000,18.4000,0.953971
18.9000,18.4000,0.952213
19.0000,18.4000,0.953320
19.1000,18.4000,0.953325
19.2000,18.4000,0.940183
19.3000,18.4000,0.957638
19.4000,18.4000,0.945831
19.5000,18.4000,0.947885
19.6000,18.4000,0.949046
19.7000,18.4000,0.950768
19.8000,18.4000,0.943953
19.9000,18.4000,0.952387
20.0000,18.4000,0.953296
20.1000,18.4000,0.950409
20.2000,18.4000,0.949074
20.3000,18.4000,0.943158
20.4000,18.4000,0.932823
20.5000,18.4000,0.931153
20.6000,18.4000,0.936094
20.7000,18.4000,0.934512
20.8000,18.4000,0.927895
20.9000,18.4000,0.940418
21.0000,18.4000,0.930018
21.1000,18.4000,0.791231
13.4000,18.5000,1.282653
13.5000,18.5000,1.042546
13.6000,18.5000,0.972667
13.7000,18.5000,0.947140
13.8000,18.5000,0.940923
13.9000,18.5000,0.961529
14.0000,18.5000,0.954376
14.1000,18.5000,0.953057
14.2000,18.5000,0.963053
14.3000,18.5000,0.956939
14.4000,18.5000,0.950242
14.5000,18.5000,0.956731
14.6000,18.5000,0.951299
14.7000,18.5000,0.951291
14.8000,18.5000,0.940719
14.9000,18.5000,0.955381
15.0000,18.5000,0.952006
15.1000,18.5000,0.943652
15.2000,18.5000,0.944649
15.3000,18.5000,0.948867
15.4000,18.5000,0.951621
15.5000,18.5000,0.953078
15.6000,18.5000,0.942623
15.7000,18.5000,0.951017
15.8000,18.5000,0.948292
15.9000,18.5000,0.964769
16.0000,18.5000,0.945725
16.1000,18.5000,0.949613
16.2000,18.5000,0.952375
16.3000,18.5000,0.950352
16.4000,18.5000,0.950992
16.5000,18.5000,0.965074
16.6000,18.5000,0.950503
16.7000,18.5000,0.944544
16.8000,18.5000,0.947687
16.9000,18.5000,0.941947
17.0000,18.5000,0.953373
17.1000,18.5000,0.941499
17.2000,18.5000,0.945431
17.3000,18.5000,0.952187
17.4000,18.5000,0.949517
17.5000,18.5000,0.941438
17.6000,18.5000,0.948874
17.7000,18.5000,0.937491
17.8000,18.5000,0.954970
17.9000,18.5000,0.939171
18.0000,18.5000,0.939632
18.1000,18.5000,0.938165
18.2000,18.5000,0.955072
18.3000,18.5000,0.950736
18.4000,18.5000,0.957598
18.5000,18.5000,0.944607
18.6000,18.5000,0.963162
18.7000,18.5000,0.954381
18.8000,18.5000,0.965948
18.9000,18.5000,0.953093
19.0000,18.5000,0.956141
19.1000,18.5000,0.959695
19.2000,18.5000,0.946064
19.3000,18.5000,0.947100
19.4000,18.5000,0.943905
19.5000,18.5000,0.944235
19.6000,18.5000,0.943284
19.7000,18.5000,0.956080
19.8000,18.5000,0.951192
19.9000,18.5000,0.954005
20.0000,18.5000,0.943557
20.1000,18.5000,0.945166
20.2000,18.5000,0.947152
20.3000,18.5000,0.937671
20.4000,18.5000,0.930487
20.5000,18.5000,0.943206
20.6000,18.5000,0.958643
20.7000,18.5000,0.921257
20.8000,18.5000,0.944838
20.9000,18.5000,0.918438
21.0000,18.5000,0.910766
21.1000,18.5000,0.666568
13.5000,18.6000,1.098217
13.6000,18.6000,0.966784
13.7000,18.6000,0.944157
13.8000,18.6000,0.951713
13.9000,18.6000,0.947641
14.0000,18.6000,0.953310
14.1000,18.6000,0.949761
14.2000,18.6000,0.953235
14.3000,18.6000,0.946482
14.4000,18.6000,0.956870
14.5000,18.6000,0.941338
14.6000,18.6000,0.951510
14.7000,18.6000,0.950054
14.8000,18.6000,0.940657
14.9000,18.6000,0.955661
15.0000,18.6000,0.952235
15.1000,18.6000,0.956352
15.2000,18.6000,0.945660
15.3000,18.6000,0.963717
15.4000,18.6000,0.956192
15.5000,18.6000,0.954593
15.6000,18.6000,0.945863
15.7000,18.6000,0.942126
15.8000,18.6000,0.955380
15.9000,18.6000,0.955844
16.0000,18.6000,0.949557
16.1000,18.6000,0.940995
16.2000,18.6000,0.945284
16.3000,18.6000,0.954564
16.4000,18.6000,0.951727
16.5000,18.6000,0.955956
16.6000,18.6000,0.933763
16.7000,18.6000,0.956317
16.8000,18.6000,0.941666
16.9000,18.6000,0.946218
17.0000,18.6000,0.950555
17.1000,18.6000,0.947299
17.2000,18.6000,0.944082
17.3000,18.6000,0.944226
17.4000,18.6000,0.937785
17.5000,18.6000,0.949945
17.6000,18.6000,0.941260
17.7000,18.6000,0.949306
17.8000,18.6000,0.951257
17.9000,18.6000,0.954809
18.0000,18.6000,0.960005
18.1000,18.6000,0.945073
18.2000,18.6000,0.955060
18.3000,18.6000,0.937246
18.4000,18.6000,0.957416
18.5000,18.6000,0.956386
18.6000,18.6000,0.952183
18.7000,18.6000,0.952152
18.8000,18.6000,0.944261
18.9000,18.6000,0.943968
19.0000,18.6000,0.957458
19.1000,18.6000,0.952473
19.2000,18.6000,0.945481
19.3000,18.6000,0.945271
19.4000,18.6000,0.946657
19.5000,18.6000,0.940707
19.6000,18.6000,0.949514
19.7000,18.6000,0.958167
19.8000,18.6000,0.954720
19.9000,18.6000,0.955566
20.0000,18.6000,0.949590
20.1000,18.6000,0.950674
20.2000,18.6000,0.942943
20.3000,18.6000,0.920437
20.4000,18.6000,0.926497
20.5000,18.6000,0.938736
20.6000,18.6000,0.930446
20.7000,18.6000,0.928866
20.8000,18.6000,0.928813
20.9000,18.6000,0.934719
21.0000,18.6000,0.800364
13.5000,18.7000,1.187976
13.6000,18.7000,1.003619
13.7000,18.7000,0.957361
13.8000,18.7000,0.937331
13.9000,18.7000,0.949617
14.0000,18.7000,0.938465
14.1000,18.7000,0.946441
14.2000,18.7000,0.930559
14.3000,18.7000,0.956718
14.4000,18.7000,0.942772
14.5000,18.7000,0.948711
14.6000,18.7000,0.952702
14.7000,18.7000,0.937279
14.8000,18.7000,0.943604
14.9000,18.7000,0.942310
15.0000,18.7000,0.948765
15.1000,18.7000,0.943619
15.2000,18.7000,0.938578
15.3000,18.7000,0.951243
15.4000,18.7000,0.957936
15.5000,18.7000,0.962599
15.6000,18.7000,0.943407
15.7000,18.7000,0.956083
15.8000,18.7000,0.938468
15.9000,18.7000,0.963624
16.0000,18.7000,0.947062
16.1000,18.7000,0.943190
16.2000,18.7000,0.942185
16.3000,18.7000,0.954242
16.4000,18.7000,0.955026
16.5000,18.7000,0.930015
16.6000,18.7000,0.960391
16.7000,18.7000,0.941249
16.8000,18.7000,0.947384
16.9000,18.7000,0.935322
17.0000,18.7000,0.953123
17.1000,18.7000,0.944260
17.2000,18.7000,0.947435
17.3000,18.7000,0.940653
17.4000,18.7000,0.946258
17.5000,18.7000,0.936376
17.6000,18.7000,0.949009
17.7000,18.7000,0.938314
17.8000,18.7000,0.947442
17.9000,18.7000,0.946701
18.0000,18.7000,0.925135
18.1000,18.7000,0.940445
18.2000,18.7000,0.932621
18.3000,18.7000,0.955896
18.4000,18.7000,0.939515
18.5000,18.7000,0.947203
18.6000,18.7000,0.942071
18.7000,18.7000,0.938337
18.8000,18.7000,0.953896
18.9000,18.7000,0.941628
19.0000,18.7000,0.936208
19.1000,18.7000,0.957572
19.2000,18.7000,0.938391
19.3000,18.7000,0.943726
19.4000,18.7000,0.934562
19.5000,18.7000,0.941325
19.6000,18.7000,0.959530
19.7000,18.7000,0.939737
19.8000,18.7000,0.954420
19.9000,18.7000,0.947273
20.0000,18.7000,0.946625
20.1000,18.7000,0.946753
20.2000,18.7000,0.934942
20.3000,18.7000,0.934921
20.4000,18.7000,0.935292
20.5000,18.7000,0.940256
20.6000,18.7000,0.920018
20.7000,18.7000,0.940502
20.8000,18.7000,0.875621
20.9000,18.7000,0.901481
13.6000,18.8000,1.051121
13.7000,18.8000,0.955291
13.8000,18.8000,0.947378
13.9000,18.8000,0.952799
14.0000,18.8000,0.938815
14.1000,18.8000,0.933520
14.2000,18.8000,0.952394
14.3000,18.8000,0.953978
14.4000,18.8000,0.941601
14.5000,18.8000,0.941409
14.6000,18.8000,0.943802
14.7000,18.8000,0.952062
14.8000,18.8000,0.942070
14.9000,18.8000,0.936742
15.0000,18.8000,0.950782
15.1000,18.8000,0.941964
15.2000,18.8000,0.945465
15.3000,18.8000,0.950745
15.4000,18.8000,0.935354
15.5000,18.8000,0.946460
15.6000,18.8000,0.943641
15.7000,18.8000,0.956420
15.8000,18.8000,0.931286
15.9000,18.8000,0.945465
16.0000,18.8000,0.934449
16.1000,18.8000,0.939903
16.2000,18.8000,0.931041
16.3000,18.8000,0.952496
16.4000,18.8000,0.941211
16.5000,18.8000,0.940779
16.6000,18.8000,0.945922
16.7000,18.8000,0.934836
16.8000,18.8000,0.946786
16.9000,18.8000,0.937678
17.0000,18.8000,0.937912
17.1000,18.8000,0.938069
17.2000,18.8000,0.943570
17.3000,18.8000,0.929883
17.4000,18.8000,0.939323
17.5000,18.8000,0.942139
17.6000,18.8000,0.941175
17.7000,18.8000,0.940753
17.8000,18.8000,0.939429
17.9000,18.8000,0.951117
18.0000,18.8000,0.937052
18.1000,18.8000,0.930601
18.2000,18.8000,0.932916
18.3000,18.8000,0.935918
18.4000,18.8000,0.933017
18.5000,18.8000,0.945810
18.6000,18.8000,0.932270
18.7000,18.8000,0.935439
18.8000,18.8000,0.949246
18.9000,18.8000,0.950255
19.0000,18.8000,0.939987
19.1000,18.8000,0.950921
19.2000,18.8000,0.944666
19.3000,18.8000,0.941865
19.4000,18.8000,0.956758
19.5000,18.8000,0.929657
19.6000,18.8000,0.939607
19.7000,18.8000,0.932263
19.8000,18.8000,0.947635
19.9000,18.8000,0.932627
20.0000,18.8000,0.949535
20.1000,18.8000,0.927644
20.2000,18.8000,0.936752
20.3000,18.8000,0.943847
20.4000,18.8000,0.952385
20.5000,18.8000,0.927881
20.6000,18.8000,0.947947
20.7000,18.8000,0.916169
20.8000,18.8000,0.844318
20.9000,18.8000,0.779642
13.6000,18.9000,1.110479
13.7000,18.9000,0.987171
13.8000,18.9000,0.953125
13.9000,18.9000,0.945003
14.0000,18.9000,0.930901
14.1000,18.9000,0.929023
14.2000,18.9000,0.935138
14.3000,18.9000,0.946486
14.4000,18.9000,0.945673
14.5000,18.9000,0.941185
14.6000,18.9000,0.952435
14.7000,18.9000,0.936956
14.8000,18.9000,0.934945
14.9000,18.9000,0.947545
15.0000,18.9000,0.938958
15.1000,18.9000,0.945940
15.2000,18.9000,0.956323
15.3000,18.9000,0.946458
15.4000,18.9000,0.949111
15.5000,18.9000,0.953587
15.6000,18.9000,0.940274
15.7000,18.9000,0.945867
15.8000,18.9000,0.951638
15.9000,18.9000,0.930374
16.0000,18.9000,0.943895
16.1000,18.9000,0.943998
16.2000,18.9000,0.940775
16.3000,18.9000,0.970193
16.4000,18.9000,0.938233
16.5000,18.9000,0.959155
16.6000,18.9000,0.936883
16.7000,18.9000,0.930727
16.8000,18.9000,0.951858
16.9000,18.9000,0.927253
17.0000,18.9000,0.944040
17.1000,18.9000,0.943406
17.2000,18.9000,0.927350
17.3000,18.9000,0.942084
17.4000,18.9000,0.935157
17.5000,18.9000,0.943686
17.6000,18.9000,0.954088
17.7000,18.9000,0.928566
17.8000,18.9000,0.947687
17.9000,18.9000,0.944176
18.0000,18.9000,0.953587
18.1000,18.9000,0.927739
18.2000,18.9000,0.935116
18.3000,18.9000,0.942769
18.4000,18.9000,0.945701
18.5000,18.9000,0.935853
18.6000,18.9000,0.942232
18.7000,18.9000,0.942912
18.8000,18.9000,0.938430
18.9000,18.9000,0.949461
19.0000,18.9000,0.953016
19.1000,18.9000,0.934799
19.2000,18.9000,0.944061
19.3000,18.9000,0.943755
19.4000,18.9000,0.944378
19.5000,18.9000,0.951019
19.6000,18.9000,0.953989
19.7000,18.9000,0.953691
19.8000,18.9000,0.941397
19.9000,18.9000,0.944486
20.0000,18.9000,0.935854
20.1000,18.9000,0.924673
20.2000,18.9000,0.934490
20.3000,18.9000,0.950694
20.4000,18.9000,0.941216
20.5000,18.9000,0.947775
20.6000,18.9000,0.959800
20.7000,18.9000,0.883670
20.8000,18.9000,0.735120
13.6000,19.0000,1.182416
13.7000,19.0000,0.997466
13.8000,19.0000,0.950871
13.9000,19.0000,0.939079
14.0000,19.0000,0.938107
14.1000,19.0000,0.922709
14.2000,19.0000,0.926046
14.3000,19.0000,0.922417
14.4000,19.0000,0.932952
14.5000,19.0000,0.935741
14.6000,19.0000,0.948680
14.7000,19.0000,0.939497
14.8000,19.0000,0.933611
14.9000,19.0000,0.948605
15.0000,19.0000,0.938432
15.1000,19.0000,0.929418
15.2000,19.0000,0.946699
15.3000,19.0000,0.936852
15.4000,19.0000,0.939555
15.5000,19.0000,0.948168
15.6000,19.0000,0.952208
15.7000,19.0000,0.946687
15.8000,19.0000,0.947790
15.9000,19.0000,0.940045
16.0000,19.0000,0.941574
16.1000,19.0000,0.942703
16.2000,19.0000,0.931592
16.3000,19.0000,0.938920
16.4000,19.0000,0.937574
16.5000,19.0000,0.935523
16.6000,19.0000,0.942901
16.7000,19.0000,0.948754
16.8000,19.0000,0.942432
16.9000,19.0000,0.940403
17.0000,19.0000,0.945533
17.1000,19.0000,0.943633
17.2000,19.0000,0.932806
17.3000,19.0000,0.938944
17.4000,19.0000,0.935561
17.5000,19.0000,0.939486
17.6000,19.0000,0.940492
17.7000,19.0000,0.939617
17.8000,19.0000,0.943468
17.9000,19.0000,0.946109
18.0000,19.0000,0.942950
18.1000,19.0000,0.935957
18.2000,19.0000,0.941700
18.3000,19.0000,0.943550
18.4000,19.0000,0.933761
18.5000,19.0000,0.935216
18.6000,19.0000,0.940667
18.7000,19.0000,0.935811
18.8000,19.0000,0.939791
18.9000,19.0000,0.935166
19.0000,19.0000,0.931339
19.1000,19.0000,0.957705
19.2000,19.0000,0.935365
19.3000,19.0000,0.941142
19.4000,19.0000,0.944927
19.5000,19.0000,0.949335
19.6000,19.0000,0.948585
19.7000,19.0000,0.946311
19.8000,19.0000,0.935334
19.9000,19.0000,0.936520
20.0000,19.0000,0.929541
20.1000,19.0000,0.942481
20.2000,19.0000,0.941543
20.3000,19.0000,0.941768
20.4000,19.0000,0.944353
20.5000,19.0000,0.945497
20.6000,19.0000,0.928663
20.7000,19.0000,0.803219
13.7000,19.1000,1.045806
13.8000,19.1000,0.947725
13.9000,19.1000,0.937754
14.0000,19.1000,0.935138
14.1000,19.1000,0.929448
14.2000,19.1000,0.936672
14.3000,19.1000,0.923273
14.4000,19.1000,0.937967
14.5000,19.1000,0.933145
14.6000,19.1000,0.935384
14.7000,19.1000,0.940913
14.8000,19.1000,0.947330
14.9000,19.1000,0.943355
15.0000,19.1000,0.943521
15.1000,19.1000,0.944158
15.2000,19.1000,0.943060
15.3000,19.1000,0.939877
15.4000,19.1000,0.942077
15.5000,19.1000,0.933083
15.6000,19.1000,0.936241
15.7000,19.1000,0.938450
15.8000,19.1000,0.940563
15.9000,19.1000,0.946263
16.0000,19.1000,0.933564
16.1000,19.1000,0.947536
16.2000,19.1000,0.939994
16.3000,19.1000,0.934515
16.4000,19.1000,0.941930
16.5000,19.1000,0.940295
16.6000,19.1000,0.936944
16.7000,19.1000,0.937612
16.8000,19.1000,0.930726
16.9000,19.1000,0.943724
17.0000,19.1000,0.939719
17.1000,19.1000,0.936674
17.2000,19.1000,0.947176
17.3000,19.1000,0.946333
17.4000,19.1000,0.940737
17.5000,19.1000,0.953148
17.6000,19.1000,0.938012
17.7000,19.1000,0.947458
17.8000,19.1000,0.943841
17.9000,19.1000,0.940146
18.0000,19.1000,0.935705
18.1000,19.1000,0.943188
18.2000,19.1000,0.944386
18.3000,19.1000,0.944774
18.4000,19.1000,0.942547
18.5000,19.1000,0.940264
18.6000,19.1000,0.947309
18.7000,19.1000,0.937714
18.8000,19.1000,0.940611
18.9000,19.1000,0.949835
19.0000,19.1000,0.936098
19.1000,19.1000,0.937444
19.2000,19.1000,0.941892
19.3000,19.1000,0.945941
19.4000,19.1000,0.949758
19.5000,19.1000,0.944515
19.6000,19.1000,0.954341
19.7000,19.1000,0.935998
19.8000,19.1000,0.944765
19.9000,19.1000,0.929125
20.0000,19.1000,0.934509
20.1000,19.1000,0.930305
20.2000,19.1000,0.947276
20.3000,19.1000,0.949379
20.4000,19.1000,0.948554
20.5000,19.1000,0.934000
20.6000,19.1000,0.830829
13.8000,19.2000,0.987662
13.9000,19.2000,0.940318
14.0000,19.2000,0.941879
14.1000,19.2000,0.945613
14.2000,19.2000,0.925208
14.3000,19.2000,0.930020
14.4000,19.2000,0.940959
14.5000,19.2000,0.929280
14.6000,19.2000,0.927401
14.7000,19.2000,0.927492
14.8000,19.2000,0.934483
14.9000,19.2000,0.937693
15.0000,19.2000,0.931441
15.1000,19.2000,0.943313
15.2000,19.2000,0.943543
15.3000,19.2000,0.928181
15.4000,19.2000,0.938353
15.5000,19.2000,0.942104
15.6000,19.2000,0.949949
15.7000,19.2000,0.943180
15.8000,19.2000,0.958602
15.9000,19.2000,0.941041
16.0000,19.2000,0.942258
16.1000,19.2000,0.942232
16.2000,19.2000,0.948231
16.3000,19.2000,0.934806
16.4000,19.2000,0.949305
16.5000,19.2000,0.938547
16.6000,19.2000,0.936375
16.7000,19.2000,0.936708
16.8000,19.2000,0.954141
16.9000,19.2000,0.934829
17.0000,19.2000,0.927697
17.1000,19.2000,0.942129
17.2000,19.2000,0.947943
17.3000,19.2000,0.931146
17.4000,19.2000,0.933907
17.5000,19.2000,0.931670
17.6000,19.2000,0.932967
17.7000,19.2000,0.935795
17.8000,19.2000,0.935109
17.9000,19.2000,0.940962
18.0000,19.2000,0.948714
18.1000,19.2000,0.938141
18.2000,19.2000,0.939115
18.3000,19.2000,0.949601
18.4000,19.2000,0.946003
18.5000,19.2000,0.953689
18.6000,19.2000,0.933299
18.7000,19.2000,0.933595
18.8000,19.2000,0.942513
18.9000,19.2000,0.938548
19.0000,19.2000,0.947343
19.1000,19.2000,0.948990
19.2000,19.2000,0.949281
19.3000,19.2000,0.935520
19.4000,19.2000,0.935010
19.5000,19.2000,0.947253
19.6000,19.2000,0.933934
19.7000,19.2000,0.944135
19.8000,19.2000,0.918796
19.9000,19.2000,0.933226
20.0000,19.2000,0.939033
20.1000,19.2000,0.950390
20.2000,19.2000,0.942528
20.3000,19.2000,0.951346
20.4000,19.2000,0.938209
20.5000,19.2000,0.857162
20.6000,19.2000,0.736179
13.8000,19.3000,1.078673
13.9000,19.3000,0.971240
14.0000,19.3000,0.950644
14.1000,19.3000,0.941959
14.2000,19.3000,0.930930
14.3000,19.3000,0.936152
14.4000,19.3000,0.924882
14.5000,19.3000,0.924910
14.6000,19.3000,0.938302
14.7000,19.3000,0.943436
14.8000,19.3000,0.930944
14.9000,19.3000,0.937794
15.0000,19.3000,0.933673
15.1000,19.3000,0.923071
15.2000,19.3000,0.940354
15.3000,19.3000,0.937798
15.4000,19.3000,0.948717
15.5000,19.3000,0.930353
15.6000,19.3000,0.947269
15.7000,19.3000,0.947419
15.8000,19.3000,0.929164
15.9000,19.3000,0.928838
16.0000,19.3000,0.948351
16.1000,19.3000,0.938790
16.2000,19.3000,0.940850
16.3000,19.3000,0.935501
16.4000,19.3000,0.947168
16.5000,19.3000,0.933321
16.6000,19.3000,0.934551
16.7000,19.3000,0.941430
16.8000,19.3000,0.950564
16.9000,19.3000,0.930994
17.0000,19.3000,0.939977
17.1000,19.3000,0.941634
17.2000,19.3000,0.940658
17.3000,19.3000,0.943985
17.4000,19.3000,0.953089
17.5000,19.3000,0.940953
17.6000,19.3000,0.935409
17.7000,19.3000,0.940860
17.8000,19.3000,0.942471
17.9000,19.3000,0.944547
18.0000,19.3000,0.949850
18.1000,19.3000,0.948991
18.2000,19.3000,0.945915
18.3000,19.3000,0.936866
18.4000,19.3000,0.938008
18.5000,19.3000,0.943539
18.6000,19.3000,0.947464
18.7000,19.3000,0.945442
18.8000,19.3000,0.945497
18.9000,19.3000,0.941730
19.0000,19.3000,0.945116
19.1000,19.3000,0.941326
19.2000,19.3000,0.947259
19.3000,19.3000,0.939528
19.4000,19.3000,0.932038
19.5000,19.3000,0.929914
19.6000,19.3000,0.934980
19.7000,19.3000,0.922389
19.8000,19.3000,0.940491
19.9000,19.3000,0.948693
20.0000,19.3000,0.933296
20.1000,19.3000,0.940782
20.2000,19.3000,0.955571
20.3000,19.3000,0.919472
20.4000,19.3000,0.843009
20.5000,19.3000,0.754313
13.9000,19.4000,1.049377
14.0000,19.4000,0.991712
14.1000,19.4000,0.949336
14.2000,19.4000,0.931385
14.3000,19.4000,0.940468
14.4000,19.4000,0.927516
14.5000,19.4000,0.939440
14.6000,19.4000,0.927072
14.7000,19.4000,0.934086
14.8000,19.4000,0.932492
14.9000,19.4000,0.930185
15.0000,19.4000,0.936106
15.1000,19.4000,0.931174
15.2000,19.4000,0.946447
15.3000,19.4000,0.933507
15.4000,19.4000,0.921447
15.5000,19.4000,0.943587
15.6000,19.4000,0.927957
15.7000,19.4000,0.939758
15.8000,19.4000,0.942191
15.9000,19.4000,0.938087
16.0000,19.4000,0.939834
16.1000,19.4000,0.940519
16.2000,19.4000,0.931618
16.3000,19.4000,0.943164
16.4000,19.4000,0.944030
16.5000,19.4000,0.943470
16.6000,19.4000,0.938063
16.7000,19.4000,0.921988
16.8000,19.4000,0.937381
16.9000,19.4000,0.934321
17.0000,19.4000,0.937562
17.1000,19.4000,0.941244
17.2000,19.4000,0.943882
17.3000,19.4000,0.954886
17.4000,19.4000,0.928563
17.5000,19.4000,0.929812
17.6000,19.4000,0.944727
17.7000,19.4000,0.935322
17.8000,19.4000,0.946555
17.9000,19.4000,0.940547
18.0000,19.4000,0.947430
18.1000,19.4000,0.934723
18.2000,19.4000,0.943431
18.3000,19.4000,0.930498
18.4000,19.4000,0.935876
18.5000,19.4000,0.939310
18.6000,19.4000,0.939981
18.7000,19.4000,0.937123
18.8000,19.4000,0.934343
18.9000,19.4000,0.941720
19.0000,19.4000,0.953573
19.1000,19.4000,0.941895
19.2000,19.4000,0.946476
19.3000,19.4000,0.952467
19.4000,19.4000,0.951260
19.5000,19.4000,0.935799
19.6000,19.4000,0.930241
19.7000,19.4000,0.938896
19.8000,19.4000,0.940972
19.9000,19.4000,0.956100
20.0000,19.4000,0.943504
20.1000,19.4000,0.949526
20.2000,19.4000,0.916798
20.3000,19.4000,0.844273
20.4000,19.4000,0.742274
14.0000,19.5000,1.095790
14.1000,19.5000,1.003915
14.2000,19.5000,0.955346
14.3000,19.5000,0.929039
14.4000,19.5000,0.935583
14.5000,19.5000,0.929513
14.6000,19.5000,0.936075
14.7000,19.5000,0.940217
14.8000,19.5000,0.936400
14.9000,19.5000,0.922632
15.0000,19.5000,0.926992
15.1000,19.5000,0.938028
15.2000,19.5000,0.928953
15.3000,19.5000,0.922999
15.4000,19.5000,0.942901
15.5000,19.5000,0.937653
15.6000,19.5000,0.926886
15.7000,19.5000,0.935720
15.8000,19.5000,0.939584
15.9000,19.5000,0.933281
16.0000,19.5000,0.942261
16.1000,19.5000,0.920025
16.2000,19.5000,0.937199
16.3000,19.5000,0.940174
16.4000,19.5000,0.932862
16.5000,19.5000,0.930877
16.6000,19.5000,0.944135
16.7000,19.5000,0.941684
16.8000,19.5000,0.945693
16.9000,19.5000,0.927324
17.0000,19.5000,0.944131
17.1000,19.5000,0.934697
17.2000,19.5000,0.942759
17.3000,19.5000,0.932259
17.4000,19.5000,0.943325
17.5000,19.5000,0.943896
17.6000,19.5000,0.943216
17.7000,19.5000,0.932708
17.8000,19.5000,0.943421
17.9000,19.5000,0.928621
18.0000,19.5000,0.939491
18.1000,19.5000,0.939020
18.2000,19.5000,0.940249
18.3000,19.5000,0.937920
18.4000,19.5000,0.937496
18.5000,19.5000,0.934065
18.6000,19.5000,0.937144
18.7000,19.5000,0.940173
18.8000,19.5000,0.936529
18.9000,19.5000,0.943017
19.0000,19.5000,0.930380
19.1000,19.5000,0.945136
19.2000,19.5000,0.937126
19.3000,19.5000,0.943861
19.4000,19.5000,0.953711
19.5000,19.5000,0.951299
19.6000,19.5000,0.942327
19.7000,19.5000,0.951499
19.8000,19.5000,0.960198
19.9000,19.5000,0.948436
20.0000,19.5000,0.951703
20.1000,19.5000,0.896866
20.2000,19.5000,0.837496
14.1000,19.6000,1.119324
14.2000,19.6000,1.026997
14.3000,19.6000,0.962026
14.4000,19.6000,0.934850
14.5000,19.6000,0.938209
14.6000,19.6000,0.927423
14.7000,19.6000,0.932296
14.8000,19.6000,0.935250
14.9000,19.6000,0.938097
15.0000,19.6000,0.932891
15.1000,19.6000,0.924725
15.2000,19.6000,0.933904
15.3000,19.6000,0.945437
15.4000,19.6000,0.941418
15.5000,19.6000,0.937190
15.6000,19.6000,0.922565
15.7000,19.6000,0.936326
15.8000,19.6000,0.939139
15.9000,19.6000,0.945873
16.0000,19.6000,0.941999
16.1000,19.6000,0.933145
16.2000,19.6000,0.952353
16.3000,19.6000,0.935280
16.4000,19.6000,0.940659
16.5000,19.6000,0.934027
16.6000,19.6000,0.936473
16.7000,19.6000,0.938747
16.8000,19.6000,0.931982
16.9000,19.6000,0.938063
17.0000,19.6000,0.950238
17.1000,19.6000,0.947451
17.2000,19.6000,0.937709
17.3000,19.6000,0.934989
17.4000,19.6000,0.934186
17.5000,19.6000,0.945694
17.6000,19.6000,0.934433
17.7000,19.6000,0.932371
17.8000,19.6000,0.937919
17.9000,19.6000,0.936241
18.0000,19.6000,0.940928
18.1000,19.6000,0.938744
18.2000,19.6000,0.934050
18.3000,19.6000,0.936953
18.4000,19.6000,0.935782
18.5000,19.6000,0.941586
18.6000,19.6000,0.937059
18.7000,19.6000,0.935643
18.8000,19.6000,0.946947
18.9000,19.6000,0.935981
19.0000,19.6000,0.935584
19.1000,19.6000,0.933324
19.2000,19.6000,0.945409
19.3000,19.6000,0.936876
19.4000,19.6000,0.935465
19.5000,19.6000,0.947969
19.6000,19.6000,0.953170
19.7000,19.6000,0.944092
19.8000,19.6000,0.948107
19.9000,19.6000,0.928892
20.0000,19.6000,0.884391
20.1000,19.6000,0.807592
14.2000,19.7000,1.087922
14.3000,19.7000,1.023550
14.4000,19.7000,0.976872
14.5000,19.7000,0.953332
14.6000,19.7000,0.935396
14.7000,19.7000,0.925390
14.8000,19.7000,0.935147
14.9000,19.7000,0.936091
15.0000,19.7000,0.921789
15.1000,19.7000,0.935433
15.2000,19.7000,0.916001
15.3000,19.7000,0.935583
15.4000,19.7000,0.940382
15.5000,19.7000,0.923087
15.6000,19.7000,0.929172
15.7000,19.7000,0.932845
15.8000,19.7000,0.932550
15.9000,19.7000,0.940574
16.0000,19.7000,0.934795
16.1000,19.7000,0.943950
16.2000,19.7000,0.944725
16.3000,19.7000,0.934003
16.4000,19.7000,0.935307
16.5000,19.7000,0.934738
16.6000,19.7000,0.935085
16.7000,19.7000,0.947431
16.8000,19.7000,0.933824
16.9000,19.7000,0.931707
17.0000,19.7000,0.937832
17.1000,19.7000,0.930737
17.2000,19.7000,0.932387
17.3000,19.7000,0.949892
17.4000,19.7000,0.935079
17.5000,19.7000,0.928622
17.6000,19.7000,0.938557
17.7000,19.7000,0.922287
17.8000,19.7000,0.937433
17.9000,19.7000,0.946504
18.0000,19.7000,0.947921
18.1000,19.7000,0.950396
18.2000,19.7000,0.949581
18.3000,19.7000,0.941259
18.4000,19.7000,0.946600
18.5000,19.7000,0.934776
18.6000,19.7000,0.944752
18.7000,19.7000,0.942490
18.8000,19.7000,0.941491
18.9000,19.7000,0.943815
19.0000,19.7000,0.952451
19.1000,19.7000,0.950588
19.2000,19.7000,0.941786
19.3000,19.7000,0.937874
19.4000,19.7000,0.941626
19.5000,19.7000,0.951783
19.6000,19.7000,0.949835
19.7000,19.7000,0.945123
19.8000,19.7000,0.903642
19.9000,19.7000,0.886581
20.0000,19.7000,0.804878
14.3000,19.8000,1.057711
14.4000,19.8000,1.015752
14.5000,19.8000,0.979076
14.6000,19.8000,0.950140
14.7000,19.8000,0.930813
14.8000,19.8000,0.933376
14.9000,19.8000,0.930650
15.0000,19.8000,0.927048
15.1000,19.8000,0.934570
15.2000,19.8000,0.925223
15.3000,19.8000,0.935560
15.4000,19.8000,0.918161
15.5000,19.8000,0.931538
15.6000,19.8000,0.932217
15.7000,19.8000,0.944131
15.8000,19.8000,0.942423
15.9000,19.8000,0.938093
16.0000,19.8000,0.936235
16.1000,19.8000,0.931119
16.2000,19.8000,0.947379
16.3000,19.8000,0.936170
16.4000,19.8000,0.935045
16.5000,19.8000,0.938150
16.6000,19.8000,0.932007
16.7000,19.8000,0.942989
16.8000,19.8000,0.941324
16.9000,19.8000,0.928986
17.0000,19.8000,0.929816
17.1000,19.8000,0.942613
17.2000,19.8000,0.939216
17.3000,19.8000,0.936600
17.4000,19.8000,0.936581
17.5000,19.8000,0.937427
17.6000,19.8000,0.933705
17.7000,19.8000,0.927929
17.8000,19.8000,0.934112
17.9000,19.8000,0.941651
18.0000,19.8000,0.931695
18.1000,19.8000,0.940699
18.2000,19.8000,0.945326
18.3000,19.8000,0.932988
18.4000,19.8000,0.933374
18.5000,19.8000,0.932151
18.6000,19.8000,0.945221
18.7000,19.8000,0.942871
18.8000,19.8000,0.947282
18.9000,19.8000,0.954221
19.0000,19.8000,0.945098
19.1000,19.8000,0.947073
19.2000,19.8000,0.943433
19.3000,19.8000,0.947868
19.4000,19.8000,0.964029
19.5000,19.8000,0.951395
19.6000,19.8000,0.934804
19.7000,19.8000,0.908191
19.8000,19.8000,0.851290
19.9000,19.8000,0.759991
14.4000,19.9000,1.051807
14.5000,19.9000,1.023249
14.6000,19.9000,0.995079
14.7000,19.9000,0.951734
14.8000,19.9000,0.936818
14.9000,19.9000,0.922510
15.0000,19.9000,0.927534
15.1000,19.9000,0.933368
15.2000,19.9000,0.919294
15.3000,19.9000,0.934385
15.4000,19.9000,0.932726
15.5000,19.9000,0.935257
15.6000,19.9000,0.928983
15.7000,19.9000,0.944438
15.8000,19.9000,0.927831
15.9000,19.9000,0.932497
16.0000,19.9000,0.930191
16.1000,19.9000,0.940040
16.2000,19.9000,0.935996
16.3000,19.9000,0.942303
16.4000,19.9000,0.929752
16.5000,19.9000,0.941652
16.6000,19.9000,0.940941
16.7000,19.9000,0.943219
16.8000,19.9000,0.929808
16.9000,19.9000,0.928055
17.0000,19.9000,0.935200
17.1000,19.9000,0.944779
17.2000,19.9000,0.942425
17.3000,19.9000,0.931103
17.4000,19.9000,0.944539
17.5000,19.9000,0.935014
17.6000,19.9000,0.935093
17.7000,19.9000,0.931846
17.8000,19.9000,0.946827
17.9000,19.9000,0.938871
18.0000,19.9000,0.960060
18.1000,19.9000,0.952561
18.2000,19.9000,0.946209
18.3000,19.9000,0.940334
18.4000,19.9000,0.961251
18.5000,19.9000,0.947681
18.6000,19.9000,0.947336
18.7000,19.9000,0.957433
18.8000,19.9000,0.955622
18.9000,19.9000,0.943044
19.0000,19.9000,0.950850
19.1000,19.9000,0.938191
19.2000,19.9000,0.958375
19.3000,19.9000,0.961484
19.4000,19.9000,0.948821
19.5000,19.9000,0.924248
19.6000,19.9000,0.879319
19.7000,19.9000,0.815522
14.5000,20.0000,1.040648
14.6000,20.0000,1.030275
14.7000,20.0000,1.006068
14.8000,20.0000,0.974809
14.9000,20.0000,0.944439
15.0000,20.0000,0.930255
15.1000,20.0000,0.927550
15.2000,20.0000,0.927779
15.3000,20.0000,0.937202
15.4000,20.0000,0.949281
15.5000,20.0000,0.945108
15.6000,20.0000,0.942003
15.7000,20.0000,0.938227
15.8000,20.0000,0.944741
15.9000,20.0000,0.955671
16.0000,20.0000,0.931672
16.1000,20.0000,0.942789
16.2000,20.0000,0.950633
16.3000,20.0000,0.930962
16.4000,20.0000,0.935629
16.5000,20.0000,0.930315
16.6000,20.0000,0.933575
16.7000,20.0000,0.938723
16.8000,20.0000,0.933523
16.9000,20.0000,0.933261
17.0000,20.0000,0.940892
17.1000,20.0000,0.935318
17.2000,20.0000,0.943888
17.3000,20.0000,0.921735
17.4000,20.0000,0.936034
17.5000,20.0000,0.928910
17.6000,20.0000,0.941479
17.7000,20.0000,0.940298
17.8000,20.0000,0.939774
17.9000,20.0000,0.946566
18.0000,20.0000,0.937832
18.1000,20.0000,0.941171
18.2000,20.0000,0.938670
18.3000,20.0000,0.942131
18.4000,20.0000,0.952128
18.5000,20.0000,0.956505
18.6000,20.0000,0.944860
18.7000,20.0000,0.952638
18.8000,20.0000,0.943890
18.9000,20.0000,0.956392
19.0000,20.0000,0.952670
19.1000,20.0000,0.955047
19.2000,20.0000,0.944189
19.3000,20.0000,0.917950
19.4000,20.0000,0.913074
19.5000,20.0000,0.867745
19.6000,20.0000,0.789854
14.6000,20.1000,1.028492
14.7000,20.1000,1.043796
14.8000,20.1000,1.022456
14.9000,20.1000,0.992420
15.0000,20.1000,0.980377
15.1000,20.1000,0.955235
15.2000,20.1000,0.937603
15.3000,20.1000,0.937492
15.4000,20.1000,0.932724
15.5000,20.1000,0.941191
15.6000,20.1000,0.926107
15.7000,20.1000,0.931697
15.8000,20.1000,0.947869
15.9000,20.1000,0.943624
16.0000,20.1000,0.932477
16.1000,20.1000,0.941143
16.2000,20.1000,0.947154
16.3000,20.1000,0.949158
16.4000,20.1000,0.940500
16.5000,20.1000,0.936162
16.6000,20.1000,0.925469
16.7000,20.1000,0.929866
16.8000,20.1000,0.924125
16.9000,20.1000,0.950660
17.0000,20.1000,0.941461
17.1000,20.1000,0.940388
17.2000,20.1000,0.937495
17.3000,20.1000,0.938122
17.4000,20.1000,0.949090
17.5000,20.1000,0.946247
17.6000,20.1000,0.935220
17.7000,20.1000,0.931943
17.8000,20.1000,0.940453
17.9000,20.1000,0.943170
18.0000,20.1000,0.954542
18.1000,20.1000,0.946558
18.2000,20.1000,0.944778
18.3000,20.1000,0.941440
18.4000,20.1000,0.950867
18.5000,20.1000,0.956569
18.6000,20.1000,0.950201
18.7000,20.1000,0.950306
18.8000,20.1000,0.957525
18.9000,20.1000,0.968873
19.0000,20.1000,0.942449
19.1000,20.1000,0.917627
19.2000,20.1000,0.906605
19.3000,20.1000,0.875096
19.4000,20.1000,0.811504
14.8000,20.2000,1.022802
14.9000,20.2000,1.023508
15.0000,20.2000,1.020005
15.1000,20.2000,0.993008
15.2000,20.2000,0.977308
15.3000,20.2000,0.960302
15.4000,20.2000,0.949224
15.5000,20.2000,0.940850
15.6000,20.2000,0.934064
15.7000,20.2000,0.930483
15.8000,20.2000,0.942331
15.9000,20.2000,0.949734
16.0000,20.2000,0.928286
16.1000,20.2000,0.942331
16.2000,20.2000,0.968202
16.3000,20.2000,0.948751
16.4000,20.2000,0.940408
16.5000,20.2000,0.938309
16.6000,20.2000,0.937937
16.7000,20.2000,0.935723
16.8000,20.2000,0.947925
16.9000,20.2000,0.951742
17.0000,20.2000,0.934258
17.1000,20.2000,0.932645
17.2000,20.2000,0.947087
17.3000,20.2000,0.950596
17.4000,20.2000,0.939427
17.5000,20.2000,0.947492
17.6000,20.2000,0.952689
17.7000,20.2000,0.953109
17.8000,20.2000,0.953258
17.9000,20.2000,0.945967
18.0000,20.2000,0.942374
18.1000,20.2000,0.953430
18.2000,20.2000,0.943442
18.3000,20.2000,0.953883
18.4000,20.2000,0.948359
18.5000,20.2000,0.961895
18.6000,20.2000,0.958135
18.7000,20.2000,0.964196
18.8000,20.2000,0.943076
18.9000,20.2000,0.935807
19.0000,20.2000,0.907003
19.1000,20.2000,0.856156
19.2000,20.2000,0.825687
14.9000,20.3000,1.000790
15.0000,20.3000,1.001374
15.1000,20.3000,1.024327
15.2000,20.3000,1.009812
15.3000,20.3000,1.011334
15.4000,20.3000,0.985910
15.5000,20.3000,0.970289
15.6000,20.3000,0.947948
15.7000,20.3000,0.936905
15.8000,20.3000,0.947258
15.9000,20.3000,0.926649
16.0000,20.3000,0.886850
16.1000,20.3000,0.962898
16.2000,20.3000,0.975912
16.3000,20.3000,0.968823
16.4000,20.3000,0.957185
16.5000,20.3000,0.941139
16.6000,20.3000,0.932795
16.7000,20.3000,0.942024
16.8000,20.3000,0.954678
16.9000,20.3000,0.941993
17.0000,20.3000,0.946480
17.1000,20.3000,0.950858
17.2000,20.3000,0.956570
17.3000,20.3000,0.945252
17.4000,20.3000,0.937303
17.5000,20.3000,0.954485
17.6000,20.3000,0.948310
17.7000,20.3000,0.958671
17.8000,20.3000,0.966557
17.9000,20.3000,0.946583
18.0000,20.3000,0.951887
18.1000,20.3000,0.952816
18.2000,20.3000,0.952428
18.3000,20.3000,0.957356
18.4000,20.3000,0.951533
18.5000,20.3000,0.931326
18.6000,20.3000,0.934878
18.7000,20.3000,0.925469
18.8000,20.3000,0.905470
18.9000,20.3000,0.886543
19.0000,20.3000,0.827798
15.1000,20.4000,0.964613
15.2000,20.4000,0.986072
15.3000,20.4000,1.026257
15.4000,20.4000,1.003736
15.5000,20.4000,1.000000
15.6000,20.4000,0.981384
15.7000,20.4000,0.970110
15.8000,20.4000,0.968110
15.9000,20.4000,0.935385
16.0000,20.4000,0.929118
16.1000,20.4000,0.994326
16.2000,20.4000,0.967844
16.3000,20.4000,0.971767
16.4000,20.4000,0.955838
16.5000,20.4000,0.956437
16.6000,20.4000,0.967317
16.7000,20.4000,0.953531
16.8000,20.4000,0.940136
16.9000,20.4000,0.952429
17.0000,20.4000,0.951125
17.1000,20.4000,0.961711
17.2000,20.4000,0.950305
17.3000,20.4000,0.949582
17.4000,20.4000,0.952847
17.5000,20.4000,0.961800
17.6000,20.4000,0.957358
17.7000,20.4000,0.960548
17.8000,20.4000,0.952343
17.9000,20.4000,0.950385
18.0000,20.4000,0.956048
18.1000,20.4000,0.951308
18.2000,20.4000,0.935643
18.3000,20.4000,0.933930
18.4000,20.4000,0.928350
18.5000,20.4000,0.911844
18.6000,20.4000,0.909815
18.7000,20.4000,0.867790
18.8000,20.4000,0.828513
15.3000,20.5000,0.959296
15.4000,20.5000,0.949638
15.5000,20.5000,0.988138
15.6000,20.5000,0.984811
15.7000,20.5000,0.991377
15.8000,20.5000,1.002018
15.9000,20.5000,0.973165
16.0000,20.5000,0.949360
16.1000,20.5000,0.999300
16.2000,20.5000,0.932698
16.3000,20.5000,0.922714
16.4000,20.5000,0.938133
16.5000,20.5000,0.994270
16.6000,20.5000,1.086218
16.7000,20.5000,1.030200
16.8000,20.5000,0.976153
16.9000,20.5000,0.961682
17.0000,20.5000,0.955306
17.1000,20.5000,0.958975
17.2000,20.5000,0.951278
17.3000,20.5000,0.953993
17.4000,20.5000,0.945764
17.5000,20.5000,0.954364
17.6000,20.5000,0.957207
17.7000,20.5000,0.952965
17.8000,20.5000,0.952303
17.9000,20.5000,0.943028
18.0000,20.5000,0.942437
18.1000,20.5000,0.936095
18.2000,20.5000,0.911401
18.3000,20.5000,0.902802
18.4000,20.5000,0.885115
18.5000,20.5000,0.859509
15.7000,20.6000,0.935891
15.8000,20.6000,0.988701
15.9000,20.6000,0.976768
16.0000,20.6000,0.925837
16.1000,20.6000,0.959105
16.2000,20.6000,0.933841
16.3000,20.6000,0.878631
16.4000,20.6000,0.914145
16.5000,20.6000,1.024366
16.6000,20.6000,1.161017
16.7000,20.6000,1.124280
16.8000,20.6000,1.031602
16.9000,20.6000,0.994734
17.0000,20.6000,0.976472
17.1000,20.6000,0.963102
17.2000,20.6000,0.967341
17.3000,20.6000,0.957265
17.4000,20.6000,0.955350
17.5000,20.6000,0.941482
17.6000,20.6000,0.944479
17.7000,20.6000,0.931609
17.8000,20.6000,0.927368
17.9000,20.6000,0.905177
18.0000,20.6000,0.880281
18.1000,20.6000,0.880114
18.2000,20.6000,0.860248
16.7000,20.7000,1.090198
16.8000,20.7000,1.030789
16.9000,20.7000,0.992931
17.0000,20.7000,0.954680
17.1000,20.7000,0.936646
17.2000,20.7000,0.926760
17.3000,20.7000,0.897474
17.4000,20.7000,0.900558
17.5000,20.7000,0.880979
17.6000,20.7000,0.869713
17.7000,20.7000,0.857256
17.8000,20.7000,0.862051
