964.889000	965.009862	5.490088E-4	1.214059E-2	274.997300	16391131.000000	16391159.000000	-28.000000
964.894000	965.019612	5.477300E-4	1.213371E-2	275.006400	16394635.000000	16394662.000000	-27.000000
964.909000	965.029519	5.486018E-4	1.216429E-2	275.004200	16398028.000000	16398057.000000	-29.000000
964.922000	965.039347	5.460144E-4	1.211242E-2	275.010400	16401419.000000	16401449.000000	-30.000000
964.925000	965.049018	5.755332E-4	1.276906E-2	275.006300	16404829.000000	16404857.000000	-28.000000
964.934000	965.059003	5.743303E-4	1.274708E-2	275.000500	16408223.000000	16408254.000000	-31.000000
964.942000	965.068988	5.776032E-4	1.282519E-2	275.006500	16411632.000000	16411661.000000	-29.000000
964.954000	965.078894	5.751562E-4	1.277361E-2	275.016900	16415026.000000	16415054.000000	-28.000000
964.963000	965.088800	5.692986E-4	1.264570E-2	275.011900	16418417.000000	16418444.000000	-27.000000
964.971000	965.098628	5.693660E-4	1.264807E-2	275.004900	16421826.000000	16421855.000000	-29.000000
964.986000	965.108533	5.678191E-4	1.261314E-2	275.008300	16425220.000000	16425248.000000	-28.000000
965.002000	965.118360	5.718824E-4	1.269723E-2	275.004900	16428618.000000	16428647.000000	-29.000000
965.008000	965.128345	5.718120E-4	1.269407E-2	275.006000	16432024.000000	16432054.000000	-30.000000
965.014000	965.138250	5.901631E-4	1.310756E-2	275.000200	16435417.000000	16435447.000000	-30.000000
965.024000	965.148155	5.877679E-4	1.305002E-2	275.007100	16438822.000000	16438850.000000	-28.000000
965.034000	965.157982	5.889115E-4	1.306976E-2	275.008900	16442214.000000	16442244.000000	-30.000000
965.041000	965.167887	5.847770E-4	1.297127E-2	275.007500	16445608.000000	16445638.000000	-30.000000
965.048000	965.177791	5.797192E-4	1.286149E-2	275.008000	16449020.000000	16449049.000000	-29.000000
965.055000	965.187696	5.796702E-4	1.285927E-2	275.011600	16452395.000000	16452465.000000	-70.000000
965.065000	965.197679	5.813006E-4	1.290081E-2	275.016900	16455826.000000	16455854.000000	-28.000000
965.080000	965.207505	5.858463E-4	1.299956E-2	275.016000	16459214.000000	16459244.000000	-30.000000
965.091000	965.217331	5.852145E-4	1.298505E-2	275.020500	16462594.000000	16462667.000000	-73.000000
965.101000	965.227156	5.848826E-4	1.296907E-2	275.027500	16466019.000000	16466050.000000	-31.000000
965.108000	965.236824	5.850489E-4	1.296921E-2	275.015600	16469409.000000	16469437.000000	-28.000000
965.106000	965.246728	5.802361E-4	1.286829E-2	275.017400	16472821.000000	16472847.000000	-26.000000
965.119000	965.256710	5.778560E-4	1.282076E-2	275.016200	16476214.000000	16476242.000000	-28.000000
965.137000	965.266614	5.758313E-4	1.277902E-2	275.010100	16479606.000000	16479629.000000	-23.000000
965.145000	965.276596	5.776441E-4	1.283767E-2	274.994900	16483011.000000	16483041.000000	-30.000000
965.163000	965.286577	5.798432E-4	1.289855E-2	274.986300	16486402.000000	16486428.000000	-26.000000
965.181000	965.296481	5.802766E-4	1.290223E-2	275.000700	16489809.000000	16489832.000000	-23.000000
965.160000	965.305833	5.837183E-4	1.297571E-2	275.012500	16493176.000000	16493241.000000	-65.000000
965.167000	965.315657	5.806661E-4	1.290826E-2	275.022000	16496578.000000	16496653.000000	-75.000000
965.183000	965.325089	5.794825E-4	1.288300E-2	275.032100	16500006.000000	16500034.000000	-28.000000
965.197000	965.334755	5.759511E-4	1.280306E-2	275.025600	16503402.000000	16503432.000000	-30.000000
965.222000	965.344658	5.742590E-4	1.275946E-2	275.014300	16506803.000000	16506833.000000	-30.000000
965.229000	965.354638	5.776001E-4	1.282905E-2	275.000300	16510204.000000	16510234.000000	-30.000000
965.240000	965.364383	5.790370E-4	5.715323E+2	274.993700	16513704.000000	16513734.000000	-30.000000
965.248000	965.374285	5.810748E-4	1.289865E-2	274.996200	16517103.000000	16517127.000000	-24.000000
965.254000	965.384187	5.810464E-4	1.289257E-2	274.987100	16520497.000000	16520520.000000	-23.000000
965.260000	965.394010	5.811645E-4	1.290096E-2	274.986400	16523904.000000	16523927.000000	-23.000000
965.272000	965.403833	5.795453E-4	1.285681E-2	274.988100	16527299.000000	16527329.000000	-30.000000
965.281000	965.413813	5.729567E-4	1.271098E-2	274.977700	16530697.000000	16530724.000000	-27.000000
965.290000	965.423714	5.734949E-4	1.272406E-2	274.976600	16534096.000000	16534123.000000	-27.000000
965.304000	965.433144	5.743709E-4	1.275536E-2	274.979500	16537491.000000	16537521.000000	-30.000000
965.316000	965.443045	5.760105E-4	1.278666E-2	274.970300	16540903.000000	16540926.000000	-23.000000
965.329000	965.452945	5.770619E-4	1.281730E-2	274.977100	16544293.000000	16544321.000000	-28.000000
965.332000	965.462846	5.761702E-4	1.279964E-2	274.981900	16547687.000000	16547716.000000	-29.000000
965.327000	965.472432	5.790073E-4	1.286333E-2	274.976800	16551098.000000	16551126.000000	-28.000000
965.340000	965.482333	5.740410E-4	1.275847E-2	274.983700	16554489.000000	16554519.000000	-30.000000
965.347000	965.492233	5.711520E-4	1.269539E-2	274.992000	16557898.000000	16557930.000000	-32.000000
965.359000	965.502054	5.691376E-4	1.265944E-2	274.985400	16561291.000000	16561322.000000	-31.000000
965.394000	965.511876	5.706908E-4	1.270034E-2	274.984200	16564685.000000	16564710.000000	-25.000000
965.401000	965.521775	5.737303E-4	1.276573E-2	274.976600	16568092.000000	16568117.000000	-25.000000
965.412000	965.531675	5.732876E-4	1.276196E-2	274.986300	16571486.000000	16571514.000000	-28.000000
965.420000	965.541574	5.760119E-4	1.282504E-2	274.992200	16574892.000000	16574919.000000	-27.000000
965.431000	965.551474	5.749681E-4	1.279241E-2	275.003300	16578290.000000	16578318.000000	-28.000000
965.443000	965.561373	5.751300E-4	1.279235E-2	275.016800	16581677.000000	16581708.000000	-31.000000
965.451000	965.571272	5.711031E-4	1.270709E-2	275.011700	16585089.000000	16585118.000000	-29.000000
965.457000	965.581249	5.678424E-4	1.263285E-2	275.008200	16588482.000000	16588508.000000	-26.000000
965.461000	965.591148	5.700714E-4	1.268031E-2	275.014200	16591893.000000	16591921.000000	-28.000000
965.473000	965.600811	5.711599E-4	1.270620E-2	275.004000	16595285.000000	16595312.000000	-27.000000
965.478000	965.610788	5.727789E-4	1.274803E-2	275.005000	16598678.000000	16598705.000000	-27.000000
965.483000	965.620686	5.715759E-4	1.271589E-2	274.994300	16602084.000000	16602114.000000	-30.000000
965.495000	965.630349	5.739231E-4	1.275875E-2	275.001300	16605459.000000	16605522.000000	-63.000000
965.501000	965.640247	5.729234E-4	1.272004E-2	274.999300	16608881.000000	16608912.000000	-31.000000
965.510000	965.650223	5.694615E-4	1.263598E-2	275.002900	16612151.000000	16612233.000000	-82.000000
965.523000	965.660043	5.658389E-4	1.258200E-2	274.990100	16615578.000000	16615602.000000	-24.000000
965.534000	965.669940	5.643395E-4	1.254459E-2	274.980800	16618975.000000	16619001.000000	-26.000000
965.544000	965.679759	5.699232E-4	1.266601E-2	274.987700	16622381.000000	16622408.000000	-27.000000
965.554000	965.689656	5.695559E-4	1.266069E-2	274.993600	16625746.000000	16625832.000000	-86.000000
965.568000	965.699318	5.724504E-4	1.272385E-2	274.996900	16629282.000000	16629308.000000	-26.000000
965.578000	965.709058	5.729299E-4	1.273052E-2	274.996500	16632671.000000	16632702.000000	-31.000000
965.586000	965.719033	5.737123E-4	1.274948E-2	275.003200	16636084.000000	16636112.000000	-28.000000
965.591000	965.728930	5.739204E-4	1.275296E-2	275.005500	16639451.000000	16639522.000000	-71.000000
965.596000	965.738748	5.683358E-4	1.263318E-2	275.000100	16642866.000000	16642895.000000	-29.000000
965.599000	965.748723	5.688168E-4	1.264695E-2	274.997900	16646276.000000	16646306.000000	-30.000000
965.612000	965.758698	5.700121E-4	1.267645E-2	274.996200	16649670.000000	16649697.000000	-27.000000
965.620000	965.768516	5.740526E-4	1.276617E-2	274.989200	16653073.000000	16653100.000000	-27.000000
965.633000	965.778412	5.743640E-4	1.276709E-2	274.985800	16656468.000000	16656492.000000	-24.000000
965.644000	965.788229	5.749858E-4	1.277208E-2	274.997400	16659867.000000	16659893.000000	-26.000000
965.657000	965.797810	5.770712E-4	1.281705E-2	274.994100	16663275.000000	16663305.000000	-30.000000
965.668000	965.807706	5.742236E-4	1.275065E-2	275.010100	16666644.000000	16666713.000000	-69.000000
965.684000	965.817759	5.727269E-4	1.271110E-2	275.011700	16670060.000000	16670090.000000	-30.000000
965.691000	965.827497	5.677973E-4	1.259451E-2	275.001900	16673469.000000	16673500.000000	-31.000000
965.707000	965.837392	5.682748E-4	1.259668E-2	275.000100	16676864.000000	16676891.000000	-27.000000
965.718000	965.847287	5.731150E-4	1.270184E-2	274.992400	16680273.000000	16680295.000000	-22.000000
965.718000	965.847287	5.734589E-4	1.270959E-2	274.987200	16682769.000000	16682798.000000	-29.000000
965.720000	965.857182	5.732834E-4	1.270290E-2	274.981800	16686130.000000	16686216.000000	-86.000000
965.727000	965.867155	5.746787E-4	1.272766E-2	274.978600	16689569.000000	16689595.000000	-26.000000
965.742000	965.877050	5.732038E-4	1.268886E-2	274.990200	16692963.000000	16692991.000000	-28.000000
965.751000	965.887023	5.740562E-4	1.270608E-2	275.002700	16696351.000000	16696379.000000	-28.000000
965.767000	965.896995	5.704687E-4	1.262751E-2	274.992700	16699766.000000	16699797.000000	-31.000000
965.775000	965.906732	5.660819E-4	1.252607E-2	274.990400	16703157.000000	16703188.000000	-31.000000
965.786000	965.916312	5.681040E-4	1.257014E-2	275.000200	16706561.000000	16706588.000000	-27.000000
965.790000	965.926206	5.695814E-4	1.260477E-2	274.998100	16709930.000000	16710010.000000	-80.000000
965.796000	965.936021	5.743118E-4	1.271228E-2	274.997200	16713355.000000	16713385.000000	-30.000000
965.806000	965.945915	5.724801E-4	1.266595E-2	275.008500	16716727.000000	16716800.000000	-73.000000
965.817000	965.955808	5.740181E-4	1.270594E-2	275.014900	16720155.000000	16720184.000000	-29.000000
965.831000	965.965623	5.754508E-4	1.274168E-2	275.020100	16723552.000000	16723581.000000	-29.000000
965.840000	965.975516	5.732229E-4	1.268244E-2	275.012900	16726956.000000	16726984.000000	-28.000000
965.850000	965.985488	5.706223E-4	1.262235E-2	275.008800	16730352.000000	16730380.000000	-28.000000
965.860000	965.995380	5.679620E-4	1.256468E-2	275.005100	16733755.000000	16733783.000000	-28.000000
965.869000	966.005116	5.727302E-4	1.268629E-2	274.996700	16737153.000000	16737181.000000	-28.000000
965.882000	966.014930	5.748864E-4	1.273649E-2	274.988200	16740547.000000	16740573.000000	-26.000000
965.886000	966.024823	5.771198E-4	1.277366E-2	274.994200	16743953.000000	16743984.000000	-31.000000
965.891000	966.034793	5.761122E-4	1.275359E-2	274.993000	16747446.000000	16747470.000000	-24.000000
965.900000	966.044685	5.757335E-4	1.274766E-2	274.994100	16750825.000000	16750891.000000	-66.000000
965.909000	966.054577	5.767583E-4	1.276411E-2	275.002300	16754246.000000	16754271.000000	-25.000000
965.925000	966.063998	5.709261E-4	1.263244E-2	275.005900	16757649.000000	16757676.000000	-27.000000
965.941000	966.073811	5.700029E-4	1.261265E-2	275.006700	16761023.000000	16761095.000000	-72.000000
965.954000	966.083703	8.004563E-1	1.261465E-2	275.007700	16764442.000000	16764473.000000	-31.000000
965.958000	966.093594	5.744008E-4	1.268840E-2	274.999400	16767848.000000	16767877.000000	-29.000000
965.971000	966.103486	5.752490E-4	1.270705E-2	274.992300	16771339.000000	16771370.000000	-31.000000
965.966000	966.113220	5.742468E-4	1.267625E-2	274.990800	16774747.000000	16774776.000000	-29.000000
965.979000	966.123111	5.765885E-4	1.273099E-2	274.990600	16778143.000000	16778169.000000	-26.000000
965.992000	966.133001	5.743590E-4	1.267057E-2	274.998600	16781547.000000	16781576.000000	-29.000000
966.006000	966.142892	5.730579E-4	1.264843E-2	274.995900	16784942.000000	16784969.000000	-27.000000
966.020000	966.152861	5.679453E-4	1.253888E-2	274.990100	16788333.000000	16788361.000000	-28.000000
966.030000	966.162751	5.694080E-4	1.256353E-2	274.996200	16791745.000000	16791772.000000	-27.000000
966.044000	966.172642	5.731419E-4	1.264927E-2	274.995900	16795120.000000	16795185.000000	-65.000000
966.055000	966.182532	5.745465E-4	1.268282E-2	274.997800	16798542.000000	16798572.000000	-30.000000
966.065000	966.192422	5.769177E-4	1.273473E-2	275.004200	16801938.000000	16801966.000000	-28.000000
966.047000	966.202312	5.744147E-4	1.269020E-2	274.996400	16805333.000000	16805361.000000	-28.000000
966.060000	966.212201	5.760946E-4	1.272909E-2	274.988200	16808739.000000	16808766.000000	-27.000000
966.074000	966.222091	5.737216E-4	1.267824E-2	274.999400	16812106.000000	16812191.000000	-85.000000
966.081000	966.231980	6.745627E-2	1.260191E-2	275.000000	16815536.000000	16815561.000000	-25.000000
966.090000	966.241791	5.706556E-4	1.260611E-2	275.011100	16818936.000000	16818960.000000	-24.000000
966.096000	966.251601	5.720085E-4	1.263689E-2	275.020600	16822303.000000	16822387.000000	-84.000000
966.111000	966.261569	5.778119E-4	1.275554E-2	275.008600	16825834.000000	16825861.000000	-27.000000
966.119000	966.271379	5.770738E-4	1.273473E-2	275.016400	16829225.000000	16829251.000000	-26.000000
966.132000	966.281346	5.771732E-4	1.273732E-2	275.018300	16832637.000000	16832664.000000	-27.000000
966.146000	966.291156	5.769465E-4	1.272729E-2	275.024100	16836012.000000	16836077.000000	-65.000000
966.164000	966.300966	5.738495E-4	1.265074E-2	275.035100	16839430.000000	16839456.000000	-26.000000
966.168000	966.310854	5.730760E-4	1.262803E-2	275.037500	16842799.000000	16842879.000000	-80.000000
966.177000	966.320742	5.698675E-4	1.254980E-2	275.046100	16846334.000000	16846361.000000	-27.000000
966.193000	966.330552	5.735363E-4	1.262401E-2	275.052900	16849722.000000	16849747.000000	-25.000000
966.202000	966.340440	5.767524E-4	1.268616E-2	275.048500	16853120.000000	16853146.000000	-26.000000
966.214000	966.350249	5.771371E-4	1.268878E-2	275.059200	16856504.000000	16856573.000000	-69.000000
966.221000	966.360215	5.780218E-4	1.270799E-2	275.061400	16860020.000000	16860048.000000	-28.000000
966.231000	966.370102	5.765023E-4	1.267494E-2	275.068400	16863401.000000	16863470.000000	-69.000000
966.241000	966.380068	5.777207E-4	1.269857E-2	275.051800	16866825.000000	16866852.000000	-27.000000
966.253000	966.389955	5.733074E-4	1.260036E-2	275.027300	16870230.000000	16870257.000000	-27.000000
966.261000	966.399842	5.722988E-4	1.258002E-2	275.026600	16873610.000000	16873674.000000	-64.000000
966.266000	966.409728	5.727747E-4	1.258897E-2	275.021900	16877015.000000	16877044.000000	-29.000000
966.275000	966.419693	5.765434E-4	1.267867E-2	275.011500	16880424.000000	16880454.000000	-30.000000
966.283000	966.429580	5.803493E-4	1.276975E-2	275.001600	16883789.000000	16883873.000000	-84.000000
966.297000	966.439152	5.774854E-4	1.270775E-2	275.003700	16887322.000000	16887276.000000	46.000000
966.305000	966.449039	5.785608E-4	1.273241E-2	274.999500	16890720.000000	16890744.000000	-24.000000
966.318000	966.459003	5.751886E-4	1.265452E-2	275.003400	16894116.000000	16894140.000000	-24.000000
966.330000	966.468889	5.735679E-4	1.262000E-2	275.004600	16897500.000000	16897567.000000	-67.000000
966.340000	966.478775	5.716975E-4	1.258366E-2	275.006100	16900895.000000	16900963.000000	-68.000000
966.346000	966.488739	5.710403E-4	1.256633E-2	275.000300	16904414.000000	16904440.000000	-26.000000
966.358000	966.498624	5.755714E-4	1.266644E-2	274.987400	16907809.000000	16907840.000000	-31.000000
966.368000	966.508510	5.771865E-4	1.270750E-2	274.988000	16911214.000000	16911240.000000	-26.000000
966.395000	966.518081	5.778696E-4	1.271980E-2	275.003100	16914706.000000	16914730.000000	-24.000000
966.371000	966.527809	5.758988E-4	1.267251E-2	274.996800	16918113.000000	16918142.000000	-29.000000
966.385000	966.537615	5.744720E-4	1.263034E-2	274.996900	16921508.000000	16921536.000000	-28.000000
966.394000	966.547422	5.741247E-4	1.261272E-2	274.987000	16924917.000000	16924948.000000	-31.000000
966.406000	966.557306	5.699807E-4	1.251196E-2	274.995700	16928308.000000	16928339.000000	-31.000000
966.418000	966.567191	5.713312E-4	1.253188E-2	274.990600	16931706.000000	16931735.000000	-29.000000
966.433000	966.577075	5.731560E-4	1.255802E-2	274.989700	16935112.000000	16935140.000000	-28.000000
966.440000	966.586881	5.773154E-4	1.264283E-2	274.980600	16938509.000000	16938538.000000	-29.000000
966.451000	966.596843	5.759488E-4	1.260873E-1	274.986800	16941900.000000	16941928.000000	-28.000000
966.456000	966.606806	5.697785E-4	1.244607E-2	274.981100	16945309.000000	16945339.000000	-30.000000
966.465000	966.616689	5.725901E-4	1.251695E-2	274.984000	16948797.000000	16948826.000000	-29.000000
966.478000	966.626573	5.742324E-4	1.340567E-1	274.986600	16952205.000000	16952237.000000	-32.000000
966.485000	966.636456	5.750917E-4	1.259479E-2	274.985800	16955600.000000	16955630.000000	-30.000000
966.497000	966.646340	5.722508E-4	1.253455E-2	274.989900	16959008.000000	16959038.000000	-30.000000
966.508000	966.656066	5.757674E-4	1.261407E-2	274.983100	16962405.000000	16962435.000000	-30.000000
966.520000	966.665714	5.806280E-4	1.272260E-2	274.985400	16965799.000000	16965827.000000	-28.000000
966.528000	966.675675	5.812138E-4	1.273750E-2	274.988300	16969202.000000	16969231.000000	-29.000000
966.539000	966.685558	5.815203E-4	1.274646E-2	274.980400	16972597.000000	16972626.000000	-29.000000
966.544000	966.695519	5.786329E-4	1.268427E-2	274.977800	16976001.000000	16976030.000000	-29.000000
966.552000	966.705479	5.794507E-4	1.269637E-2	274.978000	16979401.000000	16979429.000000	-28.000000
966.562000	966.715519	5.762450E-4	1.261893E-2	274.994500	16982791.000000	16982821.000000	-30.000000
966.576000	966.725558	5.754995E-4	1.260506E-2	274.990100	16986184.000000	16986251.000000	-67.000000
966.583000	966.735518	5.760243E-4	1.259938E-2	274.990600	16989691.000000	16989720.000000	-29.000000
966.599000	966.745557	5.789546E-4	1.266578E-2	274.994300	16993103.000000	16993132.000000	-29.000000
966.606000	966.755595	5.830576E-4	1.275666E-2	274.997300	16996482.000000	16996547.000000	-65.000000
966.617000	966.765555	5.797190E-4	1.268291E-2	275.000000	16999998.000000	17000027.000000	-29.000000
966.626000	966.775593	5.807186E-4	1.268195E-2	274.990200	17003395.000000	17003424.000000	-29.000000
966.634000	966.785631	5.780534E-4	1.262022E-2	274.983800	17006782.000000	17006812.000000	-30.000000
966.642000	966.795591	5.774565E-4	1.782087E+0	274.983500	17010197.000000	17010224.000000	-27.000000
966.650000	966.805315	5.738451E-4	1.252886E-2	274.988300	17013589.000000	17013621.000000	-32.000000
966.663000	966.815274	5.730247E-4	1.250211E-2	274.997500	17016997.000000	17017027.000000	-30.000000
966.674000	966.824841	5.764576E-4	1.257197E-2	275.003400	17020484.000000	17020510.000000	-26.000000
966.684000	966.834722	5.786614E-4	1.261248E-2	274.994200	17023894.000000	17023925.000000	-31.000000
966.704000	966.844602	5.803723E-4	1.264326E-2	274.980200	17027290.000000	17027319.000000	-29.000000
966.718000	966.854639	5.769312E-4	1.256263E-2	274.979300	17030680.000000	17030710.000000	-30.000000
966.725000	966.864598	5.797798E-4	1.263164E-2	274.979200	17034066.000000	17034130.000000	-64.000000
966.738000	966.874556	5.779621E-4	1.259342E-2	274.997200	17037579.000000	17037608.000000	-29.000000
966.746000	966.884593	5.769545E-4	1.257268E-2	274.995100	17040990.000000	17041019.000000	-29.000000
966.754000	966.894629	5.745078E-4	1.251984E-2	274.995500	17044385.000000	17044416.000000	-31.000000
966.735000	966.904587	5.761985E-4	1.255350E-2	274.986000	17047761.000000	17047842.000000	-81.000000
966.758000	966.914623	5.795749E-4	1.263057E-2	274.984200	17051280.000000	17051310.000000	-30.000000
966.767000	966.924659	5.822757E-4	1.269106E-2	274.985500	17054681.000000	17054713.000000	-32.000000
966.765000	966.934617	5.846565E-4	1.274340E-2	274.988600	17058082.000000	17058111.000000	-29.000000
966.782000	966.944496	5.810782E-4	1.266504E-2	274.992100	17061477.000000	17061504.000000	-27.000000
966.785000	966.954453	5.813405E-4	1.267642E-2	275.006100	17064887.000000	17064915.000000	-28.000000
966.799000	966.964331	5.785958E-4	1.261048E-2	275.004000	17068279.000000	17068307.000000	-28.000000
966.809000	966.974288	-7.995376E-1	1.259655E-2	275.006200	17071671.000000	17071699.000000	-28.000000
966.821000	966.984167	5.769525E-4	1.256912E-2	274.992500	17075083.000000	17075110.000000	-27.000000
966.831000	966.994123	5.782934E-4	-3.899209E-1	274.994100	17078473.000000	17078502.000000	-29.000000
966.841000	967.004158	5.827634E-4	1.269233E-2	275.000300	17081884.000000	17081912.000000	-28.000000
966.852000	967.014193	5.832843E-4	1.269895E-2	274.989200	17085272.000000	17085303.000000	-31.000000
966.861000	967.024227	5.845307E-4	1.271949E-2	274.995700	17088665.000000	17088695.000000	-30.000000
966.866000	967.034340	5.805016E-4	1.262683E-2	274.988700	17092074.000000	17092103.000000	-29.000000
966.873000	967.044374	5.801489E-4	1.261295E-2	274.996000	17095469.000000	17095499.000000	-30.000000
966.885000	967.054330	5.775418E-4	1.255100E-2	274.996800	17098853.000000	17098928.000000	-75.000000
966.894000	967.064286	5.770782E-4	1.065800E+2	275.004600	17102275.000000	17102302.000000	-27.000000
966.905000	967.074319	5.760718E-4	1.250760E-2	275.005000	17105665.000000	17105688.000000	-23.000000
966.916000	967.084196	5.788035E-4	1.256337E-2	275.004700	17109169.000000	17109198.000000	-29.000000
966.935000	967.094230	5.842858E-4	1.268125E-2	275.008900	17112550.000000	17112616.000000	-66.000000
966.946000	967.104106	5.818204E-4	1.260897E-2	275.005100	17115974.000000	17116001.000000	-27.000000
966.960000	967.113983	5.834765E-4	1.265322E-2	275.003400	17119362.000000	17119384.000000	-22.000000
966.970000	967.124016	5.791689E-4	1.256057E-2	275.012000	17122774.000000	17122800.000000	-26.000000
966.975000	967.134049	5.787417E-4	1.255069E-2	275.014700	17126167.000000	17126197.000000	-30.000000
966.983000	967.144003	5.761693E-4	1.250198E-2	275.015300	17129672.000000	17129702.000000	-30.000000
966.989000	967.153957	5.769031E-4	1.252068E-2	275.009600	17133163.000000	17133193.000000	-30.000000
966.999000	967.163755	5.756355E-4	1.249855E-2	275.011500	17136570.000000	17136599.000000	-29.000000
967.009000	967.173708	5.799457E-4	2.407473E-2	275.007500	17139961.000000	17139989.000000	-28.000000
967.018000	967.183741	5.822840E-4	1.264910E-2	275.008300	17143338.000000	17143408.000000	-70.000000
967.023000	967.193773	5.823703E-4	1.264996E-2	274.993900	17146864.000000	17146891.000000	-27.000000
967.029000	967.203805	5.804162E-4	1.260380E-2	274.998500	17150254.000000	17150281.000000	-27.000000
967.042000	967.213836	5.770180E-4	1.253486E-2	274.994400	17153664.000000	17153691.000000	-27.000000
967.048000	967.223868	5.777677E-4	1.254872E-2	275.004500	17157043.000000	17157116.000000	-73.000000
967.063000	967.233821	5.745177E-4	1.247266E-2	275.004500	17160561.000000	17160587.000000	-26.000000
967.073000	967.243774	5.762977E-4	1.250655E-2	275.008600	17163949.000000	17163978.000000	-29.000000
967.080000	967.253726	5.753439E-4	1.248111E-2	274.997800	17167362.000000	17167391.000000	-29.000000
967.091000	967.263444	5.812450E-4	1.261313E-2	274.994700	17170757.000000	17170786.000000	-29.000000
967.099000	967.273396	5.828177E-4	1.264097E-2	274.987800	17174146.000000	17174174.000000	-28.000000
967.118000	967.283270	5.841208E-4	1.265927E-2	274.983200	17177557.000000	17177581.000000	-24.000000
967.124000	967.293223	5.805169E-4	1.257302E-2	274.982700	17180950.000000	17180981.000000	-31.000000
967.136000	967.303253	5.788453E-4	1.253286E-2	274.990400	17184361.000000	17184387.000000	-26.000000
967.145000	967.313205	5.787448E-4	1.252964E-2	274.979300	17187751.000000	17187780.000000	-29.000000
967.146000	967.323156	5.760034E-4	1.246924E-2	274.980100	17191145.000000	17191174.000000	-29.000000
967.135000	967.333186	5.777569E-4	1.249805E-2	274.985000	17194554.000000	17194583.000000	-29.000000
967.144000	967.342903	5.775303E-4	1.248808E-2	274.987800	17197951.000000	17197978.000000	-27.000000
967.155000	967.352932	5.835182E-4	1.261667E-2	274.982900	17201330.000000	17201402.000000	-72.000000
967.164000	967.362962	5.839153E-4	1.262189E-2	274.996200	17204747.000000	17204777.000000	-30.000000
967.179000	967.372913	5.843991E-4	1.262927E-2	275.006700	17208117.000000	17208203.000000	-86.000000
967.199000	967.382864	5.798828E-4	1.252773E-2	275.017800	17211552.000000	17211581.000000	-29.000000
967.212000	967.322608	5.765166E-4	1.248686E-2	275.003400	17299025.000000	17299052.000000	-27.000000
967.217000	967.332638	5.732913E-4	1.241591E-2	275.005200	17302421.000000	17302446.000000	-25.000000
967.225000	967.342433	5.723414E-4	1.239060E-2	275.004300	17305833.000000	17305863.000000	-30.000000
967.240000	967.352149	5.747395E-4	1.245020E-2	275.000200	17309213.000000	17309282.000000	-69.000000
967.256000	967.362100	1.778323E-2	1.254569E-2	275.006300	17312618.000000	17312649.000000	-31.000000
967.266000	967.372051	5.795016E-4	1.256068E-2	275.011100	17316026.000000	17316053.000000	-27.000000
967.277000	967.382080	5.792721E-4	1.255105E-2	275.013100	17319416.000000	17319443.000000	-27.000000
967.281000	967.392031	5.739638E-4	1.243889E-2	275.014600	17322825.000000	17322854.000000	-29.000000
967.288000	967.401903	5.721353E-4	1.239972E-2	275.009400	17326225.000000	17326253.000000	-28.000000
967.295000	967.411775	5.674414E-4	1.227195E-2	275.005100	17329611.000000	17329639.000000	-28.000000
967.301000	967.421725	5.705605E-4	1.234781E-2	274.995800	17333008.000000	17333073.000000	-65.000000
967.306000	967.431832	5.694134E-4	1.233213E-2	274.997700	17336514.000000	17336542.000000	-28.000000
967.316000	967.441547	5.745405E-4	1.243924E-2	274.995900	17339923.000000	17339950.000000	-27.000000
967.326000	967.451575	5.766318E-4	1.248652E-2	274.999200	17343318.000000	17343345.000000	-27.000000
967.339000	967.461525	5.801869E-4	1.255432E-2	275.014800	17346727.000000	17346756.000000	-29.000000
967.351000	967.471396	5.790022E-4	1.251133E-2	275.020500	17350117.000000	17350148.000000	-31.000000
967.361000	967.481267	5.765098E-4	1.244482E-2	275.012400	17353510.000000	17353541.000000	-31.000000
967.371000	967.491216	5.753509E-4	1.242273E-2	275.015700	17356918.000000	17356947.000000	-29.000000
967.378000	967.501244	5.734857E-4	1.238550E-2	275.013100	17360312.000000	17360341.000000	-29.000000
967.384000	967.511271	5.745005E-4	1.240552E-2	275.002600	17363712.000000	17363740.000000	-28.000000
967.394000	967.521220	5.734765E-4	1.237998E-2	275.002200	17367115.000000	17367143.000000	-28.000000
967.402000	967.531012	5.773151E-4	1.245344E-2	275.005700	17370501.000000	17370564.000000	-63.000000
967.416000	967.541039	5.796308E-4	1.250522E-2	275.004700	17374014.000000	17374044.000000	-30.000000
967.426000	967.550830	5.831270E-4	1.257560E-2	275.003800	17377405.000000	17377431.000000	-26.000000
967.439000	967.560779	5.792276E-4	1.249021E-2	275.013600	17380816.000000	17380847.000000	-31.000000
967.443000	967.570805	5.790381E-4	1.248755E-2	275.014400	17384304.000000	17384334.000000	-30.000000
967.447000	967.580753	5.751689E-4	1.239935E-2	275.011500	17387713.000000	17387743.000000	-30.000000
967.456000	967.590622	5.761408E-4	1.241445E-2	275.021400	17391108.000000	17391136.000000	-28.000000
967.461000	967.600648	5.742979E-4	7.486990E+1	275.018200	17394499.000000	17394530.000000	-31.000000
967.489000	967.610596	5.762332E-4	1.242358E-2	275.009400	17397906.000000	17397935.000000	-29.000000
967.491000	967.620621	5.759856E-4	1.241873E-2	275.017600	17401299.000000	17401326.000000	-27.000000
967.502000	967.630568	5.807811E-4	1.251912E-2	275.015200	17404711.000000	17404742.000000	-31.000000
967.508000	967.640280	5.823078E-4	1.254508E-2	275.000200	17408200.000000	17408227.000000	-27.000000
967.513000	967.650227	5.802732E-4	1.249219E-2	275.001400	17411608.000000	17411637.000000	-29.000000
967.518000	967.660174	5.773782E-4	1.943945E+0	274.999000	17415001.000000	17415029.000000	-28.000000
967.526000	967.670199	5.741484E-4	1.235970E-2	274.997000	17418392.000000	17418421.000000	-29.000000
967.528000	967.680224	5.753237E-4	1.237372E-2	274.989100	17421803.000000	17421832.000000	-29.000000
967.536000	967.690170	5.735447E-4	1.232698E-2	275.002600	17425293.000000	17425322.000000	-29.000000
967.544000	967.700116	5.752437E-4	1.235591E-2	275.005800	17428703.000000	17428733.000000	-30.000000
967.552000	967.709984	5.757789E-4	1.236082E-2	275.004900	17432094.000000	17432122.000000	-28.000000
967.567000	967.719930	5.819940E-4	1.248544E-2	274.999200	17435507.000000	17435535.000000	-28.000000
967.573000	967.729875	5.810321E-4	1.245924E-2	274.990200	17438896.000000	17438921.000000	-25.000000
967.590000	967.739821	5.812294E-4	1.246033E-2	274.991200	17442289.000000	17442318.000000	-29.000000
967.600000	967.749845	5.762145E-4	1.234191E-2	275.000500	17445684.000000	17445752.000000	-68.000000
967.614000	967.759868	5.766785E-4	1.233435E-2	274.999100	17449184.000000	17449215.000000	-31.000000
967.622000	967.769813	5.745503E-4	1.227495E-2	275.002300	17452599.000000	17452626.000000	-27.000000
967.635000	967.779837	5.754625E-4	1.229718E-2	275.007200	17455994.000000	17456019.000000	-25.000000
967.642000	967.789781	5.751353E-4	1.228473E-2	274.993600	17459394.000000	17459422.000000	-28.000000
967.651000	967.799726	5.779034E-4	1.233730E-2	275.003700	17462791.000000	17462819.000000	-28.000000
967.659000	967.809671	5.809397E-4	1.239566E-2	275.003800	17466292.000000	17466321.000000	-29.000000
967.667000	967.819693	5.824267E-4	8.491394E+1	275.012200	17469694.000000	17469724.000000	-30.000000
967.675000	967.829716	5.819317E-4	1.240823E-2	275.017300	17473191.000000	17473221.000000	-30.000000
967.684000	967.839660	5.769407E-4	1.229923E-2	275.009100	17476590.000000	17476619.000000	-29.000000
967.691000	967.849682	5.777359E-4	1.230540E-2	275.006400	17479984.000000	17480012.000000	-28.000000
967.700000	967.859313	5.756256E-4	1.225914E-2	274.997000	17483392.000000	17483421.000000	-29.000000
967.708000	967.869178	5.783673E-4	1.231344E-2	274.995500	17486784.000000	17486814.000000	-30.000000
967.716000	967.879121	5.766672E-4	1.227299E-2	275.004700	17490179.000000	17490209.000000	-30.000000
967.723000	967.889065	5.811186E-4	1.236647E-2	275.006800	17493586.000000	17493611.000000	-25.000000
967.737000	967.899086	5.823359E-4	1.238936E-2	275.001400	17496982.000000	17497009.000000	-27.000000
967.755000	967.909029	5.858220E-4	1.246389E-2	275.001200	17500391.000000	17500418.000000	-27.000000
967.766000	967.918972	5.828197E-4	1.238066E-2	274.998900	17503780.000000	17503810.000000	-30.000000
967.771000	967.928993	5.802726E-4	1.232229E-2	275.004300	17507288.000000	17507316.000000	-28.000000
967.776000	967.938936	5.775865E-4	1.226491E-2	275.010100	17510776.000000	17510804.000000	-28.000000
967.785000	967.948878	5.780238E-4	1.225962E-2	275.018800	17514185.000000	17514211.000000	-26.000000
967.793000	967.958742	5.784744E-4	1.226130E-2	275.030400	17517573.000000	17517604.000000	-31.000000
967.819000	967.958507	5.836099E-4	1.234975E-2	275.030700	17583248.000000	17583317.000000	-69.000000
967.825000	967.968058	5.843289E-4	1.235279E-2	275.030200	17586759.000000	17586785.000000	-26.000000
967.832000	967.978000	5.865719E-4	1.238976E-2	275.015700	17590149.000000	17590222.000000	-73.000000
967.839000	967.987942	5.815815E-4	1.227303E-2	275.003600	17593668.000000	17593698.000000	-30.000000
967.841000	967.997884	5.802565E-4	1.223554E-2	274.994900	17597060.000000	17597088.000000	-28.000000
967.853000	968.007825	5.761982E-4	1.214043E-2	274.992800	17600452.000000	17600481.000000	-29.000000
967.864000	968.017845	5.773894E-4	1.215599E-2	274.974400	17603860.000000	17603889.000000	-29.000000
967.870000	968.027786	5.776995E-4	1.215659E-2	274.966600	17607236.000000	17607324.000000	-88.000000
967.881000	968.037806	5.781254E-4	1.215593E-2	274.970700	17610763.000000	17610792.000000	-29.000000
967.897000	968.047825	5.806703E-4	1.219850E-2	274.977400	17614157.000000	17614182.000000	-25.000000
967.908000	968.057766	5.837220E-4	1.225296E-2	274.988700	17617556.000000	17617585.000000	-29.000000
967.917000	968.067707	5.847990E-4	1.227752E-2	274.986900	17620955.000000	17620980.000000	-25.000000
967.924000	968.077725	5.792556E-4	1.215441E-2	274.991000	17624351.000000	17624375.000000	-24.000000
967.935000	968.087588	5.781846E-4	1.212460E-2	274.983300	17627858.000000	17627888.000000	-30.000000
967.942000	968.097606	5.746625E-4	1.205042E-2	274.977600	17631248.000000	17631278.000000	-30.000000
967.957000	968.107546	5.776404E-4	1.210636E-2	274.967300	17634655.000000	17634684.000000	-29.000000
967.966000	968.117486	5.771575E-4	1.209068E-2	274.963100	17638030.000000	17638117.000000	-87.000000
967.977000	968.127348	5.808576E-4	1.216047E-2	274.968700	17641555.000000	17641578.000000	-23.000000
967.975000	968.137287	5.834831E-4	1.220692E-2	274.972400	17644950.000000	17644979.000000	-29.000000
967.991000	968.147305	5.860990E-4	1.225679E-2	274.977100	17648324.000000	17648410.000000	-86.000000
968.000000	968.157245	5.856528E-4	1.223685E-2	274.968500	17651742.000000	17651802.000000	-60.000000
968.014000	968.167262	5.818788E-4	1.214506E-2	274.975800	17655254.000000	17655283.000000	-29.000000
968.023000	968.177279	5.807534E-4	1.210678E-2	274.979900	17658638.000000	17658703.000000	-65.000000
968.033000	968.187297	5.779281E-4	1.203643E-2	274.978600	17662038.000000	17662103.000000	-65.000000
968.043000	968.197314	5.813374E-4	1.209434E-2	274.968400	17665545.000000	17665571.000000	-26.000000
968.051000	968.207252	5.806071E-4	1.206480E-2	274.963500	17668938.000000	17668967.000000	-29.000000
968.039000	968.217191	5.847089E-4	1.213606E-2	274.952300	17672346.000000	17672374.000000	-28.000000
968.062000	968.227207	5.870899E-4	1.217124E-2	274.966600	17675836.000000	17675865.000000	-29.000000
968.071000	968.237380	5.882717E-4	1.218508E-2	274.962800	17679243.000000	17679266.000000	-23.000000
968.079000	968.247396	5.860465E-4	1.212722E-2	274.972700	17682638.000000	17682667.000000	-29.000000
968.090000	968.257413	5.812727E-4	1.201416E-2	274.984000	17686047.000000	17686075.000000	-28.000000
968.102000	968.267350	5.811082E-4	1.198993E-2	274.994000	17689442.000000	17689471.000000	-29.000000
968.110000	968.277288	5.787406E-4	1.193013E-2	275.006700	17692832.000000	17692860.000000	-28.000000
968.118000	968.287304	5.815945E-4	1.198495E-2	275.012300	17696242.000000	17696272.000000	-30.000000
968.128000	968.297319	5.804977E-4	1.195759E-2	275.007100	17699639.000000	17699670.000000	-31.000000
968.137000	968.307256	5.848938E-4	1.204816E-2	275.018800	17703037.000000	17703067.000000	-30.000000
968.148000	968.317193	5.859033E-4	1.205823E-2	275.020600	17706437.000000	17706465.000000	-28.000000
968.156000	968.327208	5.866939E-4	1.206497E-2	275.025600	17709832.000000	17709863.000000	-31.000000
968.169000	968.337145	5.835261E-4	1.198905E-2	275.006200	17713241.000000	17713271.000000	-30.000000
968.174000	968.347160	5.778923E-4	1.187735E-2	275.013300	17716633.000000	17716661.000000	-28.000000
968.188000	968.357175	5.780460E-4	1.187459E-2	275.014300	17720028.000000	17720057.000000	-29.000000
968.197000	968.367111	5.767275E-4	1.183834E-2	275.010300	17723436.000000	17723467.000000	-31.000000
968.204000	968.377047	5.807403E-4	1.191101E-2	274.995800	17726924.000000	17726955.000000	-31.000000
968.222000	968.387061	5.809337E-4	1.190753E-2	274.993700	17730336.000000	17730366.000000	-30.000000
968.224000	968.397075	5.851832E-4	1.198754E-2	274.995900	17733819.000000	17733848.000000	-29.000000
968.232000	968.407089	5.856632E-4	1.198930E-2	275.004700	17737233.000000	17737263.000000	-30.000000
968.242000	968.417103	5.857095E-4	1.197882E-2	275.017200	17740607.000000	17740680.000000	-73.000000
968.249000	968.427116	5.812765E-4	1.187010E-2	275.023700	17744037.000000	17744066.000000	-29.000000
968.259000	968.437052	5.754034E-4	1.173031E-2	275.029100	17747522.000000	17747551.000000	-29.000000
968.264000	968.447065	5.745440E-4	1.169366E-2	275.031900	17750905.000000	17750974.000000	-69.000000
968.273000	968.457078	5.742139E-4	1.167257E-2	275.026500	17754325.000000	17754351.000000	-26.000000
968.288000	968.467091	5.810401E-4	1.180863E-2	275.027700	17757830.000000	17757861.000000	-31.000000
968.302000	968.477026	5.827514E-4	1.183448E-2	275.010500	17761227.000000	17761254.000000	-27.000000
968.308000	968.487038	5.870289E-4	1.190788E-2	275.019500	17764618.000000	17764648.000000	-30.000000
968.317000	968.497129	5.865914E-4	1.188971E-2	274.993600	17768030.000000	17768061.000000	-31.000000
968.329000	968.507063	5.836013E-4	1.182108E-2	274.992100	17771421.000000	17771449.000000	-28.000000
968.341000	968.516997	5.809486E-4	1.175315E-2	274.999200	17774826.000000	17774856.000000	-30.000000
968.350000	968.527088	5.777191E-4	1.168191E-2	274.986900	17778223.000000	17778249.000000	-26.000000
968.357000	968.537021	5.811123E-4	1.174008E-2	274.995600	17781616.000000	17781644.000000	-28.000000
968.363000	968.546955	5.808934E-4	1.173047E-2	274.987300	17785024.000000	17785054.000000	-30.000000
968.375000	968.556888	5.853362E-4	1.180038E-2	274.994600	17788514.000000	17788545.000000	-31.000000
968.382000	968.566900	5.851155E-4	1.179183E-2	274.991400	17791923.000000	17791954.000000	-31.000000
968.400000	968.576833	5.886807E-4	1.185946E-2	274.982900	17795412.000000	17795443.000000	-31.000000
968.409000	968.586844	5.872525E-4	1.182081E-2	274.984100	17798824.000000	17798854.000000	-30.000000
968.423000	968.594431	5.795075E-4	1.169214E-2	274.995200	18050554.000000	18050584.000000	-30.000000
968.431000	968.604442	5.768317E-4	1.162568E-2	274.985900	18053964.000000	18053994.000000	-30.000000
968.439000	968.614374	5.806426E-4	7.535532E-2	274.987500	18057450.000000	18057480.000000	-30.000000
968.449000	968.624229	5.794568E-4	1.166097E-2	274.994400	18060864.000000	18060892.000000	-28.000000
968.457000	968.634161	5.826517E-4	1.171835E-2	274.996500	18064256.000000	18064284.000000	-28.000000
968.470000	968.644093	5.832462E-4	1.171570E-2	274.997500	18067655.000000	18067683.000000	-28.000000
968.482000	968.654103	5.862370E-4	1.176293E-2	275.002600	18071058.000000	18071087.000000	-29.000000
968.490000	968.664113	5.825737E-4	1.168565E-2	274.996200	18074452.000000	18074480.000000	-28.000000
968.502000	968.674123	5.787179E-4	1.159445E-2	274.998300	18077862.000000	18077890.000000	-28.000000
968.510000	968.684055	5.767670E-4	1.153646E-2	274.992400	18081254.000000	18081283.000000	-29.000000
968.519000	968.693830	5.754758E-4	1.149721E-2	275.002900	18084636.000000	18084709.000000	-73.000000
968.526000	968.703761	5.789609E-4	1.155202E-2	274.993100	18088055.000000	18088085.000000	-30.000000
968.533000	968.713849	5.787431E-4	1.153561E-2	275.002000	18091450.000000	18091480.000000	-30.000000
968.539000	968.723780	5.827881E-4	1.160389E-2	275.015800	18094852.000000	18094879.000000	-27.000000
968.545000	968.733710	5.829876E-4	1.159638E-2	275.029000	18098252.000000	18098280.000000	-28.000000
968.556000	968.743719	5.851162E-4	1.162500E-2	275.031300	18101757.000000	18101788.000000	-31.000000
968.566000	968.753728	5.805514E-4	1.152695E-2	275.034200	18105247.000000	18105277.000000	-30.000000
968.574000	968.763737	5.774066E-4	1.145684E-2	275.030600	18108655.000000	18108683.000000	-28.000000
968.584000	968.773589	5.764428E-4	1.142988E-2	275.028100	18112049.000000	18112079.000000	-30.000000
968.594000	968.783597	5.770244E-4	1.143396E-2	275.035400	18115444.000000	18115473.000000	-29.000000
968.601000	968.793605	5.807080E-4	1.149958E-2	275.034300	18118947.000000	18118977.000000	-30.000000
968.611000	968.803613	5.815478E-4	1.150774E-2	275.022200	18122341.000000	18122370.000000	-29.000000
968.623000	968.813621	5.854727E-4	1.158685E-2	275.009600	18125750.000000	18125780.000000	-30.000000
968.635000	968.823550	5.851447E-4	1.158010E-2	275.005800	18129142.000000	18129171.000000	-29.000000
968.648000	968.833558	5.857721E-4	1.158377E-2	275.003900	18132536.000000	18132563.000000	-27.000000
968.657000	968.843643	5.805728E-4	1.147747E-2	274.995100	18135945.000000	18135973.000000	-28.000000
968.662000	968.853651	5.786203E-4	1.143371E-2	275.002500	18139339.000000	18139370.000000	-31.000000
968.671000	968.863501	5.782583E-4	1.141439E-2	275.000000	18142746.000000	18142775.000000	-29.000000
968.675000	968.873430	5.795317E-4	1.143506E-2	275.000100	18146139.000000	18146202.000000	-63.000000
968.688000	968.883437	5.820772E-4	1.147721E-2	274.999700	18149644.000000	18149673.000000	-29.000000
968.699000	968.893522	5.833516E-4	1.149499E-2	274.998200	18153039.000000	18153068.000000	-29.000000
968.711000	968.903528	5.873405E-4	1.156387E-2	275.004800	18156432.000000	18156463.000000	-31.000000
968.723000	968.913456	5.850552E-4	1.151080E-2	275.002500	18159841.000000	18159868.000000	-27.000000
968.731000	968.923463	5.848464E-4	1.149633E-2	274.995300	18163232.000000	18163260.000000	-28.000000
968.740000	968.933312	5.786725E-4	1.137179E-2	274.988300	18166640.000000	18166667.000000	-27.000000
968.747000	968.943318	5.760750E-4	1.131022E-2	274.987700	18170035.000000	18170067.000000	-32.000000
968.755000	968.953246	5.755327E-4	1.129049E-2	274.998700	18173429.000000	18173459.000000	-30.000000
968.765000	968.963173	5.776239E-4	1.133169E-2	274.986200	18176838.000000	18176867.000000	-29.000000
968.776000	968.973100	5.801005E-4	1.136404E-2	274.983600	18180232.000000	18180258.000000	-26.000000
968.790000	968.982949	-7.995359E-1	1.135292E-2	274.996400	18183625.000000	18183653.000000	-28.000000
968.802000	968.992720	5.835873E-4	1.141529E-2	275.000500	18187032.000000	18187061.000000	-29.000000
968.811000	969.002647	5.810565E-4	1.136111E-2	275.005400	18190428.000000	18190457.000000	-29.000000
968.820000	969.012652	5.805070E-4	1.134332E-2	275.016100	18193820.000000	18193892.000000	-72.000000
968.830000	969.022422	5.745644E-4	1.121836E-2	275.016000	18197324.000000	18197355.000000	-31.000000
968.840000	969.032348	5.747476E-4	1.121464E-2	275.013800	18200735.000000	18200764.000000	-29.000000
968.845000	969.042274	5.744728E-4	1.120848E-2	275.012100	18204218.000000	18204247.000000	-29.000000
968.856000	969.052279	5.793005E-4	1.129905E-2	275.010400	18207628.000000	18207654.000000	-26.000000
968.863000	969.062205	5.817524E-4	1.134434E-2	275.002200	18211026.000000	18211055.000000	-29.000000
968.876000	969.072052	5.820514E-4	1.135135E-2	275.001100	18214527.000000	18214555.000000	-28.000000
968.884000	969.082056	5.841274E-4	1.140294E-2	275.008500	18217923.000000	18217950.000000	-27.000000
968.889000	969.092060	5.820234E-4	1.136668E-2	275.003300	18221316.000000	18221343.000000	-27.000000
968.903000	969.102063	5.803320E-4	1.133228E-2	274.996700	18224729.000000	18224755.000000	-26.000000
968.911000	969.111989	5.743718E-4	1.122418E-2	275.012300	18228122.000000	18228151.000000	-29.000000
968.919000	969.121914	5.762169E-4	1.125095E-2	275.010600	18231522.000000	18231551.000000	-29.000000
968.930000	969.131682	5.773374E-4	1.126012E-2	275.006000	18234923.000000	18234951.000000	-28.000000
968.940000	969.141685	5.824382E-4	1.135305E-2	274.993700	18238315.000000	18238343.000000	-28.000000
968.947000	969.151610	5.835190E-4	1.136753E-2	274.991200	18241720.000000	18241750.000000	-30.000000
968.958000	969.161612	5.848341E-4	1.139783E-2	274.994200	18245118.000000	18245143.000000	-25.000000
968.975000	969.171459	5.862169E-4	1.141126E-2	274.999000	18248507.000000	18248537.000000	-30.000000
968.981000	969.181383	5.832361E-4	1.135052E-2	275.007000	18251916.000000	18251946.000000	-30.000000
968.996000	969.191229	5.801149E-4	1.130173E-2	275.005700	18255313.000000	18255339.000000	-26.000000
969.005000	969.201153	5.748233E-4	1.119464E-2	275.000000	18258718.000000	18258747.000000	-29.000000
969.012000	969.211076	5.768488E-4	1.122529E-2	274.989400	18262112.000000	18262141.000000	-29.000000
969.019000	969.220922	5.782849E-4	1.123352E-2	275.001900	18265507.000000	18265535.000000	-28.000000
969.014000	969.230923	5.831185E-4	1.132457E-2	274.997600	18268916.000000	18268946.000000	-30.000000
969.032000	969.241003	5.823822E-4	1.130640E-2	274.998800	18272306.000000	18272334.000000	-28.000000
969.040000	969.251004	5.852731E-4	1.136324E-2	275.006400	18275714.000000	18275745.000000	-31.000000
969.049000	969.260927	5.844796E-4	1.135214E-2	275.004500	18279107.000000	18279133.000000	-26.000000
969.056000	969.270850	5.814237E-4	1.129341E-2	275.007900	18282505.000000	18282533.000000	-28.000000
969.067000	969.280695	5.781210E-4	1.123428E-2	275.005700	18285915.000000	18285943.000000	-28.000000
969.073000	969.290617	5.741754E-4	1.116818E-2	274.999200	18289305.000000	18289335.000000	-30.000000
969.087000	969.300618	5.762724E-4	1.121273E-2	275.008700	18292714.000000	18292744.000000	-30.000000
969.103000	969.310618	5.781181E-4	1.125414E-2	275.003000	18296101.000000	18296168.000000	-67.000000
969.119000	969.320618	5.842590E-4	1.136813E-2	275.023200	18360590.000000	18360619.000000	-29.000000
969.129000	969.330697	5.870998E-4	1.142904E-2	275.014200	18364094.000000	18364124.000000	-30.000000
969.133000	969.340618	5.848546E-4	1.139432E-2	274.995700	18367490.000000	18367519.000000	-29.000000
969.150000	969.359837	5.798663E-4	1.128732E-2	274.989700	18454469.000000	18454496.000000	-27.000000
969.155000	969.369914	5.766878E-4	1.123242E-2	274.978800	18458068.000000	18458099.000000	-31.000000
969.168000	969.379835	5.787414E-4	1.127836E-2	274.981200	18461467.000000	18461498.000000	-31.000000
969.176000	969.389757	5.812849E-4	1.133399E-2	274.985700	18464869.000000	18464897.000000	-28.000000
969.185000	969.399756	5.839736E-4	1.139067E-2	274.988000	18468263.000000	18468294.000000	-31.000000
969.201000	969.409676	5.837222E-4	1.138938E-2	275.003200	18471667.000000	18471695.000000	-28.000000
969.210000	969.419675	5.873972E-4	1.146620E-2	274.977100	18475065.000000	18475089.000000	-24.000000
969.220000	969.429596	5.842495E-4	1.140719E-2	274.970800	18478462.000000	18478487.000000	-25.000000
969.229000	969.439516	5.843521E-4	1.140835E-2	274.979400	18481870.000000	18481897.000000	-27.000000
969.241000	969.449436	5.777917E-4	1.128478E-2	274.970900	18485265.000000	18485293.000000	-28.000000
969.257000	969.459434	5.781215E-4	1.129539E-2	274.973900	18488656.000000	18488686.000000	-30.000000
969.269000	969.469432	5.792377E-4	1.132076E-2	274.980000	18492067.000000	18492095.000000	-28.000000
969.278000	969.479352	5.837247E-4	1.141149E-2	274.987900	18495458.000000	18495484.000000	-26.000000
969.283000	969.489272	5.852211E-4	1.144460E-2	274.985100	18498866.000000	18498893.000000	-27.000000
969.286000	969.499191	5.869071E-4	1.148882E-2	274.975100	18502254.000000	18502321.000000	-67.000000
969.294000	969.509111	5.886004E-4	1.153636E-2	274.983400	18505766.000000	18505796.000000	-30.000000
969.302000	969.519108	5.871784E-4	1.151516E-2	274.975200	18509154.000000	18509182.000000	-28.000000
969.316000	969.529105	5.841655E-4	1.146915E-2	274.974300	18512551.000000	18512579.000000	-28.000000
969.325000	969.539102	5.782597E-4	1.136467E-2	274.985200	18515960.000000	18515986.000000	-26.000000
969.337000	969.549021	5.801441E-4	1.141063E-2	274.993300	18519349.000000	18519377.000000	-28.000000
969.343000	969.559017	5.808530E-4	1.143384E-2	275.007500	18522760.000000	18522792.000000	-32.000000
969.356000	969.568936	5.873617E-4	1.157390E-2	275.006100	18526150.000000	18526179.000000	-29.000000
969.362000	969.578854	5.878107E-4	1.159434E-2	275.007300	18529544.000000	18529573.000000	-29.000000
969.370000	969.588772	5.886834E-4	1.162228E-2	274.990600	18532958.000000	18532989.000000	-31.000000
969.376000	969.598768	5.887739E-4	1.162518E-2	274.995000	18536347.000000	18536372.000000	-25.000000
969.382000	969.608686	5.867495E-4	1.160485E-2	275.002500	18539759.000000	18539787.000000	-28.000000
969.394000	969.618526	5.824480E-4	1.153017E-2	274.994300	18543154.000000	18543181.000000	-27.000000
969.397000	969.628521	5.780669E-4	1.144365E-2	274.996700	18546544.000000	18546572.000000	-28.000000
969.404000	969.638517	5.780208E-4	1.145832E-2	275.003700	18549953.000000	18549980.000000	-27.000000
969.412000	969.648356	5.792946E-4	1.149301E-2	275.015600	18553341.000000	18553370.000000	-29.000000
969.423000	969.658273	5.846913E-4	1.160322E-2	275.012100	18556749.000000	18556779.000000	-30.000000
969.441000	969.668112	5.844201E-4	1.160486E-2	275.004900	18560148.000000	18560178.000000	-30.000000
969.450000	969.678029	5.878654E-4	1.167868E-2	275.011900	18563542.000000	18563566.000000	-24.000000
969.464000	969.688024	5.857590E-4	1.164636E-2	275.020700	18566953.000000	18566982.000000	-29.000000
969.470000	969.698018	5.858258E-4	1.165607E-2	275.012500	18570344.000000	18570372.000000	-28.000000
969.479000	969.708013	5.804688E-4	1.155717E-2	275.004300	18573738.000000	18573763.000000	-25.000000
969.480000	969.717929	5.786743E-4	1.153047E-2	275.010800	18577147.000000	18577173.000000	-26.000000
969.487000	969.727689	5.788737E-4	1.154050E-2	275.002200	18580537.000000	18580565.000000	-28.000000
969.498000	969.737683	5.842703E-4	1.165617E-2	275.003300	18583947.000000	18583979.000000	-32.000000
969.507000	969.747520	5.881985E-4	1.174209E-2	275.000700	18587337.000000	18587365.000000	-28.000000
969.521000	969.757436	5.888704E-4	1.176448E-2	274.996700	18590736.000000	18590764.000000	-28.000000
969.530000	969.767352	5.910412E-4	1.180376E-2	274.994100	18594144.000000	18594173.000000	-29.000000
969.538000	969.777267	5.889062E-4	1.178691E-2	274.994500	18597537.000000	18597564.000000	-27.000000
969.546000	969.787260	5.889348E-4	1.180176E-2	275.001600	18600947.000000	18600977.000000	-30.000000
969.560000	969.797175	5.825830E-4	1.169087E-2	275.005200	18604339.000000	18604365.000000	-26.000000
969.559000	969.807246	5.825921E-4	1.170133E-2	275.010700	18607732.000000	18607762.000000	-30.000000
969.566000	969.817161	5.812805E-4	1.168088E-2	275.004600	18611141.000000	18611167.000000	-26.000000
969.578000	969.826841	5.876455E-4	1.183761E-2	274.999300	18614529.000000	18614555.000000	-26.000000
969.585000	969.836600	5.890513E-4	1.187192E-2	275.008600	18617934.000000	18617964.000000	-30.000000
969.594000	969.846514	5.923431E-4	1.194274E-2	275.008700	18621429.000000	18621459.000000	-30.000000
969.607000	969.856506	5.905944E-4	1.192729E-2	275.011800	18624721.000000	18624799.000000	-78.000000
969.615000	969.866498	5.891863E-4	1.191990E-2	274.999700	18628231.000000	18628261.000000	-30.000000
969.624000	969.876412	5.875925E-4	1.190108E-2	275.006700	18631626.000000	18631587.000000	39.000000
969.634000	969.886248	5.836677E-4	1.183200E-2	275.005200	18634923.000000	18634996.000000	-73.000000
969.650000	969.896083	5.801808E-4	1.177389E-2	275.008700	18638424.000000	18638451.000000	-27.000000
969.656000	969.905606	5.795984E-4	1.176908E-2	274.997800	18641815.000000	18641888.000000	-73.000000
969.665000	969.915520	5.854765E-4	1.189517E-2	275.011300	18645229.000000	18645255.000000	-26.000000
969.677000	969.925511	5.873136E-4	1.193867E-2	275.015000	18648624.000000	18648647.000000	-23.000000
969.682000	969.935502	5.891038E-4	1.198988E-2	275.017600	18652025.000000	18652085.000000	-60.000000
969.690000	969.945337	5.860133E-4	1.193275E-2	275.009800	18655518.000000	18655543.000000	-25.000000
969.702000	969.955093	5.879030E-4	1.198148E-2	275.000400	18658928.000000	18658956.000000	-28.000000
969.705000	969.965084	5.845574E-4	1.191221E-2	275.000000	18662315.000000	18662387.000000	-72.000000
969.720000	969.974996	5.816847E-4	1.186455E-2	274.990200	18665731.000000	18665758.000000	-27.000000
969.730000	969.984987	5.772983E-4	1.178469E-2	275.000600	18669126.000000	18669153.000000	-27.000000
969.739000	969.994899	5.807250E-4	1.186611E-2	274.992600	18672510.000000	18672579.000000	-69.000000
969.750000	970.004889	5.858871E-4	1.198104E-2	274.999000	18676023.000000	18676050.000000	-27.000000
969.761000	970.014566	5.880232E-4	1.204083E-2	275.001400	18679414.000000	18679444.000000	-30.000000
969.769000	970.024322	5.898662E-4	1.209441E-2	274.999100	18682823.000000	18682851.000000	-28.000000
969.780000	970.034312	5.876625E-4	1.206437E-2	275.003000	18686212.000000	18686243.000000	-31.000000
969.789000	970.044223	5.888050E-4	1.210249E-2	275.000700	18689622.000000	18689653.000000	-31.000000
969.794000	970.054134	5.828387E-4	1.199898E-2	274.994000	18693017.000000	18693046.000000	-29.000000
969.809000	970.064045	5.793827E-4	1.194832E-2	274.997200	18696397.000000	18696484.000000	-87.000000
969.814000	970.074112	5.797353E-4	1.197166E-2	274.997400	18699914.000000	18699943.000000	-29.000000
969.826000	970.083555	5.832612E-4	1.205580E-2	274.996800	18703305.000000	18703333.000000	-28.000000
969.830000	970.093465	5.861338E-4	1.212382E-2	274.991300	18706718.000000	18706747.000000	-29.000000
969.841000	970.103532	5.892045E-4	1.220427E-2	274.990200	18710108.000000	18710136.000000	-28.000000
969.849000	970.113364	5.891268E-4	1.221666E-2	274.988700	18713516.000000	18713547.000000	-31.000000
969.859000	970.123196	5.877696E-4	1.219945E-2	274.992200	18716899.000000	18716985.000000	-86.000000
969.868000	970.133185	5.886066E-4	1.222312E-2	275.007100	18720419.000000	18720448.000000	-29.000000
969.879000	970.143094	5.815450E-4	1.209205E-2	275.011700	18723809.000000	18723838.000000	-29.000000
969.889000	970.152614	5.804340E-4	1.207730E-2	275.010900	18727206.000000	18727234.000000	-28.000000
969.895000	970.162524	5.782495E-4	1.203506E-2	275.012400	18730614.000000	18730642.000000	-28.000000
969.902000	970.172355	5.841390E-4	1.216454E-2	275.007200	18734009.000000	18734037.000000	-28.000000
969.915000	970.182264	5.873003E-4	1.223134E-2	275.007800	18737404.000000	18737436.000000	-32.000000
969.929000	970.192096	5.898064E-4	1.229378E-2	275.009500	18740813.000000	18740842.000000	-29.000000
969.940000	970.202005	5.886823E-4	1.227226E-2	275.015000	18744205.000000	18744273.000000	-68.000000
969.951000	970.211991	5.895453E-4	4.583837E-2	275.022000	18747709.000000	18747737.000000	-28.000000
969.963000	970.221900	5.875571E-4	1.226193E-2	275.022400	18751101.000000	18751131.000000	-30.000000
969.970000	970.231809	5.816957E-4	1.214756E-2	275.022000	18754509.000000	18754539.000000	-30.000000
969.977000	970.241561	5.798795E-4	1.569386E-2	275.031200	18758004.000000	18758035.000000	-31.000000
969.987000	970.251547	5.788811E-4	1.210623E-2	275.022300	18761393.000000	18761473.000000	-80.000000
969.995000	970.261378	5.862895E-4	1.226764E-2	275.026400	18764896.000000	18764926.000000	-30.000000
970.006000	970.271286	5.879071E-4	1.231114E-2	275.012700	18768305.000000	18768334.000000	-29.000000
970.016000	970.281193	5.908217E-4	1.238242E-2	275.007200	18771699.000000	18771729.000000	-30.000000
970.026000	970.290945	5.886585E-4	1.234783E-2	275.010100	18775092.000000	18775122.000000	-30.000000
970.035000	970.300853	5.876137E-4	1.233750E-2	275.016000	18778501.000000	18778529.000000	-28.000000
970.043000	970.310760	5.846587E-4	1.229030E-2	275.017200	18781892.000000	18781922.000000	-30.000000
970.053000	970.320667	5.772215E-4	1.214989E-2	275.003100	18785305.000000	18785335.000000	-30.000000
970.056000	970.330496	5.772809E-4	1.216863E-2	274.991900	18788793.000000	18788819.000000	-26.000000
970.065000	970.340403	5.774762E-4	1.218238E-2	274.991400	18792203.000000	18792231.000000	-28.000000
970.075000	970.350310	5.853091E-4	1.236553E-2	274.998200	18795599.000000	18795631.000000	-32.000000
970.087000	970.360061	5.867701E-4	1.241187E-2	274.995800	18799100.000000	18799129.000000	-29.000000
970.100000	970.369733	5.882749E-4	1.245272E-2	274.994300	18802592.000000	18802621.000000	-29.000000
970.109000	970.379718	5.858179E-4	1.240900E-2	274.981400	18805999.000000	18806028.000000	-29.000000
970.125000	970.389546	5.852036E-4	1.240716E-2	274.988900	18809394.000000	18809423.000000	-29.000000
970.132000	970.399374	5.825465E-4	1.235705E-2	274.990100	18812784.000000	18812814.000000	-30.000000
970.134000	970.409280	5.790398E-4	1.229052E-2	274.984400	18816195.000000	18816222.000000	-27.000000
970.140000	970.419108	5.775655E-4	1.226401E-2	274.974900	18819585.000000	18819617.000000	-32.000000
970.144000	970.428936	5.818764E-4	1.236158E-2	274.992300	18822991.000000	18823020.000000	-29.000000
970.159000	970.438841	5.890970E-4	1.252825E-2	274.993900	18826392.000000	18826420.000000	-28.000000
970.169000	970.448746	5.883279E-4	1.251967E-2	274.996400	18829786.000000	18829814.000000	-28.000000
970.175000	970.458652	5.900548E-4	1.255888E-2	274.999200	18833192.000000	18833220.000000	-28.000000
970.191000	970.468323	5.868551E-4	1.249406E-2	274.998100	18836587.000000	18836614.000000	-27.000000
970.197000	970.478306	5.875898E-4	1.251501E-2	274.989000	18839976.000000	18840006.000000	-30.000000
970.204000	970.488132	5.826617E-4	1.241150E-2	274.997700	18843385.000000	18843414.000000	-29.000000
970.216000	970.497959	5.802204E-4	1.236860E-2	274.991200	18846776.000000	18846804.000000	-28.000000
970.227000	970.507864	5.781508E-4	1.234054E-2	274.992300	18850188.000000	18850216.000000	-28.000000
970.238000	970.517846	5.838334E-4	1.247358E-2	274.996200	18853585.000000	18853612.000000	-27.000000
970.238000	970.517846	5.840451E-4	1.248004E-2	274.997500	18856078.000000	18856103.000000	-25.000000
970.245000	970.527828	5.886786E-4	1.258275E-2	275.006600	18859490.000000	18859518.000000	-28.000000
970.257000	970.537732	5.884245E-4	1.258047E-2	275.008000	18862881.000000	18862911.000000	-30.000000
970.261000	970.547636	5.884071E-4	1.259377E-2	275.017900	18866277.000000	18866307.000000	-30.000000
970.270000	970.557540	5.848496E-4	1.252972E-2	275.012600	18869680.000000	18869711.000000	-31.000000
970.277000	970.567443	5.850428E-4	1.254994E-2	275.011900	18873076.000000	18873104.000000	-28.000000
970.284000	970.577269	5.783528E-4	1.242265E-2	275.018000	18876473.000000	18876500.000000	-27.000000
970.293000	970.587172	5.761273E-4	1.238690E-2	275.003000	18879878.000000	18879906.000000	-28.000000
970.303000	970.597153	5.742041E-4	1.235912E-2	275.011700	18883269.000000	18883299.000000	-30.000000
970.314000	970.607056	5.808436E-4	1.252722E-2	275.010500	18886681.000000	18886710.000000	-29.000000
970.321000	970.616491	5.821572E-4	1.256153E-2	275.009200	18890072.000000	18890101.000000	-29.000000
970.331000	970.626394	5.850077E-4	1.263005E-2	275.011300	18893467.000000	18893496.000000	-29.000000
970.342000	970.636374	5.828146E-4	1.258848E-2	275.008000	18896876.000000	18896903.000000	-27.000000
970.350000	970.646355	5.819789E-4	1.257081E-2	275.006600	18900270.000000	18900299.000000	-29.000000
970.360000	970.656257	5.804611E-4	1.253850E-2	275.010000	18903678.000000	18903710.000000	-32.000000
970.373000	970.665925	5.745458E-4	1.240746E-2	274.997900	18907168.000000	18907198.000000	-30.000000
970.382000	970.675593	5.706432E-4	1.232593E-2	274.996500	18910561.000000	18910629.000000	-68.000000
970.392000	970.685495	5.725244E-4	1.236975E-2	274.997300	18914066.000000	18914096.000000	-30.000000
970.400000	970.695475	5.805816E-4	1.255142E-2	274.991100	18917478.000000	18917508.000000	-30.000000
970.410000	970.705454	5.841383E-4	1.263025E-2	274.988600	18920866.000000	18920827.000000	39.000000
970.423000	970.715356	5.874445E-4	1.270565E-2	274.978900	18924263.000000	18924291.000000	-28.000000
970.434000	970.725101	5.843997E-4	1.263852E-2	274.991800	18927667.000000	18927697.000000	-30.000000
970.443000	970.734924	5.854175E-4	1.266262E-2	274.988800	18931059.000000	18931087.000000	-28.000000
970.451000	970.744825	5.817704E-4	1.259237E-2	275.002000	18934461.000000	18934487.000000	-26.000000
970.455000	970.754492	5.776803E-4	1.251045E-2	275.008500	18937865.000000	18937894.000000	-29.000000
970.466000	970.764471	5.753520E-4	1.246576E-2	275.016900	18941257.000000	18941286.000000	-29.000000
970.474000	970.774371	5.782753E-4	1.253340E-2	275.027900	18944669.000000	18944697.000000	-28.000000
970.483000	970.784038	5.846513E-4	1.267618E-2	275.031100	18948156.000000	18948185.000000	-29.000000
970.500000	970.793782	5.863424E-4	1.272495E-2	275.040200	18951566.000000	18951594.000000	-28.000000
970.509000	970.803760	5.870834E-4	1.276407E-2	275.034800	18954956.000000	18954986.000000	-30.000000
970.524000	970.813738	5.835146E-4	1.269040E-2	275.029600	18958355.000000	18958381.000000	-26.000000
970.525000	970.823638	5.851017E-4	1.272968E-2	275.030500	18961759.000000	18961788.000000	-29.000000
970.534000	970.833615	5.799383E-4	1.262898E-2	275.034700	18965155.000000	18965181.000000	-26.000000
970.537000	970.843515	5.772829E-4	1.258088E-2	275.027100	18968565.000000	18968594.000000	-29.000000
970.547000	970.853414	5.734836E-4	1.251009E-2	275.017000	18971956.000000	18971984.000000	-28.000000
970.560000	970.863313	5.780157E-4	1.262044E-2	275.014600	18975348.000000	18975378.000000	-30.000000
970.570000	970.873290	5.825237E-4	1.272492E-2	275.011800	18978758.000000	18978784.000000	-26.000000
970.585000	970.883111	5.847596E-4	1.278057E-2	275.011800	18982154.000000	18982184.000000	-30.000000
970.592000	970.892776	5.847958E-4	1.278573E-2	275.009900	18985553.000000	18985582.000000	-29.000000
970.599000	970.902675	5.826116E-4	1.274411E-2	275.012100	18988952.000000	18988978.000000	-26.000000
970.603000	970.912573	5.822598E-4	1.273815E-2	275.005100	18992349.000000	18992378.000000	-29.000000
970.615000	970.922550	5.781100E-4	1.265077E-2	274.997300	18995852.000000	18995880.000000	-28.000000
970.612000	970.932526	5.761056E-4	1.260845E-2	275.006500	18999247.000000	18999277.000000	-30.000000
970.627000	970.942502	5.720190E-4	1.252196E-2	275.000400	19002637.000000	19002710.000000	-73.000000
970.639000	970.952400	5.782927E-4	1.266231E-2	274.982200	19006143.000000	19006174.000000	-31.000000
970.649000	970.962063	5.821576E-4	1.274998E-2	274.984300	19009551.000000	19009579.000000	-28.000000
970.658000	970.971883	5.855838E-4	1.283464E-2	274.989000	19012946.000000	19012973.000000	-27.000000
970.668000	970.981781	5.825374E-4	1.276269E-2	274.990300	19016344.000000	19016373.000000	-29.000000
970.674000	970.991678	5.823108E-4	1.275825E-2	274.986600	19019740.000000	19019808.000000	-68.000000
970.683000	971.001575	5.806279E-4	1.272234E-2	274.991900	19023132.000000	19023210.000000	-78.000000
970.697000	971.011550	5.769988E-4	1.265021E-2	274.988600	19026545.000000	19026571.000000	-26.000000
970.702000	971.021525	5.729574E-4	1.257001E-2	275.001500	19029935.000000	19030008.000000	-73.000000
970.713000	971.031343	5.719726E-4	1.254918E-2	275.004800	19033449.000000	19033474.000000	-25.000000
970.719000	971.041162	5.777755E-4	1.268876E-2	274.997900	19036844.000000	19036907.000000	-63.000000
970.733000	971.050513	5.817251E-4	1.279045E-2	274.997700	19040345.000000	19040373.000000	-28.000000
970.742000	971.060409	5.843351E-4	1.286225E-2	274.995500	19043736.000000	19043765.000000	-29.000000
970.747000	971.070305	5.810615E-4	1.279223E-2	274.992800	19047143.000000	19047172.000000	-29.000000
970.756000	971.080201	5.822753E-4	1.282682E-2	274.987400	19050540.000000	19050568.000000	-28.000000
970.766000	971.089863	5.784564E-4	1.274732E-2	274.990300	19053932.000000	19053960.000000	-28.000000
970.773000	971.099759	5.752867E-4	1.269090E-2	274.983800	19057343.000000	19057373.000000	-30.000000
970.779000	971.109732	5.720638E-4	1.262549E-2	274.987200	19060735.000000	19060766.000000	-31.000000
970.790000	971.119706	5.742066E-4	1.267487E-2	274.996000	19064132.000000	19064200.000000	-68.000000
970.805000	971.129445	5.803136E-4	1.281660E-2	275.011100	19067635.000000	19067659.000000	-24.000000
970.818000	971.139340	5.832687E-4	1.289350E-2	275.020500	19071026.000000	19071055.000000	-29.000000
970.827000	971.149235	5.854981E-4	1.293797E-2	275.022900	19074435.000000	19074462.000000	-27.000000
970.838000	971.159130	5.816536E-4	1.285178E-2	275.020300	19077728.000000	19077793.000000	-65.000000
970.851000	971.169025	5.825542E-4	1.286808E-2	275.023900	19081239.000000	19081268.000000	-29.000000
970.861000	971.178919	5.781093E-4	1.276890E-2	275.026200	19084632.000000	19084661.000000	-29.000000
970.867000	971.188814	5.763741E-4	1.272908E-2	275.042100	19088016.000000	19088089.000000	-73.000000
970.874000	971.198630	5.719689E-4	1.263170E-2	275.011700	19091531.000000	19091555.000000	-24.000000
970.873000	971.208524	5.759427E-4	1.272140E-2	274.987600	19094921.000000	19094951.000000	-30.000000
970.889000	971.218418	5.808214E-4	1.282776E-2	274.961000	19098329.000000	19098356.000000	-27.000000
970.901000	971.228312	5.837556E-4	1.288488E-2	274.946500	19101817.000000	19101842.000000	-25.000000
970.906000	971.237660	5.840304E-4	1.289023E-2	274.954700	19105229.000000	19105255.000000	-26.000000
970.916000	971.247631	5.815942E-4	1.283728E-2	274.963700	19108627.000000	19108696.000000	-69.000000
970.925000	971.257447	5.800398E-4	1.280137E-2	274.981500	19112122.000000	19112152.000000	-30.000000
970.932000	971.267340	5.749114E-4	1.269231E-2	274.991900	19115516.000000	19115544.000000	-28.000000
970.943000	971.277155	5.734517E-4	1.266304E-2	274.999100	19118928.000000	19118956.000000	-28.000000
970.951000	971.286970	5.688755E-4	1.256939E-2	274.983100	19122319.000000	19122347.000000	-28.000000
970.966000	971.296395	1.479376E-3	1.269232E-2	274.965000	19125718.000000	19125747.000000	-29.000000
970.975000	971.305898	5.782400E-4	1.278818E-2	274.961000	19129119.000000	19129192.000000	-73.000000
970.980000	971.315791	5.833433E-4	1.290754E-2	274.964300	19132615.000000	19132645.000000	-30.000000
970.986000	971.325605	5.811312E-4	1.286290E-2	274.982700	19135913.000000	19135985.000000	-72.000000
970.996000	971.335420	5.808444E-4	1.286261E-2	274.983400	19139413.000000	19139440.000000	-27.000000
971.004000	971.345234	5.775147E-4	1.279240E-2	274.996200	19142826.000000	19142854.000000	-28.000000
971.017000	971.355048	5.774270E-4	1.279302E-2	274.997500	19146214.000000	19146243.000000	-29.000000
971.028000	971.364862	5.730318E-4	1.270188E-2	274.983300	19149607.000000	19149637.000000	-30.000000
971.040000	971.374753	5.714567E-4	1.267093E-2	274.994100	19152913.000000	19152989.000000	-76.000000
971.052000	971.384722	5.765667E-4	1.278707E-2	275.000500	19156409.000000	19156437.000000	-28.000000
971.061000	971.394536	5.811857E-4	1.289457E-2	275.003200	19159816.000000	19159845.000000	-29.000000
971.066000	971.404427	5.864009E-4	1.301158E-2	275.002800	19163215.000000	19163243.000000	-28.000000
971.074000	971.413929	5.828384E-4	1.292938E-2	275.006500	19166609.000000	19166637.000000	-28.000000
971.079000	971.423742	5.831888E-4	1.293137E-2	275.000400	19170014.000000	19170044.000000	-30.000000
971.086000	971.433632	5.791725E-4	1.284007E-2	274.993200	19173408.000000	19173439.000000	-31.000000
971.096000	971.443523	5.784820E-4	1.282021E-2	274.997900	19176801.000000	19176830.000000	-29.000000
971.104000	971.453335	5.735829E-4	1.269958E-2	274.996000	19180211.000000	19180240.000000	-29.000000
971.114000	971.463070	5.738709E-4	1.269748E-2	274.988900	19183604.000000	19183634.000000	-30.000000
971.124000	971.472960	5.775546E-4	1.277495E-2	274.993000	19187014.000000	19187044.000000	-30.000000
971.136000	971.482772	5.832224E-4	1.290811E-2	274.981600	19190405.000000	19190434.000000	-29.000000
971.154000	971.441420	5.820755E-4	1.288057E-2	275.007000	19303488.000000	19303517.000000	-29.000000
971.166000	971.451311	5.829368E-4	1.288856E-2	275.007900	19306977.000000	19307006.000000	-29.000000
971.172000	971.461201	5.783651E-4	1.279571E-2	274.998600	19310386.000000	19310414.000000	-28.000000
971.179000	971.471091	5.773788E-4	1.278392E-2	275.000500	19313779.000000	19313806.000000	-27.000000
971.190000	971.480981	5.702214E-4	1.263136E-2	275.000000	19317171.000000	19317196.000000	-25.000000
971.205000	971.490871	5.729054E-4	1.269488E-2	275.021800	19320582.000000	19320611.000000	-29.000000
971.217000	971.500371	5.778788E-4	1.282424E-2	275.035800	19323970.000000	19324049.000000	-79.000000
971.223000	971.510261	5.827925E-4	1.293832E-2	275.043200	19327482.000000	19327512.000000	-30.000000
971.236000	971.520150	5.837730E-4	1.296144E-2	275.018400	19330968.000000	19330999.000000	-31.000000
971.243000	971.530117	5.798267E-4	1.288208E-2	275.007200	19334377.000000	19334406.000000	-29.000000
971.253000	971.540084	5.804633E-4	1.289979E-2	274.988800	19337772.000000	19337797.000000	-25.000000
971.265000	971.549973	5.759053E-4	1.280284E-2	274.977600	19341182.000000	19341209.000000	-27.000000
971.275000	971.559784	5.743016E-4	1.276977E-2	274.975100	19344576.000000	19344605.000000	-29.000000
971.284000	971.569595	5.698818E-4	1.267125E-2	274.985900	19347966.000000	19347995.000000	-29.000000
971.301000	971.579406	5.764918E-4	1.281988E-2	274.980300	19351371.000000	19351401.000000	-30.000000
971.309000	971.589372	5.826924E-4	1.295799E-2	274.982200	19354771.000000	19354800.000000	-29.000000
971.314000	971.599260	5.838690E-4	1.298419E-2	274.988400	19358174.000000	19358202.000000	-28.000000
971.325000	971.609226	5.841089E-4	1.298663E-2	274.992900	19361570.000000	19361601.000000	-31.000000
971.333000	971.618881	5.793760E-4	1.287755E-2	274.999400	19365076.000000	19365101.000000	-25.000000
971.340000	971.628691	5.793154E-4	1.287221E-2	275.009600	19368469.000000	19368497.000000	-28.000000
971.350000	971.638578	5.736971E-4	1.274006E-2	275.003400	19371972.000000	19372002.000000	-30.000000
971.366000	971.648310	5.711822E-4	1.267866E-2	274.998800	19375461.000000	19375491.000000	-30.000000
971.374000	971.658119	5.764800E-4	1.278611E-2	274.998800	19378872.000000	19378901.000000	-29.000000
971.383000	971.668007	5.804543E-4	1.287192E-2	274.990900	19382264.000000	19382292.000000	-28.000000
971.387000	971.677894	5.863845E-4	1.300622E-2	274.999000	19385658.000000	19385684.000000	-26.000000
971.398000	971.687547	5.833127E-4	1.294392E-2	275.007200	19389063.000000	19389090.000000	-27.000000
971.409000	971.697512	5.832601E-4	1.294668E-2	275.010500	19392457.000000	19392482.000000	-25.000000
971.413000	971.707398	5.793696E-4	1.285112E-2	274.997700	19395870.000000	19395934.000000	-64.000000
971.424000	971.716818	5.761129E-4	1.278735E-2	275.004400	19399360.000000	19399383.000000	-23.000000
971.430000	971.726704	5.729516E-4	1.272422E-2	275.009800	19402767.000000	19402796.000000	-29.000000
971.436000	971.736512	5.722494E-4	1.271731E-2	275.011300	19406253.000000	19406280.000000	-27.000000
971.445000	971.746476	5.786686E-4	1.286472E-2	275.010500	19409663.000000	19409693.000000	-30.000000
971.462000	971.756284	5.822824E-4	1.295495E-2	275.009100	19413154.000000	19413184.000000	-30.000000
971.481000	971.766170	5.858996E-4	1.303954E-2	275.015000	19416551.000000	19416620.000000	-69.000000
971.488000	971.776134	5.818440E-4	1.295495E-2	275.006600	19420049.000000	19420079.000000	-30.000000
971.496000	971.786019	5.810575E-4	1.294179E-2	274.994000	19423459.000000	19423486.000000	-27.000000
971.511000	971.795827	5.767430E-4	1.284849E-2	275.004900	19426951.000000	19426978.000000	-27.000000
971.518000	971.805712	5.738887E-4	1.278572E-2	275.011000	19430255.000000	19430325.000000	-70.000000
971.528000	971.815519	5.725405E-4	1.275488E-2	275.010800	19433750.000000	19433779.000000	-29.000000
971.536000	971.825404	5.730302E-4	1.276535E-2	275.005900	19437154.000000	19437182.000000	-28.000000
971.541000	971.835211	5.812739E-4	1.294923E-2	275.009500	19440553.000000	19440578.000000	-25.000000
971.550000	971.845017	5.820467E-4	1.296551E-2	275.004300	19443944.000000	19443973.000000	-29.000000
971.562000	971.854902	5.839328E-4	1.300592E-2	275.001500	19447353.000000	19447381.000000	-28.000000
971.571000	971.864708	5.779430E-4	1.286941E-2	274.993200	19450842.000000	19450871.000000	-29.000000
971.584000	971.874515	5.756183E-4	1.281546E-2	274.993500	19454253.000000	19454279.000000	-26.000000
971.591000	971.884399	5.728935E-4	1.275375E-2	274.999600	19457645.000000	19457674.000000	-29.000000
971.597000	971.894282	5.690894E-4	1.267068E-2	275.001700	19461047.000000	19461074.000000	-27.000000
971.612000	971.904244	5.700451E-4	1.268873E-2	274.993400	19464447.000000	19464477.000000	-30.000000
971.621000	971.914128	5.731080E-4	1.275613E-2	275.007600	19467840.000000	19467867.000000	-27.000000
971.625000	971.923933	5.816613E-4	1.294451E-2	275.006100	19471249.000000	19471280.000000	-31.000000
971.640000	971.933894	5.807463E-4	1.293082E-2	275.007300	19474643.000000	19474671.000000	-28.000000
971.650000	971.943855	5.810522E-4	1.294064E-2	275.002100	19478036.000000	19478067.000000	-31.000000
971.660000	971.953738	5.774650E-4	1.286558E-2	275.014400	19481441.000000	19481469.000000	-28.000000
971.673000	971.963621	5.723906E-4	1.276052E-2	275.016700	19484837.000000	19484867.000000	-30.000000
971.678000	971.973659	5.725067E-4	1.276335E-2	275.003500	19488245.000000	19488273.000000	-28.000000
971.691000	971.983697	5.696915E-4	1.270703E-2	275.013600	19491640.000000	19491665.000000	-25.000000
971.704000	971.993424	5.757700E-4	1.284912E-2	275.016600	19495030.000000	19495059.000000	-29.000000
971.712000	972.003384	5.796989E-4	1.294122E-2	275.023600	19498438.000000	19498466.000000	-28.000000
971.723000	972.013344	5.840012E-4	1.304641E-2	275.024000	19501837.000000	19501864.000000	-27.000000
971.735000	972.022837	5.825736E-4	1.301667E-2	275.036100	19505244.000000	19505272.000000	-28.000000
971.747000	972.032641	5.759368E-4	1.287009E-2	275.040200	19508735.000000	19508767.000000	-32.000000
971.754000	972.042133	5.758768E-4	1.286955E-2	275.044300	19512238.000000	19512269.000000	-31.000000
971.757000	972.052171	5.704676E-4	1.274131E-2	275.044500	19515731.000000	19515757.000000	-26.000000
971.762000	972.062052	5.671692E-4	1.265410E-2	275.051700	19519138.000000	19519167.000000	-29.000000
971.766000	972.071855	5.682902E-4	1.268008E-2	275.046500	19522528.000000	19522556.000000	-28.000000
971.774000	972.081814	5.764857E-4	1.287151E-2	275.049600	19526035.000000	19526063.000000	-28.000000
971.784000	972.091695	5.820001E-4	1.299358E-2	275.047000	19529428.000000	19529456.000000	-28.000000
971.793000	972.101498	5.795545E-4	1.293776E-2	275.042100	19532823.000000	19532913.000000	-90.000000
971.813000	972.111456	5.779942E-4	1.289876E-2	275.044200	19536325.000000	19536352.000000	-27.000000
971.824000	972.121492	5.725422E-4	1.277390E-2	275.042500	19539736.000000	19539767.000000	-31.000000
971.838000	972.131217	1.941896E+0	1.270134E-2	275.028700	19543121.000000	19543206.000000	-85.000000
971.852000	972.140942	5.666882E-4	1.262819E-2	275.014800	19546634.000000	19546663.000000	-29.000000
971.863000	972.150822	5.679060E-4	1.265292E-2	275.012500	19550027.000000	19550055.000000	-28.000000
971.873000	972.160779	5.761710E-4	1.283164E-2	275.004500	19553416.000000	19553445.000000	-29.000000
971.883000	972.170037	5.796245E-4	1.292033E-2	275.007900	19556829.000000	19556861.000000	-32.000000
971.884000	972.170037	5.790368E-4	1.291082E-2	275.002700	19559327.000000	19559355.000000	-28.000000
971.886000	972.179994	5.803192E-4	1.294211E-2	274.999200	19562831.000000	19562861.000000	-30.000000
971.900000	972.190029	5.761393E-4	1.285395E-2	274.993800	19566220.000000	19566300.000000	-80.000000
971.907000	972.199986	5.725802E-4	1.277970E-2	274.983100	19569729.000000	19569759.000000	-30.000000
971.919000	972.209943	5.702874E-4	1.273434E-2	274.985300	19573217.000000	19573245.000000	-28.000000
971.931000	972.219822	5.664808E-4	1.265378E-2	274.988200	19576627.000000	19576655.000000	-28.000000
971.940000	972.229701	5.684833E-4	1.270368E-2	274.993500	19580020.000000	19580089.000000	-69.000000
971.949000	972.239580	5.716783E-4	1.278303E-2	274.984600	19583526.000000	19583557.000000	-31.000000
971.965000	972.249458	5.693919E-4	1.274916E-2	274.975400	19587011.000000	19587040.000000	-29.000000
971.978000	972.259026	5.650860E-4	1.266047E-2	274.988900	19590424.000000	19590452.000000	-28.000000
971.989000	972.268904	5.633325E-4	1.261901E-2	274.999700	19593817.000000	19593843.000000	-26.000000
971.997000	972.278860	5.580208E-4	1.250218E-2	274.992100	19597212.000000	19597241.000000	-29.000000
972.007000	972.288816	5.567735E-4	1.247323E-2	274.989800	19600624.000000	19600653.000000	-29.000000
972.019000	972.298616	5.552465E-4	1.243869E-2	274.989300	19604107.000000	19604069.000000	38.000000
972.028000	972.308571	5.606521E-4	1.255993E-2	274.994200	19607518.000000	19607544.000000	-26.000000
972.038000	972.318526	5.665238E-4	1.268567E-2	275.001300	19610908.000000	19610935.000000	-27.000000
972.056000	972.301338	5.687841E-4	1.273055E-2	274.986000	19661408.000000	19661437.000000	-29.000000
972.060000	972.311293	5.614841E-4	1.258073E-2	274.975100	19664802.000000	19664827.000000	-25.000000
972.074000	972.321404	5.596262E-4	1.254011E-2	274.970800	19668195.000000	19668222.000000	-27.000000
972.085000	972.331437	5.550044E-4	1.241861E-2	274.972600	19671599.000000	19671627.000000	-28.000000
972.094000	972.341392	5.540286E-4	1.239774E-2	274.976300	19674999.000000	19675025.000000	-26.000000
972.101000	972.351191	5.576889E-4	1.247920E-2	274.971400	19678407.000000	19678439.000000	-32.000000
972.109000	972.360679	5.628189E-4	1.259555E-2	274.971500	19681893.000000	19681920.000000	-27.000000
972.125000	972.370556	5.684066E-4	1.272743E-2	274.976200	19685304.000000	19685334.000000	-30.000000
972.140000	972.380510	5.652267E-4	1.266306E-2	274.967000	19688794.000000	19688821.000000	-27.000000
972.147000	972.390464	5.631450E-4	1.262194E-2	274.970400	19692199.000000	19692227.000000	-28.000000
972.158000	972.400341	5.582558E-4	1.251942E-2	274.973500	19695601.000000	19695666.000000	-65.000000
972.172000	972.410372	5.555849E-4	1.246571E-2	274.987400	19699097.000000	19699126.000000	-29.000000
972.179000	972.420326	5.532387E-4	1.242240E-2	274.985500	19702491.000000	19702517.000000	-26.000000
972.190000	972.430280	5.544036E-4	1.245594E-2	274.983500	19705888.000000	19705919.000000	-31.000000
972.202000	972.442877	5.652681E-4	1.273030E-2	275.006500	19754175.000000	19754202.000000	-27.000000
972.213000	972.452753	5.654194E-4	1.274017E-2	275.011900	19757576.000000	19757603.000000	-27.000000
972.225000	972.462161	5.616176E-4	1.265240E-2	275.014500	19760986.000000	19761013.000000	-27.000000
972.233000	972.471959	5.551812E-4	1.251741E-2	275.005100	19764477.000000	19764506.000000	-29.000000
972.244000	972.481912	5.528797E-4	1.246637E-2	275.010100	19767878.000000	19767908.000000	-30.000000
972.255000	972.491865	5.490805E-4	1.238402E-2	274.999600	19771273.000000	19771303.000000	-30.000000
972.266000	972.501739	5.533210E-4	1.248174E-2	275.008200	19774682.000000	19774711.000000	-29.000000
972.273000	972.511536	5.569843E-4	1.256247E-2	275.006100	19778076.000000	19778105.000000	-29.000000
972.277000	972.521566	5.100098E-4	1.267901E-2	275.012800	19781470.000000	19781497.000000	-27.000000
972.284000	972.531518	5.657685E-4	1.275134E-2	275.003700	19784873.000000	19784902.000000	-29.000000
972.300000	972.541392	5.602557E-4	1.262470E-2	275.005200	19788268.000000	19788293.000000	-25.000000
972.308000	972.551267	5.586078E-4	1.258306E-2	275.010500	19791679.000000	19791624.000000	55.000000
972.318000	972.560829	5.535275E-4	1.246394E-2	275.017900	19795072.000000	19795098.000000	-26.000000
972.335000	972.574901	5.571884E-4	1.255879E-2	275.040400	19839753.000000	19839782.000000	-29.000000
972.347000	972.584853	5.581860E-4	1.258476E-2	275.026300	19843165.000000	19843195.000000	-30.000000
972.359000	972.594804	5.647837E-4	1.273818E-2	275.033800	19846555.000000	19846585.000000	-30.000000
972.371000	972.604755	5.644646E-4	1.273174E-2	275.041600	19849958.000000	19849986.000000	-28.000000
972.381000	972.614628	5.627857E-4	1.270125E-2	275.032600	19853361.000000	19853389.000000	-28.000000
972.386000	972.624501	5.582617E-4	1.260187E-2	275.026400	19856764.000000	19856828.000000	-64.000000
972.394000	972.634529	5.519165E-4	1.246950E-2	275.015000	19860262.000000	19860290.000000	-28.000000
972.402000	972.644480	5.527407E-4	1.248897E-2	274.994600	19863763.000000	19863792.000000	-29.000000
972.415000	972.654352	5.522512E-4	1.248686E-2	274.989400	19867250.000000	19867277.000000	-27.000000
972.437000	972.664302	5.571213E-4	1.260242E-2	274.993800	19870659.000000	19870684.000000	-25.000000
972.456000	972.674330	5.605523E-4	1.267974E-2	274.998800	19874056.000000	19874084.000000	-28.000000
972.465000	972.684357	5.623251E-4	1.272422E-2	274.999900	19877446.000000	19877534.000000	-88.000000
972.475000	972.694074	5.601847E-4	1.267346E-2	275.000000	19880952.000000	19880977.000000	-25.000000
972.485000	972.703324	5.520271E-4	1.249170E-2	274.997500	19884354.000000	19884426.000000	-72.000000
972.491000	972.713273	5.498230E-4	1.243272E-2	274.995800	19887852.000000	19887877.000000	-25.000000
972.504000	972.723145	8.004385E-1	1.239234E-2	274.999600	19891245.000000	19891274.000000	-29.000000
972.512000	972.733094	5.491201E-4	1.241442E-2	275.002600	19894751.000000	19894777.000000	-26.000000
972.528000	972.743043	5.556952E-4	1.256260E-2	275.001400	19898145.000000	19898172.000000	-27.000000
972.537000	972.752836	5.576076E-4	1.259994E-2	274.995200	19901554.000000	19901581.000000	-27.000000
972.548000	972.762785	5.633496E-4	1.271900E-2	274.984300	19905040.000000	19905069.000000	-29.000000
972.556000	972.772733	5.582897E-4	1.259703E-2	274.987100	19908449.000000	19908479.000000	-30.000000
972.568000	972.782681	5.521286E-4	1.245262E-2	274.988900	19911945.000000	19911974.000000	-29.000000
972.574000	972.792163	5.513821E-4	1.244165E-2	274.992400	19915445.000000	19915474.000000	-29.000000
972.567000	972.802111	9.687119E+0	1.238053E-2	274.980700	19918848.000000	19918875.000000	-27.000000
972.584000	972.812059	5.534656E-4	1.250326E-2	274.990100	19922339.000000	19922370.000000	-31.000000
972.598000	972.822007	5.565851E-4	1.257017E-2	274.989400	19925848.000000	19925877.000000	-29.000000
972.605000	972.831955	5.620601E-4	1.269770E-2	274.987100	19929334.000000	19929361.000000	-27.000000
972.614000	972.841591	5.659119E-4	1.278282E-2	274.991500	19932743.000000	19932773.000000	-30.000000
972.623000	972.851538	5.613541E-4	1.268809E-2	274.989300	19936135.000000	19936161.000000	-26.000000
972.636000	972.861408	5.574706E-4	1.260551E-2	274.991500	19939546.000000	19939577.000000	-31.000000
972.647000	972.871199	5.524140E-4	1.249669E-2	274.986000	19943036.000000	19943066.000000	-30.000000
972.657000	972.880991	5.510059E-4	1.246916E-2	274.994400	19946545.000000	19946573.000000	-28.000000
972.671000	972.890938	5.534919E-4	1.253243E-2	274.982800	19949943.000000	19950011.000000	-68.000000
972.683000	972.900884	5.555690E-4	1.257731E-2	274.988900	19953441.000000	19953469.000000	-28.000000
972.692000	972.910287	5.623062E-4	1.272466E-2	274.996400	19956842.000000	19956912.000000	-70.000000
972.693000	972.920155	5.616251E-4	1.270467E-2	274.991100	19960338.000000	19960367.000000	-29.000000
972.699000	972.930101	5.601445E-4	1.267329E-2	274.995200	19963730.000000	19963759.000000	-29.000000
972.713000	972.939969	5.559042E-4	1.258382E-2	274.996000	19967142.000000	19967172.000000	-30.000000
972.725000	972.949915	5.489527E-4	1.242360E-2	274.997600	19970536.000000	19970564.000000	-28.000000
972.749000	972.952324	5.506728E-4	1.244454E-2	275.004800	20011928.000000	20011958.000000	-30.000000
972.756000	972.962270	5.566452E-4	1.257341E-2	275.012600	20015322.000000	20015350.000000	-28.000000
972.771000	972.972215	5.614775E-4	1.267618E-2	275.011700	20018725.000000	20018755.000000	-30.000000
972.783000	972.982160	5.621511E-4	1.268951E-2	275.009700	20022123.000000	20022155.000000	-32.000000
972.791000	972.992106	5.625536E-4	1.269630E-2	275.015500	20025516.000000	20025545.000000	-29.000000
972.803000	973.002051	5.549346E-4	1.252437E-2	275.016400	20028927.000000	20028955.000000	-28.000000
972.811000	973.011995	5.499029E-4	1.240955E-2	275.021200	20032418.000000	20032449.000000	-31.000000
972.821000	973.021862	5.503351E-4	1.241419E-2	275.022300	20035822.000000	20035852.000000	-30.000000
972.828000	973.031885	5.515519E-4	1.244462E-2	275.026700	20039314.000000	20039343.000000	-29.000000
972.837000	973.041907	5.572288E-4	1.257420E-2	275.039700	20042724.000000	20042750.000000	-26.000000
972.850000	973.051851	5.606241E-4	1.265386E-2	275.036000	20046118.000000	20046146.000000	-28.000000
972.862000	973.061795	5.640743E-4	1.273755E-2	275.023300	20049621.000000	20049648.000000	-27.000000
972.873000	973.071739	5.618228E-4	1.269010E-2	275.021000	20052918.000000	20052997.000000	-79.000000
972.889000	973.081761	5.546155E-4	1.253202E-2	275.024500	20056411.000000	20056441.000000	-30.000000
972.901000	973.091316	5.518289E-4	1.247306E-2	275.019500	20059816.000000	20059843.000000	-27.000000
972.911000	973.101260	5.488013E-4	1.240681E-2	274.997900	20063207.000000	20063235.000000	-28.000000
972.919000	973.111125	5.534552E-4	1.250772E-2	274.992000	20066617.000000	20066644.000000	-27.000000
972.928000	973.121068	5.573547E-4	1.259674E-2	274.984900	20070013.000000	20070040.000000	-27.000000
972.940000	973.130934	8.004493E-1	1.269492E-2	274.981000	20073404.000000	20073434.000000	-30.000000
972.946000	973.140488	5.662370E-4	1.279863E-2	274.974200	20076814.000000	20076846.000000	-32.000000
972.955000	973.150431	5.617626E-4	1.269477E-2	274.975200	20080303.000000	20080332.000000	-29.000000
972.964000	973.160374	5.578689E-4	1.260570E-2	274.981200	20083710.000000	20083739.000000	-29.000000
972.975000	973.170316	5.520937E-4	1.247007E-2	274.984300	20087200.000000	20087228.000000	-28.000000
972.984000	973.180103	5.499634E-4	1.241868E-2	274.974000	20090607.000000	20090636.000000	-29.000000
972.994000	973.190045	5.555047E-4	1.253959E-2	274.986200	20094004.000000	20094035.000000	-31.000000
973.005000	973.200065	5.562660E-4	1.255254E-2	274.991900	20097411.000000	20097438.000000	-27.000000
973.016000	973.210007	5.628460E-4	1.269230E-2	274.995800	20100805.000000	20100832.000000	-27.000000
973.027000	973.219871	5.655596E-4	1.274986E-2	274.993100	20104198.000000	20104229.000000	-31.000000
973.039000	973.229424	5.618624E-4	1.267245E-2	274.997400	20107608.000000	20107638.000000	-30.000000
973.052000	973.239366	5.577453E-4	1.257791E-2	274.984400	20111094.000000	20111123.000000	-29.000000
973.065000	973.249307	5.500024E-4	1.240476E-2	274.979100	20114505.000000	20114534.000000	-29.000000
973.078000	973.259015	5.506343E-4	1.242030E-2	274.985500	20117899.000000	20117926.000000	-27.000000
973.090000	973.268956	5.535375E-4	1.249133E-2	274.997200	20121296.000000	20121323.000000	-27.000000
973.094000	973.278897	5.555042E-4	1.253731E-2	274.992400	20124703.000000	20124732.000000	-29.000000
973.104000	973.288760	5.608588E-4	1.266165E-2	275.000100	20128195.000000	20128224.000000	-29.000000
973.112000	973.298778	5.609325E-4	1.266636E-2	274.988100	20131597.000000	20131564.000000	33.000000
973.121000	973.308408	5.599372E-4	1.265022E-2	274.996600	20134995.000000	20135025.000000	-30.000000
973.129000	973.318271	5.540798E-4	1.252072E-2	275.003200	20138401.000000	20138430.000000	-29.000000
973.139000	973.328133	5.479981E-4	1.237810E-2	275.005800	20141794.000000	20141820.000000	-26.000000
973.159000	973.331473	5.502416E-4	1.243591E-2	274.992300	20180787.000000	20180815.000000	-28.000000
973.167000	973.341412	5.558226E-4	1.256108E-2	274.988400	20184288.000000	20184316.000000	-28.000000
973.181000	973.351352	5.577421E-4	1.260458E-2	274.984300	20187686.000000	20187713.000000	-27.000000
973.181000	973.351352	5.577391E-4	1.260440E-2	274.988000	20190097.000000	20190165.000000	-68.000000
973.199000	973.369989	5.648404E-4	1.273280E-2	275.001000	20359852.000000	20359929.000000	-77.000000
973.209000	973.380006	5.600340E-4	1.262261E-2	274.991400	20363340.000000	20363368.000000	-28.000000
973.220000	973.389867	5.546798E-4	1.249776E-2	275.004400	20366748.000000	20366777.000000	-29.000000
973.234000	973.399806	5.498887E-4	1.238595E-2	275.004100	20370139.000000	20370170.000000	-31.000000
973.245000	973.409745	5.547777E-4	1.249236E-2	275.010900	20373546.000000	20373577.000000	-31.000000
973.253000	973.419684	5.560949E-4	1.252008E-2	275.019700	20377038.000000	20377067.000000	-29.000000
973.262000	973.429545	5.618211E-4	1.264450E-2	275.030600	20380450.000000	20380477.000000	-27.000000
973.270000	973.439483	5.641024E-4	1.269333E-2	275.036700	20383843.000000	20383874.000000	-31.000000
973.279000	973.449189	5.649466E-4	1.270881E-2	275.044600	20387350.000000	20387379.000000	-29.000000
973.288000	973.459127	5.632937E-4	1.266102E-2	275.043200	20390751.000000	20390822.000000	-71.000000
973.296000	973.468987	5.550971E-4	1.247763E-2	275.047900	20394245.000000	20394273.000000	-28.000000
973.302000	973.479003	5.513302E-4	1.239962E-2	275.042200	20397730.000000	20397760.000000	-30.000000
973.308000	973.488785	5.492117E-4	1.235675E-2	275.036500	20401145.000000	20401172.000000	-27.000000
973.319000	973.498645	5.552523E-4	1.250120E-2	275.032800	20404537.000000	20404565.000000	-28.000000
973.343000	973.512620	5.601645E-4	1.263939E-2	275.013600	20436229.000000	20436256.000000	-27.000000
973.358000	973.522557	5.503204E-4	1.270286E-2	275.020200	20439620.000000	20439646.000000	-26.000000
973.370000	973.532416	5.586601E-4	1.262140E-2	275.021000	20443027.000000	20443054.000000	-27.000000
973.378000	973.542353	5.551211E-4	1.254206E-2	275.022300	20446424.000000	20446454.000000	-30.000000
973.391000	973.551979	5.456430E-4	1.232938E-2	275.031500	20449828.000000	20449858.000000	-30.000000
973.388000	973.561528	5.461369E-4	1.234063E-2	275.020300	20453225.000000	20453255.000000	-30.000000
973.398000	973.571154	5.485384E-4	1.239361E-2	275.013900	20456617.000000	20456645.000000	-28.000000
973.406000	973.581168	5.528342E-4	1.249443E-2	274.996900	20460026.000000	20460056.000000	-30.000000
973.421000	973.591104	5.573497E-4	1.259028E-2	274.999800	20463416.000000	20463446.000000	-30.000000
973.432000	973.601040	5.596140E-4	1.263894E-2	274.987600	20466726.000000	20466809.000000	-83.000000
973.444000	973.610976	5.623875E-4	1.269818E-2	274.985900	20470220.000000	20470247.000000	-27.000000
973.451000	973.620911	5.555821E-4	1.254749E-2	274.981900	20473616.000000	20473643.000000	-27.000000
973.463000	973.630847	5.513941E-4	1.244883E-2	274.970800	20477024.000000	20477050.000000	-26.000000
973.472000	973.640782	5.461566E-4	1.232578E-2	274.985400	20480419.000000	20480447.000000	-28.000000
973.481000	973.650718	5.482488E-4	1.237997E-2	274.984100	20483819.000000	20483848.000000	-29.000000
973.492000	973.660653	5.535583E-4	1.249563E-2	274.983100	20487219.000000	20487248.000000	-29.000000
973.501000	973.670588	5.561808E-4	1.254813E-2	274.978900	20490613.000000	20490645.000000	-32.000000
973.516000	973.680522	5.613502E-4	1.265998E-2	274.975300	20494023.000000	20494052.000000	-29.000000
973.527000	973.690535	5.601523E-4	1.263145E-2	274.967600	20497510.000000	20497539.000000	-29.000000
973.539000	973.700314	5.598060E-4	1.262094E-2	274.969400	20500919.000000	20500950.000000	-31.000000
973.551000	973.710248	5.525184E-4	1.245730E-2	274.960100	20504316.000000	20504346.000000	-30.000000
973.562000	973.719950	5.460452E-4	1.231592E-2	274.967500	20507820.000000	20507851.000000	-31.000000
973.572000	973.729884	5.481730E-4	1.237472E-2	274.965600	20511308.000000	20511338.000000	-30.000000
973.580000	973.739663	5.511066E-4	1.244299E-2	274.962500	20514716.000000	20514746.000000	-30.000000
973.585000	973.749674	5.567183E-4	1.257508E-2	274.960700	20518207.000000	20518236.000000	-29.000000
973.598000	973.759763	5.574977E-4	1.260317E-2	274.954400	20521615.000000	20521642.000000	-27.000000
973.607000	973.769696	5.613424E-4	1.269702E-2	274.959600	20525010.000000	20525039.000000	-29.000000
973.617000	973.779397	5.593381E-4	1.265519E-2	274.959000	20528403.000000	20528427.000000	-24.000000
973.628000	973.789408	5.538112E-4	1.253419E-2	274.960500	20531813.000000	20531844.000000	-31.000000
973.638000	973.799418	5.472473E-4	1.239682E-2	274.961800	20535300.000000	20535330.000000	-30.000000
973.648000	973.809429	5.426580E-4	1.229831E-2	274.960800	20538711.000000	20538739.000000	-28.000000
973.654000	973.819361	5.486817E-4	1.243372E-2	274.959500	20542103.000000	20542131.000000	-28.000000
973.664000	973.829139	5.500752E-4	1.247597E-2	274.960000	20545508.000000	20545534.000000	-26.000000
973.670000	973.838838	5.563224E-4	1.261512E-2	274.963600	20548911.000000	20548977.000000	-66.000000
973.674000	973.848848	5.568640E-4	1.262343E-2	274.958700	20552409.000000	20552438.000000	-29.000000
973.685000	973.858703	5.573367E-4	1.262941E-2	274.963300	20555896.000000	20555924.000000	-28.000000
973.687000	973.868712	5.544952E-4	1.255704E-2	274.957900	20559308.000000	20559339.000000	-31.000000
973.692000	973.878644	5.458509E-4	1.236491E-2	274.963000	20562797.000000	20562828.000000	-31.000000
973.703000	973.888498	5.419213E-4	1.226843E-2	274.986600	20566300.000000	20566326.000000	-26.000000
973.712000	973.898352	5.408942E-4	1.223859E-2	275.000300	20569693.000000	20569719.000000	-26.000000
973.719000	973.908284	5.467369E-4	1.235815E-2	275.008800	20573101.000000	20573129.000000	-28.000000
973.731000	973.918215	5.486773E-4	1.240153E-2	275.009300	20576493.000000	20576523.000000	-30.000000
973.744000	973.928223	5.536112E-4	1.252310E-2	275.007000	20579899.000000	20579930.000000	-31.000000
973.758000	973.938154	5.552358E-4	1.257439E-2	274.999200	20583301.000000	20583328.000000	-27.000000
973.770000	973.948085	5.529592E-4	1.252431E-2	275.003800	20586692.000000	20586723.000000	-31.000000
973.780000	973.958093	5.483207E-4	1.242029E-2	275.011800	20590100.000000	20590128.000000	-28.000000
973.790000	973.968024	5.391793E-4	1.221380E-2	275.004500	20593412.000000	20593478.000000	-66.000000
973.799000	973.978032	5.413161E-4	1.226376E-2	275.006200	20596892.000000	20596920.000000	-28.000000
973.808000	973.987962	5.443674E-4	1.233588E-2	275.007400	20600296.000000	20600321.000000	-25.000000
973.818000	973.997892	5.507068E-4	1.248377E-2	275.006000	20603708.000000	20603770.000000	-62.000000
973.829000	974.007667	5.542388E-4	1.256988E-2	275.004200	20607193.000000	20607224.000000	-31.000000
973.840000	974.017674	5.551724E-4	1.260928E-2	275.008800	20610611.000000	20610670.000000	-59.000000
973.854000	974.027526	5.570937E-4	1.265541E-2	275.015900	20614000.000000	20614070.000000	-70.000000
973.867000	974.037456	5.491464E-4	1.247189E-2	275.015700	20617485.000000	20617515.000000	-30.000000
973.876000	974.047385	5.424887E-4	1.231440E-2	275.020700	20620891.000000	20620920.000000	-29.000000
973.886000	974.057159	5.399942E-4	1.225994E-2	275.022500	20624288.000000	20624315.000000	-27.000000
973.898000	974.067088	9.262757E-1	1.236640E-2	275.013800	20627682.000000	20627704.000000	-22.000000
973.905000	974.077094	5.503392E-4	1.249151E-2	275.004000	20631087.000000	20631118.000000	-31.000000
973.919000	974.087100	5.508040E-4	1.249047E-2	275.008100	20634587.000000	20634615.000000	-28.000000
973.930000	974.097029	5.555711E-4	1.260213E-2	275.015400	20637986.000000	20638015.000000	-29.000000
973.942000	974.106957	5.550487E-4	1.259334E-2	275.004900	20641376.000000	20641402.000000	-26.000000
973.947000	974.116886	5.527096E-4	1.253031E-2	275.004000	20644786.000000	20644815.000000	-29.000000
973.956000	974.126814	5.438057E-4	1.232157E-2	274.998300	20648276.000000	20648305.000000	-29.000000
973.959000	974.136819	5.374132E-4	1.218276E-2	274.998300	20651597.000000	20651665.000000	-68.000000
973.969000	974.146747	5.425525E-4	-3.901595E-1	274.996600	20655075.000000	20655104.000000	-29.000000
973.977000	974.156752	5.445112E-4	1.233804E-2	274.990500	20658584.000000	20658613.000000	-29.000000
973.984000	974.166757	5.500986E-4	1.246355E-2	274.986600	20661979.000000	20662006.000000	-27.000000
973.991000	974.176762	5.505183E-4	1.247288E-2	274.989700	20665385.000000	20665411.000000	-26.000000
974.000000	974.186689	5.514306E-4	1.251058E-2	274.990500	20668784.000000	20668812.000000	-28.000000
974.009000	974.196616	5.485581E-4	1.244004E-2	274.987300	20672171.000000	20672203.000000	-32.000000
974.024000	974.206466	5.407210E-4	1.226876E-2	274.991200	20675580.000000	20675606.000000	-26.000000
974.037000	974.216392	5.361745E-4	1.217878E-2	275.001200	20679071.000000	20679102.000000	-31.000000
974.044000	974.226241	5.347585E-4	1.214905E-2	275.004100	20682486.000000	20682553.000000	-67.000000
974.053000	974.236245	5.417187E-4	1.231502E-2	275.003700	20685968.000000	20685995.000000	-27.000000
974.063000	974.246172	5.446527E-4	1.238677E-2	275.004000	20689376.000000	20689407.000000	-31.000000
974.074000	974.256020	5.492085E-4	1.249529E-2	275.010300	20692766.000000	20692793.000000	-27.000000
974.083000	974.265946	5.514436E-4	1.253603E-2	275.021900	20696179.000000	20696209.000000	-30.000000
974.094000	974.276027	5.506147E-4	1.252275E-2	275.022200	20699475.000000	20699560.000000	-85.000000
974.106000	974.285953	5.475639E-4	1.246140E-2	275.018500	20702962.000000	20702991.000000	-29.000000
974.118000	974.295879	5.375486E-4	1.223892E-2	275.026600	20706373.000000	20706402.000000	-29.000000
974.130000	974.305804	5.377818E-4	1.224562E-2	275.025500	20709765.000000	20709794.000000	-29.000000
974.138000	974.315729	5.413370E-4	1.231283E-2	275.022000	20713167.000000	20713196.000000	-29.000000
974.150000	974.325732	5.476629E-4	1.245791E-2	275.025300	20716567.000000	20716594.000000	-27.000000
974.160000	974.335657	5.497541E-4	1.250415E-2	275.026400	20719965.000000	20719996.000000	-31.000000
974.169000	974.345659	5.508633E-4	1.252824E-2	275.032100	20723372.000000	20723398.000000	-26.000000
974.181000	974.355584	5.529263E-4	1.257286E-2	275.037500	20726765.000000	20726795.000000	-30.000000
974.195000	974.365431	8.004376E-1	1.243575E-2	275.022100	20730159.000000	20730187.000000	-28.000000
974.207000	974.375433	5.423717E-4	1.232307E-2	274.996800	20733565.000000	20733595.000000	-30.000000
974.215000	974.385279	5.351268E-4	1.215694E-2	275.002400	20737056.000000	20737087.000000	-31.000000
974.213000	974.395281	5.381616E-4	1.222822E-2	275.007100	20740465.000000	20740490.000000	-25.000000
974.225000	974.405205	5.435973E-4	1.234893E-2	275.014300	20743954.000000	20743982.000000	-28.000000
974.236000	974.415128	5.468353E-4	1.241440E-2	275.025300	20747364.000000	20747395.000000	-31.000000
974.247000	974.425052	5.494047E-4	1.247827E-2	275.022300	20750859.000000	20750888.000000	-29.000000
974.257000	974.434898	5.479625E-4	1.244268E-2	275.023000	20754261.000000	20754289.000000	-28.000000
974.268000	974.444821	5.487221E-4	1.246593E-2	275.018300	20757753.000000	20757782.000000	-29.000000
974.278000	974.454744	5.409522E-4	4.618335E-1	275.020400	20761064.000000	20761132.000000	-68.000000
974.292000	974.464667	5.341223E-4	1.213820E-2	274.996700	20764554.000000	20764583.000000	-29.000000
974.303000	974.474590	5.345496E-4	1.214948E-2	275.000900	20767965.000000	20767994.000000	-29.000000
974.311000	974.484668	5.390754E-4	1.225967E-2	275.000700	20771449.000000	20771480.000000	-31.000000
974.322000	974.494668	5.456563E-4	1.241364E-2	274.998400	20774861.000000	20774892.000000	-31.000000
974.333000	974.504668	5.458463E-4	1.242780E-2	274.985600	20778262.000000	20778330.000000	-68.000000
974.341000	974.514668	5.498527E-4	1.251104E-2	274.981800	20781756.000000	20781784.000000	-28.000000
974.352000	974.524590	5.477568E-4	1.246608E-2	274.977100	20785164.000000	20785232.000000	-68.000000
974.358000	974.534589	5.442819E-4	1.239003E-2	274.976900	20788656.000000	20788683.000000	-27.000000
974.368000	974.544356	5.358119E-4	1.218978E-2	274.986900	20792065.000000	20792136.000000	-71.000000
974.363000	974.554278	5.323527E-4	4.096853E-1	275.001400	20795552.000000	20795579.000000	-27.000000
974.371000	974.564354	5.389576E-4	1.225156E-2	275.000100	20799042.000000	20799069.000000	-27.000000
974.377000	974.574353	5.427634E-4	1.233185E-2	275.017600	20802366.000000	20802429.000000	-63.000000
974.391000	974.584352	5.476893E-4	1.243799E-2	275.019600	20805844.000000	20805874.000000	-30.000000
974.405000	974.594195	4.476511E-4	1.243086E-2	275.018800	20809251.000000	20809280.000000	-29.000000
974.414000	974.604271	5.482337E-4	1.243644E-2	275.018100	20812647.000000	20812675.000000	-28.000000
974.430000	974.614192	5.452268E-4	1.236277E-2	275.024900	20815958.000000	20816022.000000	-64.000000
974.445000	974.624113	5.358114E-4	1.214301E-2	275.021500	20819450.000000	20819481.000000	-31.000000
974.461000	974.634033	5.338917E-4	1.210005E-2	275.019400	20822937.000000	20822965.000000	-28.000000
974.464000	974.643798	5.353269E-4	1.212846E-2	275.014100	20826343.000000	20826373.000000	-30.000000
974.474000	974.653641	5.444253E-4	1.234223E-2	275.005300	20829739.000000	20829765.000000	-26.000000
974.474000	974.663561	5.471521E-4	1.240850E-2	275.003600	20833145.000000	20833174.000000	-29.000000
974.486000	974.673481	5.487635E-4	1.243990E-2	275.006700	20836542.000000	20836570.000000	-28.000000
974.499000	974.683400	5.495773E-4	1.246251E-2	274.995100	20839959.000000	20840024.000000	-65.000000
974.514000	974.693010	5.461752E-4	1.239025E-2	274.996400	20843442.000000	20843470.000000	-28.000000
974.529000	974.702929	5.414376E-4	1.229302E-2	275.004800	20846828.000000	20846856.000000	-28.000000
974.535000	974.712849	5.325021E-4	1.209516E-2	275.006900	20850239.000000	20850266.000000	-27.000000
974.540000	974.722923	5.347937E-4	1.215043E-2	275.014000	20853643.000000	20853716.000000	-73.000000
974.551000	974.732842	5.389355E-4	1.224573E-2	275.023900	20857137.000000	20857165.000000	-28.000000
974.561000	974.742606	5.445036E-4	1.237592E-2	275.020500	20860529.000000	20860557.000000	-28.000000
974.566000	974.752602	5.449830E-4	1.238298E-2	275.024700	20863943.000000	20863975.000000	-32.000000
974.579000	974.762598	5.425114E-4	1.231588E-2	275.035500	20867335.000000	20867365.000000	-30.000000
974.587000	974.772516	8.004337E-1	1.229854E-2	275.031700	20870724.000000	20870752.000000	-28.000000
974.598000	974.782512	5.388935E-4	1.224148E-2	275.039200	20874134.000000	20874161.000000	-27.000000
974.611000	974.792352	5.352248E-4	1.216253E-2	275.017100	20877526.000000	20877549.000000	-23.000000
974.612000	974.792352	5.349852E-4	1.215653E-2	274.984600	20880023.000000	20880048.000000	-25.000000
974.618000	974.802348	5.283727E-4	1.200467E-2	274.962800	20883437.000000	20883466.000000	-29.000000
974.627000	974.812343	5.331817E-4	1.211020E-2	274.962900	20886825.000000	20886852.000000	-27.000000
974.636000	974.822106	5.386713E-4	1.222848E-2	274.948600	20890232.000000	20890262.000000	-30.000000
974.650000	974.831791	5.423149E-4	1.230600E-2	274.954200	20893720.000000	20893751.000000	-31.000000
974.658000	974.841708	5.440729E-4	1.234078E-2	274.957400	20897134.000000	20897162.000000	-28.000000
974.670000	974.851625	5.421220E-4	1.229342E-2	274.961800	20900523.000000	20900549.000000	-26.000000
974.679000	974.861620	5.424664E-4	1.229681E-2	274.972900	20903919.000000	20903947.000000	-28.000000
974.687000	974.871614	5.345896E-4	1.211520E-2	274.972800	20907329.000000	20907353.000000	-24.000000
974.696000	974.881531	5.297333E-4	1.200292E-2	274.976000	20910816.000000	20910841.000000	-25.000000
974.705000	974.891447	5.278575E-4	1.195569E-2	274.985100	20914228.000000	20914253.000000	-25.000000
974.714000	974.901364	5.363427E-4	1.214619E-2	274.978100	20917715.000000	20917742.000000	-27.000000
974.725000	974.911202	5.422280E-4	1.227581E-2	274.986000	20921125.000000	20921153.000000	-28.000000
974.735000	974.921119	5.440329E-4	1.231990E-2	274.988400	20924518.000000	20924547.000000	-29.000000
974.741000	974.931035	5.471998E-4	1.239304E-2	274.982600	20927923.000000	20927953.000000	-30.000000
974.744000	974.940950	5.449141E-4	1.234656E-2	274.985900	20931315.000000	20931342.000000	-27.000000
974.749000	974.951021	5.429210E-4	1.230737E-2	274.984700	20934713.000000	20934740.000000	-27.000000
974.762000	974.961014	5.336228E-4	1.209807E-2	274.967400	20938125.000000	20938198.000000	-73.000000
974.774000	974.971007	5.318698E-4	1.206065E-2	274.982800	20941612.000000	20941640.000000	-28.000000
974.784000	974.980922	5.339997E-4	1.211133E-2	274.995800	20945028.000000	20945098.000000	-70.000000
974.799000	974.990605	5.410188E-4	1.227080E-2	274.988200	20948509.000000	20948535.000000	-26.000000
974.811000	975.000597	5.464212E-4	1.239535E-2	274.998600	20951913.000000	20951940.000000	-27.000000






