969.072000	969.258661	4.939752E-4	5.534822E+0	79.968700	3197125835.000000	3197125863.000000	-28.000000
969.073000	969.257567	4.936119E-4	1.102065E-2	79.974600	3197128928.000000	3197128994.000000	-66.000000
969.074000	969.256474	4.930893E-4	1.100975E-2	79.966700	3197132026.000000	3197132053.000000	-27.000000
969.075000	969.255380	4.928409E-4	1.100494E-2	79.983800	3197135131.000000	3197135159.000000	-28.000000
969.075000	969.254364	4.929339E-4	1.100861E-2	79.987100	3197138231.000000	3197138258.000000	-27.000000
969.075000	969.253270	4.928336E-4	1.100715E-2	80.010600	3197141323.000000	3197141349.000000	-26.000000
969.075000	969.252254	4.924843E-4	1.099756E-2	80.010900	3197144429.000000	3197144458.000000	-29.000000
969.073000	969.251239	4.927144E-4	1.100327E-2	80.016400	3197147532.000000	3197147562.000000	-30.000000
969.072000	969.250223	4.930218E-4	1.100769E-2	80.039600	3197150621.000000	3197150649.000000	-28.000000
969.070000	969.249207	4.934430E-4	1.101619E-2	80.037100	3197153723.000000	3197153752.000000	-29.000000
969.070000	969.248191	4.929819E-4	1.100935E-2	80.036200	3197156714.000000	3197156795.000000	-81.000000
969.069000	969.247254	4.934112E-4	1.101900E-2	80.027500	3197159823.000000	3197159853.000000	-30.000000
969.069000	969.246394	4.929908E-4	1.100814E-2	80.039000	3197162929.000000	3197162960.000000	-31.000000
969.069000	969.245378	4.927375E-4	1.101024E-2	80.039200	3197165922.000000	3197165987.000000	-65.000000
969.069000	969.244363	4.922884E-4	1.099651E-2	80.045600	3197169025.000000	3197169051.000000	-26.000000
969.068000	969.243425	4.928088E-4	1.100679E-2	80.018000	3197172132.000000	3197172161.000000	-29.000000
969.068000	969.242487	4.925886E-4	1.100330E-2	80.009500	3197175217.000000	3197175245.000000	-28.000000
969.067000	969.241550	4.925976E-4	1.100364E-2	79.995700	3197178323.000000	3197178350.000000	-27.000000
969.067000	969.240612	4.928301E-4	1.100639E-2	79.980600	3197181426.000000	3197181456.000000	-30.000000
969.066000	969.239753	4.928523E-4	1.100844E-2	79.983300	3197184517.000000	3197184546.000000	-29.000000
969.066000	969.238893	4.921797E-4	1.099413E-2	79.966500	3197187622.000000	3197187653.000000	-31.000000
969.065000	969.237877	4.921113E-4	1.099432E-2	79.965300	3197190725.000000	3197190754.000000	-29.000000
969.065000	969.236862	4.920842E-4	1.099338E-2	79.968500	3197193816.000000	3197193886.000000	-70.000000
969.064000	969.235924	4.925157E-4	1.100093E-2	79.978000	3197196918.000000	3197196948.000000	-30.000000
969.064000	969.234986	4.919723E-4	1.099389E-2	79.983400	3197200021.000000	3197200049.000000	-28.000000
969.063000	969.234049	4.920045E-4	1.099097E-2	80.003300	3197203112.000000	3197203141.000000	-29.000000
969.063000	969.233111	4.923269E-4	1.099908E-2	80.060200	3197206215.000000	3197206247.000000	-32.000000
969.062000	969.232252	4.922426E-4	1.099587E-2	80.049000	3197209320.000000	3197209349.000000	-29.000000
969.062000	969.231392	4.922420E-4	1.099637E-2	80.044800	3197212407.000000	3197212437.000000	-30.000000
969.061000	969.230533	4.921247E-4	1.099460E-2	80.024900	3197215513.000000	3197215539.000000	-26.000000
969.061000	969.229673	4.922431E-4	1.100139E-2	80.022900	3197218618.000000	3197218648.000000	-30.000000
969.061000	969.228735	4.925761E-4	1.100440E-2	80.018100	3197221707.000000	3197221737.000000	-30.000000
969.060000	969.227798	4.929032E-4	1.101108E-2	80.019100	3197224811.000000	3197224841.000000	-30.000000
969.060000	969.226860	4.928607E-4	1.101289E-2	80.023200	3197227915.000000	3197227944.000000	-29.000000
969.059000	969.225844	4.928238E-4	1.100822E-2	80.019000	3197231004.000000	3197231034.000000	-30.000000
969.059000	969.224829	4.932530E-4	1.101941E-2	80.020000	3197234014.000000	3197234077.000000	-63.000000
969.058000	969.223891	4.935992E-4	1.102788E-2	80.015100	3197237103.000000	3197237131.000000	-28.000000
969.057000	969.222875	4.939149E-4	1.103401E-2	80.012800	3197240106.000000	3197240174.000000	-68.000000
969.056000	969.221859	4.939888E-4	1.103584E-2	79.997000	3197243213.000000	3197243243.000000	-30.000000
969.055000	969.220922	4.944215E-4	1.104372E-2	79.986600	3197246302.000000	3197246332.000000	-30.000000
969.054000	969.219984	4.945080E-4	1.104701E-2	79.968500	3197249404.000000	3197249432.000000	-28.000000
969.053000	969.219046	4.945286E-4	1.104654E-2	79.971200	3197252400.000000	3197252468.000000	-68.000000
969.052000	969.218109	4.944937E-4	1.104595E-2	79.966800	3197255503.000000	3197255531.000000	-28.000000
969.052000	969.217171	4.947808E-4	1.105265E-2	79.976400	3197258608.000000	3197258638.000000	-30.000000
969.051000	969.216155	4.943764E-4	1.104426E-2	79.987200	3197261698.000000	3197261726.000000	-28.000000
969.050000	969.215218	4.941540E-4	1.103911E-2	79.997800	3197264799.000000	3197264828.000000	-29.000000
969.049000	969.214280	4.939157E-4	1.103522E-2	79.998800	3197267906.000000	3197267934.000000	-28.000000
969.049000	969.213342	4.932765E-4	1.101908E-2	80.029600	3197270995.000000	3197271022.000000	-27.000000
969.048000	969.212405	4.932026E-4	1.101818E-2	80.036300	3197273994.000000	3197274064.000000	-70.000000
969.048000	969.211467	4.930378E-4	1.101312E-2	80.034600	3197277098.000000	3197277126.000000	-28.000000
969.047000	969.210451	4.928070E-4	1.101057E-2	80.041800	3197280195.000000	3197280225.000000	-30.000000
969.047000	969.209513	4.926916E-4	1.100740E-2	80.077200	3197283201.000000	3197283267.000000	-66.000000
969.047000	969.208498	4.923333E-4	1.099860E-2	80.085500	3197286296.000000	3197286322.000000	-26.000000
969.046000	969.207638	4.919936E-4	1.099199E-2	80.060300	3197289398.000000	3197289422.000000	-24.000000
969.045000	969.206857	4.918461E-4	1.098843E-2	80.038700	3197292504.000000	3197292535.000000	-31.000000
969.044000	969.205919	4.916845E-4	1.098463E-2	80.025800	3197295593.000000	3197295622.000000	-29.000000
969.044000	969.205060	4.914997E-4	1.098006E-2	80.022200	3197298695.000000	3197298723.000000	-28.000000
969.044000	969.204122	4.911004E-4	1.097257E-2	80.014800	3197301797.000000	3197301821.000000	-24.000000
969.043000	969.203262	4.910413E-4	1.097105E-2	79.993000	3197304889.000000	3197304918.000000	-29.000000
969.042000	969.202325	4.912013E-4	1.097480E-2	79.987700	3197307992.000000	3197308019.000000	-27.000000
969.041000	969.201387	4.910463E-4	1.097196E-2	79.981900	3197311096.000000	3197311121.000000	-25.000000
969.039000	969.200449	4.911541E-4	1.097414E-2	79.969200	3197314186.000000	3197314215.000000	-29.000000
969.039000	969.199512	4.913084E-4	1.097841E-2	79.969200	3197317290.000000	3197317320.000000	-30.000000
969.038000	969.198652	4.911040E-4	1.097311E-2	79.959000	3197320395.000000	3197320425.000000	-30.000000
969.038000	969.197714	4.911878E-4	1.097593E-2	79.970100	3197323484.000000	3197323512.000000	-28.000000
969.037000	969.196777	4.914200E-4	1.098081E-2	79.967900	3197326587.000000	3197326616.000000	-29.000000
969.037000	969.195761	4.912084E-4	1.097662E-2	79.988100	3197329694.000000	3197329723.000000	-29.000000
969.036000	969.194823	4.913387E-4	1.097795E-2	79.991000	3197332778.000000	3197332806.000000	-28.000000
969.035000	969.193885	4.915665E-4	1.098553E-2	80.033300	3197335883.000000	3197335913.000000	-30.000000
969.035000	969.193104	4.916891E-4	1.098826E-2	80.028300	3197338987.000000	3197339018.000000	-31.000000
969.034000	969.192166	4.911296E-4	1.097985E-2	80.021200	3197342079.000000	3197342107.000000	-28.000000
969.034000	969.191307	4.913086E-4	1.098037E-2	80.027200	3197345182.000000	3197345209.000000	-27.000000
969.033000	969.190447	4.911338E-4	1.097395E-2	80.038200	3197348280.000000	3197348307.000000	-27.000000
969.033000	969.189588	4.910968E-4	1.097418E-2	80.032400	3197351377.000000	3197351409.000000	-32.000000
969.033000	969.188650	4.911552E-4	1.097394E-2	80.026900	3197354478.000000	3197354508.000000	-30.000000
969.033000	969.187712	4.908366E-4	1.096685E-2	80.019400	3197357583.000000	3197357611.000000	-28.000000
969.032000	969.186775	4.907609E-4	1.096589E-2	80.010500	3197360673.000000	3197360702.000000	-29.000000
969.032000	969.185915	4.910190E-4	1.097023E-2	80.009500	3197363781.000000	3197363810.000000	-29.000000
969.032000	969.184977	4.910275E-4	1.097375E-2	79.991900	3197366881.000000	3197366910.000000	-29.000000
969.031000	969.184118	4.907343E-4	1.096492E-2	79.973700	3197369974.000000	3197370005.000000	-31.000000
969.031000	969.183258	4.901255E-4	1.095367E-2	79.966000	3197373075.000000	3197373104.000000	-29.000000
969.031000	969.182399	4.907429E-4	1.096447E-2	79.980000	3197376181.000000	3197376210.000000	-29.000000
969.030000	969.181539	4.903003E-4	1.095424E-2	79.980200	3197379275.000000	3197379303.000000	-28.000000
969.030000	969.180679	4.900471E-4	1.095078E-2	79.978100	3197382376.000000	3197382405.000000	-29.000000
969.029000	969.179742	4.900912E-4	1.095067E-2	79.968100	3197385477.000000	3197385506.000000	-29.000000
969.029000	969.178804	4.901537E-4	1.095242E-2	80.001300	3197388578.000000	3197388607.000000	-29.000000
969.029000	969.177944	4.899274E-4	1.094604E-2	80.009900	3197391669.000000	3197391698.000000	-29.000000
969.028000	969.177007	4.898460E-4	1.094470E-2	80.009000	3197394775.000000	3197394805.000000	-30.000000
969.028000	969.176069	4.898712E-4	1.094592E-2	80.024100	3197397775.000000	3197397840.000000	-65.000000
969.027000	969.175131	4.899154E-4	1.094760E-2	80.041400	3197400872.000000	3197400902.000000	-30.000000
969.026000	969.174350	4.900936E-4	1.095154E-2	80.027600	3197403975.000000	3197404004.000000	-29.000000
969.026000	969.173490	4.902824E-4	1.095700E-2	80.034400	3197407065.000000	3197407095.000000	-30.000000
969.025000	969.172709	4.903020E-4	1.095702E-2	80.018200	3197410168.000000	3197410199.000000	-31.000000
969.025000	969.171771	4.903503E-4	1.095930E-2	80.013400	3197413274.000000	3197413302.000000	-28.000000
969.024000	969.170833	4.905296E-4	1.096378E-2	80.006300	3197416364.000000	3197416392.000000	-28.000000
969.024000	969.169974	4.906949E-4	1.096756E-2	79.997700	3197419464.000000	3197419492.000000	-28.000000
969.023000	969.169114	4.909410E-4	1.097348E-2	79.987600	3197422575.000000	3197422604.000000	-29.000000
969.022000	969.168255	4.912612E-4	1.098198E-2	79.996400	3197425662.000000	3197425690.000000	-28.000000
969.021000	969.167395	4.916205E-4	1.098963E-2	79.985500	3197428765.000000	3197428794.000000	-29.000000
969.021000	969.166535	4.918657E-4	1.099571E-2	79.966200	3197431871.000000	3197431898.000000	-27.000000
969.021000	969.165598	4.919207E-4	1.099709E-2	79.980100	3197434958.000000	3197434989.000000	-31.000000
969.020000	969.164738	4.920218E-4	1.099891E-2	79.970900	3197438059.000000	3197438088.000000	-29.000000
969.020000	969.163800	4.922018E-4	1.100248E-2	79.974600	3197441055.000000	3197441136.000000	-81.000000
969.020000	969.162785	4.923450E-4	1.100491E-2	79.984300	3197444158.000000	3197444225.000000	-67.000000
969.019000	969.161769	4.924608E-4	1.100751E-2	79.998200	3197447361.000000	3197447390.000000	-29.000000
969.018000	969.160753	4.926003E-4	1.101032E-2	80.016300	3197450463.000000	3197450495.000000	-32.000000
969.017000	969.159737	4.928721E-4	1.101647E-2	80.025400	3197453554.000000	3197453583.000000	-29.000000
969.017000	969.158721	4.931238E-4	1.102160E-2	80.024200	3197456661.000000	3197456691.000000	-30.000000
969.016000	969.157783	4.932175E-4	1.102425E-2	80.021800	3197459762.000000	3197459792.000000	-30.000000
969.015000	969.156846	4.932684E-4	1.102489E-2	80.034100	3197462851.000000	3197462881.000000	-30.000000
969.014000	969.155830	4.931940E-4	1.102273E-2	80.025400	3197465954.000000	3197465981.000000	-27.000000
969.014000	969.154814	4.930862E-4	1.101996E-2	80.023400	3197469058.000000	3197469087.000000	-29.000000
969.013000	969.153876	4.930507E-4	1.101893E-2	80.008300	3197472154.000000	3197472185.000000	-31.000000
969.012000	969.152938	4.929964E-4	1.101793E-2	80.009100	3197475254.000000	3197475281.000000	-27.000000
969.012000	969.152000	4.930016E-4	1.101745E-2	79.999300	3197478356.000000	3197478386.000000	-30.000000
969.011000	969.151063	4.929955E-4	1.101671E-2	79.993200	3197481449.000000	3197481476.000000	-27.000000
969.011000	969.150125	8.003945E-1	1.101702E-2	79.989100	3197484444.000000	3197484509.000000	-65.000000
969.010000	969.149187	4.930717E-4	1.101621E-2	79.968800	3197487555.000000	3197487585.000000	-30.000000
969.010000	969.148171	4.931747E-4	1.101728E-2	80.006200	3197490647.000000	3197490675.000000	-28.000000
969.009000	969.147155	4.933081E-4	1.101897E-2	79.999300	3197493753.000000	3197493782.000000	-29.000000
969.009000	969.146218	4.933205E-4	1.101921E-2	80.061100	3197496858.000000	3197496888.000000	-30.000000
969.009000	969.145358	4.935123E-4	1.102261E-2	80.039800	3197499945.000000	3197499975.000000	-30.000000
969.008000	969.144420	4.938491E-4	1.103017E-2	80.005800	3197503051.000000	3197503078.000000	-27.000000
969.007000	969.143561	4.942613E-4	1.103878E-2	79.997600	3197506153.000000	3197506218.000000	-65.000000
969.006000	969.142857	4.945734E-4	1.104491E-2	79.989200	3197509351.000000	3197509376.000000	-25.000000
969.006000	969.142154	4.948034E-4	1.104979E-2	80.002900	3197512443.000000	3197512473.000000	-30.000000
969.005000	969.141294	4.949612E-4	1.105287E-2	79.988800	3197515546.000000	3197515575.000000	-29.000000
969.004000	969.140357	4.952259E-4	1.105845E-2	79.999900	3197518654.000000	3197518684.000000	-30.000000
969.003000	969.139419	4.954765E-4	1.106375E-2	79.998600	3197521742.000000	3197521773.000000	-31.000000
969.002000	969.138559	4.957157E-4	1.106905E-2	80.013000	3197524843.000000	3197524872.000000	-29.000000
969.001000	969.137621	4.960071E-4	1.107406E-2	80.017000	3197527951.000000	3197527980.000000	-29.000000
969.001000	969.136684	4.962133E-4	1.107895E-2	80.030200	3197531035.000000	3197531065.000000	-30.000000
969.000000	969.135746	4.963224E-4	1.108196E-2	80.017200	3197534144.000000	3197534172.000000	-28.000000
969.000000	969.134886	4.962743E-4	1.108071E-2	80.012600	3197537248.000000	3197537277.000000	-29.000000
968.999000	969.133870	4.962698E-4	1.107935E-2	80.005500	3197540335.000000	3197540361.000000	-26.000000
968.999000	969.133011	4.962612E-4	1.107928E-2	79.982000	3197543435.000000	3197543465.000000	-30.000000
968.998000	969.132073	4.961912E-4	1.107723E-2	79.987700	3197546545.000000	3197546572.000000	-27.000000
968.998000	969.131135	4.960876E-4	1.107456E-2	79.964300	3197549637.000000	3197549667.000000	-30.000000
968.998000	969.130354	4.960551E-4	1.107432E-2	79.957700	3197552739.000000	3197552771.000000	-32.000000
968.997000	969.129494	4.961592E-4	1.107519E-2	79.945500	3197555841.000000	3197555868.000000	-27.000000
968.997000	969.128556	4.961994E-4	1.107721E-2	80.009400	3197558932.000000	3197558962.000000	-30.000000
968.997000	969.127697	4.961072E-4	1.107485E-2	79.991800	3197562035.000000	3197562064.000000	-29.000000
968.997000	969.126837	4.961082E-4	1.107512E-2	79.979700	3197565139.000000	3197565167.000000	-28.000000
968.997000	969.125977	4.961159E-4	1.107544E-2	79.969200	3197568127.000000	3197568193.000000	-66.000000
968.996000	969.125040	4.959834E-4	1.107273E-2	79.988500	3197571234.000000	3197571263.000000	-29.000000
968.996000	969.124102	4.958613E-4	1.106875E-2	80.001000	3197574329.000000	3197574358.000000	-29.000000
968.995000	969.123164	4.956151E-4	1.106377E-2	80.009700	3197577428.000000	3197577458.000000	-30.000000
968.995000	969.122304	4.955327E-4	1.106211E-2	80.007700	3197580534.000000	3197580562.000000	-28.000000
968.995000	969.121367	4.956761E-4	1.106506E-2	80.026200	3197583628.000000	3197583659.000000	-31.000000
968.994000	969.120429	4.957872E-4	1.106765E-2	80.016400	3197586728.000000	3197586760.000000	-32.000000
968.994000	969.119491	4.958706E-4	1.106993E-2	80.033800	3197589830.000000	3197589859.000000	-29.000000
968.993000	969.118631	4.960156E-4	1.107365E-2	80.087000	3197592932.000000	3197592959.000000	-27.000000
968.992000	969.117694	4.962607E-4	1.107961E-2	80.061300	3197596028.000000	3197596055.000000	-27.000000
968.992000	969.116756	4.966124E-4	1.108714E-2	80.033900	3197599130.000000	3197599158.000000	-28.000000
968.991000	969.115818	4.967678E-4	1.108997E-2	80.019500	3197602231.000000	3197602261.000000	-30.000000
968.990000	969.114958	4.970370E-4	1.109613E-2	80.011900	3197605324.000000	3197605353.000000	-29.000000
968.989000	969.114020	4.974096E-4	1.110447E-2	80.011400	3197608427.000000	3197608456.000000	-29.000000
968.989000	969.113161	4.978892E-4	1.111433E-2	80.006600	3197611532.000000	3197611561.000000	-29.000000
968.988000	969.112301	4.981390E-4	1.112006E-2	80.043100	3197614720.000000	3197614749.000000	-29.000000
968.988000	969.111363	4.983198E-4	1.112423E-2	80.015500	3197617714.000000	3197617795.000000	-81.000000
968.987000	969.110504	4.984762E-4	4.089022E-1	79.989000	3197620925.000000	3197620956.000000	-31.000000
968.987000	969.109644	4.987111E-4	1.113333E-2	79.984200	3197624020.000000	3197624050.000000	-30.000000
968.986000	969.109019	4.990279E-4	1.113921E-2	80.001400	3197627112.000000	3197627193.000000	-81.000000
968.985000	969.108081	4.991976E-4	1.114140E-2	79.982200	3197630319.000000	3197630347.000000	-28.000000
968.984000	969.107143	4.992369E-4	1.114258E-2	79.966600	3197633422.000000	3197633451.000000	-29.000000
968.984000	969.106284	4.992482E-4	1.114311E-2	79.977700	3197636514.000000	3197636542.000000	-28.000000
968.983000	969.105346	4.992959E-4	1.114390E-2	79.992800	3197639618.000000	3197639646.000000	-28.000000
968.983000	969.104408	4.993032E-4	1.114426E-2	79.985600	3197642721.000000	3197642751.000000	-30.000000
968.983000	969.103470	4.992674E-4	1.114344E-2	80.000900	3197645812.000000	3197645842.000000	-30.000000
968.983000	969.102454	4.991960E-4	1.114172E-2	80.021700	3197648914.000000	3197648944.000000	-30.000000
968.982000	969.101438	4.995621E-4	1.114911E-2	80.012000	3197652018.000000	3197652048.000000	-30.000000
968.982000	969.100500	4.993503E-4	1.114411E-2	80.016000	3197655110.000000	3197655137.000000	-27.000000
968.981000	969.099562	4.995850E-4	1.114899E-2	80.006900	3197658211.000000	3197658239.000000	-28.000000
968.981000	969.098546	4.991348E-4	1.113873E-2	80.014000	3197661412.000000	3197661442.000000	-30.000000
968.980000	969.097609	4.991582E-4	1.113814E-2	80.019000	3197664407.000000	3197664474.000000	-67.000000
968.979000	969.096671	4.989324E-4	1.113236E-2	80.006200	3197667608.000000	3197667634.000000	-26.000000
968.978000	969.095733	4.989481E-4	1.113149E-2	79.994100	3197670711.000000	3197670740.000000	-29.000000
968.978000	969.094795	4.992814E-4	1.113874E-2	79.985300	3197673815.000000	3197673841.000000	-26.000000
968.977000	969.093857	4.994356E-4	1.229130E-1	79.967200	3197677014.000000	3197677043.000000	-29.000000
968.977000	969.093857	4.992742E-4	1.113887E-2	79.961000	3197679509.000000	3197679536.000000	-27.000000
968.976000	969.092919	4.992370E-4	1.113667E-2	79.969000	3197682616.000000	3197682639.000000	-23.000000
968.976000	969.091982	4.992013E-4	1.113536E-2	79.972600	3197685701.000000	3197685731.000000	-30.000000
968.975000	969.090966	4.995338E-4	1.114217E-2	79.988600	3197688811.000000	3197688841.000000	-30.000000
968.974000	969.090028	5.005312E-4	1.116172E-2	80.005700	3197691915.000000	3197691945.000000	-30.000000
968.974000	969.090028	4.996303E-4	1.114319E-2	80.014000	3197694409.000000	3197694441.000000	-32.000000
968.973000	969.089246	5.000579E-4	1.115157E-2	80.040200	3197697498.000000	3197697526.000000	-28.000000
968.972000	969.088387	5.000611E-4	1.115174E-2	80.096000	3197700605.000000	3197700634.000000	-29.000000
968.972000	969.087449	5.008965E-4	1.116761E-2	80.062900	3197703708.000000	3197703737.000000	-29.000000
968.971000	969.086824	5.000795E-4	1.115049E-2	80.030800	3197706798.000000	3197706828.000000	-30.000000
968.971000	969.085964	5.005150E-4	1.116017E-2	80.018700	3197709901.000000	3197709928.000000	-27.000000
968.971000	969.085026	5.003468E-4	1.115646E-2	80.019300	3197713006.000000	3197713033.000000	-27.000000
968.970000	969.084166	5.003292E-4	1.115576E-2	80.000400	3197716100.000000	3197716130.000000	-30.000000
968.970000	969.083307	5.003102E-4	1.115497E-2	80.031900	3197719101.000000	3197719165.000000	-64.000000
968.970000	969.082369	5.002578E-4	1.115489E-2	80.002700	3197722205.000000	3197722233.000000	-28.000000
968.969000	969.081587	5.002585E-4	1.115269E-2	79.979800	3197725295.000000	3197725324.000000	-29.000000
968.969000	969.080728	5.006148E-4	1.116185E-2	79.969500	3197728289.000000	3197728371.000000	-82.000000
968.969000	969.079868	5.003558E-4	1.115556E-2	79.961100	3197731503.000000	3197731531.000000	-28.000000
968.968000	969.079008	5.003137E-4	1.115415E-2	79.964700	3197734594.000000	3197734623.000000	-29.000000
968.967000	969.078070	5.001827E-4	1.115030E-2	79.988500	3197737696.000000	3197737727.000000	-31.000000
968.967000	969.077132	5.000248E-4	1.114732E-2	79.981300	3197740802.000000	3197740832.000000	-30.000000
968.966000	969.076195	5.001875E-4	1.114850E-2	79.999500	3197743890.000000	3197743917.000000	-27.000000
968.966000	969.075335	4.993920E-4	1.113907E-2	80.028100	3197746996.000000	3197747025.000000	-29.000000
968.965000	969.074475	4.993888E-4	1.113236E-2	80.027000	3197750100.000000	3197750129.000000	-29.000000
968.965000	969.073615	4.990232E-4	1.112435E-2	80.018000	3197753189.000000	3197753217.000000	-28.000000
968.964000	969.072756	4.983459E-4	1.110920E-2	80.025700	3197756294.000000	3197756323.000000	-29.000000
968.963000	969.071974	4.979720E-4	1.110125E-2	80.034100	3197759398.000000	3197759428.000000	-30.000000
968.963000	969.071193	4.976900E-4	1.109451E-2	80.039900	3197762489.000000	3197762516.000000	-27.000000
968.962000	969.070646	4.973983E-4	1.108857E-2	80.023800	3197765589.000000	3197765616.000000	-27.000000
968.962000	969.069786	4.973791E-4	1.108720E-2	80.027100	3197768695.000000	3197768723.000000	-28.000000
968.962000	969.068926	4.975557E-4	1.109064E-2	80.020400	3197771782.000000	3197771810.000000	-28.000000
968.962000	969.067988	4.969946E-4	1.107708E-2	80.013000	3197774891.000000	3197774917.000000	-26.000000
968.961000	969.067129	4.969328E-4	1.107716E-2	80.010100	3197777991.000000	3197778019.000000	-28.000000
968.961000	969.066191	4.968606E-4	1.107591E-2	80.001100	3197781081.000000	3197781108.000000	-27.000000
968.961000	969.065253	4.966263E-4	1.107138E-2	79.981900	3197784182.000000	3197784210.000000	-28.000000
968.961000	969.064393	4.966683E-4	1.107186E-2	80.000600	3197787291.000000	3197787321.000000	-30.000000
968.961000	969.063533	4.966925E-4	1.107289E-2	79.985900	3197790378.000000	3197790408.000000	-30.000000
968.961000	969.062674	4.964509E-4	1.106720E-2	79.969000	3197793484.000000	3197793513.000000	-29.000000
968.960000	969.061814	4.964756E-4	1.106710E-2	79.977700	3197796589.000000	3197796617.000000	-28.000000
968.960000	969.060876	4.965838E-4	1.106876E-2	79.986200	3197799679.000000	3197799746.000000	-67.000000
968.960000	969.060173	4.962447E-4	1.106291E-2	79.983600	3197802877.000000	3197802907.000000	-30.000000
968.959000	969.059391	4.960312E-4	1.105593E-2	79.987800	3197805982.000000	3197806010.000000	-28.000000
968.959000	969.058531	4.958962E-4	1.105324E-2	79.995500	3197809086.000000	3197809116.000000	-30.000000
968.958000	969.057672	4.958198E-4	1.104994E-2	80.011500	3197812175.000000	3197812205.000000	-30.000000
968.958000	969.056812	4.957648E-4	1.104817E-2	80.038100	3197815279.000000	3197815309.000000	-30.000000
968.957000	969.055952	4.957464E-4	1.104804E-2	80.052800	3197818383.000000	3197818412.000000	-29.000000
968.957000	969.055092	4.956840E-4	1.104634E-2	80.032000	3197821472.000000	3197821501.000000	-29.000000
968.957000	969.054155	4.956578E-4	1.104476E-2	80.034000	3197824578.000000	3197824609.000000	-31.000000
968.957000	969.053295	4.955474E-4	1.104194E-2	80.024100	3197827680.000000	3197827710.000000	-30.000000
968.957000	969.052435	4.956001E-4	1.104265E-2	80.014400	3197830770.000000	3197830798.000000	-28.000000
968.956000	969.051575	4.956378E-4	1.104470E-2	80.016600	3197833869.000000	3197833952.000000	-83.000000
968.956000	969.050637	4.956563E-4	1.104438E-2	80.011500	3197836979.000000	3197837009.000000	-30.000000
968.956000	969.049700	4.958265E-4	1.104658E-2	80.016700	3197840068.000000	3197840096.000000	-28.000000
968.955000	969.048840	4.958456E-4	1.104615E-2	80.000900	3197843170.000000	3197843196.000000	-26.000000
968.955000	969.047980	4.957558E-4	1.104276E-2	79.985800	3197846278.000000	3197846304.000000	-26.000000
968.954000	969.047198	4.956665E-4	1.104018E-2	79.977600	3197849372.000000	3197849401.000000	-29.000000
968.953000	969.046261	4.957636E-4	1.104157E-2	79.972000	3197852470.000000	3197852500.000000	-30.000000
968.953000	969.045323	4.958374E-4	1.104226E-2	79.975100	3197855575.000000	3197855603.000000	-28.000000
968.952000	969.044463	4.958834E-4	1.104246E-2	79.969600	3197858669.000000	3197858696.000000	-27.000000
968.952000	969.043525	4.959446E-4	1.104305E-2	79.972000	3197861768.000000	3197861799.000000	-31.000000
968.951000	969.042665	4.957515E-4	1.103810E-2	79.990300	3197864765.000000	3197864847.000000	-82.000000
968.951000	969.041806	4.956860E-4	1.103392E-2	80.009800	3197867970.000000	3197867999.000000	-29.000000
968.950000	969.040946	4.955556E-4	1.102987E-2	80.016500	3197871063.000000	3197871094.000000	-31.000000
968.949000	969.040164	4.954953E-4	1.102784E-2	80.032500	3197874168.000000	3197874196.000000	-28.000000
968.949000	969.039304	4.954676E-4	1.102558E-2	80.018800	3197877272.000000	3197877297.000000	-25.000000
968.948000	969.038445	4.953781E-4	1.102238E-2	80.027800	3197880367.000000	3197880437.000000	-70.000000
968.947000	969.037507	4.954755E-4	1.102215E-2	80.030600	3197883562.000000	3197883592.000000	-30.000000
968.947000	969.036569	4.954641E-4	1.102143E-2	80.030100	3197886667.000000	3197886695.000000	-28.000000
968.947000	969.035631	4.947843E-4	1.100834E-2	80.023600	3197889760.000000	3197889790.000000	-30.000000
968.947000	969.034771	4.947348E-4	1.100645E-2	80.010200	3197892859.000000	3197892888.000000	-29.000000
968.946000	969.033911	4.948400E-4	1.100772E-2	79.995900	3197895961.000000	3197895985.000000	-24.000000
968.945000	969.033052	4.943085E-4	1.099540E-2	80.020600	3197899063.000000	3197899095.000000	-32.000000
968.945000	969.032114	4.939916E-4	1.098613E-2	80.113800	3197902154.000000	3197902184.000000	-30.000000
968.944000	969.031176	4.938413E-4	1.098207E-2	80.050900	3197905260.000000	3197905289.000000	-29.000000
968.944000	969.030160	4.937114E-4	1.097855E-2	80.000900	3197908366.000000	3197908395.000000	-29.000000
968.943000	969.029300	4.937017E-4	1.097715E-2	79.984500	3197911455.000000	3197911485.000000	-30.000000
968.943000	969.028362	4.936084E-4	1.097428E-2	79.966700	3197914557.000000	3197914584.000000	-27.000000
968.942000	969.027346	4.937717E-4	1.097528E-2	79.968000	3197917660.000000	3197917691.000000	-31.000000
968.942000	969.026330	4.938296E-4	1.097499E-2	79.962800	3197920751.000000	3197920779.000000	-28.000000
968.941000	969.025314	4.939025E-4	1.097428E-2	79.967100	3197923763.000000	3197923830.000000	-67.000000
968.940000	969.024376	4.940130E-4	1.097300E-2	79.984300	3197926964.000000	3197926993.000000	-29.000000
968.939000	969.023438	4.943687E-4	1.097930E-2	79.989500	3197930051.000000	3197930079.000000	-28.000000
968.938000	969.022500	4.943575E-4	1.097505E-2	80.005400	3197933051.000000	3197933126.000000	-75.000000
968.938000	969.021562	4.944613E-4	1.097563E-2	80.019700	3197936260.000000	3197936288.000000	-28.000000
968.937000	969.020546	4.947818E-4	1.098068E-2	80.025900	3197939349.000000	3197939377.000000	-28.000000
968.937000	969.019530	4.951034E-4	1.098608E-2	80.031000	3197942453.000000	3197942483.000000	-30.000000
968.936000	969.018592	4.955618E-4	1.099198E-2	80.018400	3197945557.000000	3197945586.000000	-29.000000
968.935000	969.017654	4.956568E-4	1.098987E-2	80.015500	3197948651.000000	3197948717.000000	-66.000000
968.934000	969.016794	4.957649E-4	1.098856E-2	80.022400	3197951843.000000	3197951870.000000	-27.000000
968.933000	969.015934	4.958306E-4	1.098799E-2	80.006200	3197954952.000000	3197954983.000000	-31.000000
968.933000	969.014996	4.958119E-4	1.098498E-2	80.004200	3197958055.000000	3197958085.000000	-30.000000
968.933000	969.013980	4.959963E-4	1.098785E-2	79.983900	3197961141.000000	3197961171.000000	-30.000000
968.932000	969.013121	4.962520E-4	1.099256E-2	79.994100	3197964250.000000	3197964281.000000	-31.000000
968.932000	969.012104	4.962143E-4	1.098893E-2	79.969600	3197967355.000000	3197967383.000000	-28.000000
968.931000	969.011167	4.958349E-4	1.097583E-2	79.973000	3197970453.000000	3197970521.000000	-68.000000
968.930000	969.010229	4.956237E-4	1.096869E-2	79.962100	3197973642.000000	3197973673.000000	-31.000000
968.929000	969.009369	4.954572E-4	1.096153E-2	79.974600	3197976746.000000	3197976776.000000	-30.000000
968.929000	969.008431	4.954431E-4	1.095886E-2	79.975300	3197979847.000000	3197979877.000000	-30.000000
968.928000	969.007493	4.953913E-4	1.095511E-2	79.987100	3197982937.000000	3197982965.000000	-28.000000
968.928000	969.006633	4.951558E-4	1.094682E-2	79.991600	3197986042.000000	3197986070.000000	-28.000000
968.926000	969.005773	4.951790E-4	1.094166E-2	80.010300	3197989144.000000	3197989172.000000	-28.000000
968.925000	969.004835	4.951345E-4	1.093591E-2	80.009200	3197992238.000000	3197992269.000000	-31.000000
968.925000	969.003976	4.952252E-4	1.093252E-2	80.009300	3197995342.000000	3197995372.000000	-30.000000
968.925000	969.003038	4.954098E-4	1.093161E-2	80.019400	3197998445.000000	3197998474.000000	-29.000000
968.924000	969.002100	4.954518E-4	1.092993E-2	80.030500	3198001537.000000	3198001566.000000	-29.000000
968.924000	969.001240	4.955920E-4	1.093014E-2	80.028100	3198004639.000000	3198004669.000000	-30.000000
968.924000	969.000302	4.957070E-4	1.093220E-2	80.021200	3198007745.000000	3198007773.000000	-28.000000
968.924000	968.999364	4.955749E-4	1.092633E-2	80.016000	3198010835.000000	3198010864.000000	-29.000000
968.924000	968.998426	4.955118E-4	1.092437E-2	80.007000	3198013936.000000	3198014002.000000	-66.000000
968.923000	968.997488	4.956864E-4	1.092533E-2	80.002800	3198017042.000000	3198017073.000000	-31.000000
968.923000	968.996628	4.958538E-4	1.092482E-2	79.990400	3198020129.000000	3198020159.000000	-30.000000
968.922000	968.995768	4.960446E-4	1.092584E-2	80.040800	3198023233.000000	3198023261.000000	-28.000000
968.922000	968.994909	4.961182E-4	1.092549E-2	80.011200	3198026339.000000	3198026366.000000	-27.000000
968.922000	968.994049	4.962287E-4	1.092553E-2	79.981500	3198029427.000000	3198029454.000000	-27.000000
968.921000	968.993111	4.961621E-4	1.092227E-2	79.973600	3198032530.000000	3198032559.000000	-29.000000
968.921000	968.992173	4.962792E-4	1.092287E-2	79.958900	3198035635.000000	3198035663.000000	-28.000000
968.921000	968.991235	4.964707E-4	1.092474E-2	79.969700	3198038725.000000	3198038755.000000	-30.000000
968.920000	968.990453	4.967167E-4	1.092394E-2	79.998200	3198041832.000000	3198041860.000000	-28.000000
968.926000	969.082212	4.838816E-4	1.068887E-2	79.995600	1476731.000000	1476761.000000	-30.000000
968.926000	969.081275	4.839622E-4	1.068778E-2	79.995900	1479740.000000	1479830.000000	-90.000000
968.926000	969.080415	4.838968E-4	1.068556E-2	79.992400	1482936.000000	1482965.000000	-29.000000
968.925000	969.079555	4.840190E-4	1.068499E-2	79.980500	1486031.000000	1486061.000000	-30.000000
968.925000	969.078617	4.840191E-4	1.068357E-2	79.989500	1489134.000000	1489164.000000	-30.000000
968.925000	969.077758	4.842675E-4	1.068433E-2	79.988900	1492221.000000	1492252.000000	-31.000000
968.924000	969.076820	4.844238E-4	1.068462E-2	80.016200	1495326.000000	1495356.000000	-30.000000
968.924000	969.075960	4.846268E-4	1.068491E-2	80.019100	1498430.000000	1498460.000000	-30.000000
968.924000	969.075100	4.848713E-4	1.068573E-2	80.018500	1501524.000000	1501551.000000	-27.000000
968.923000	969.074319	4.850368E-4	1.068643E-2	80.034000	1504627.000000	1504657.000000	-30.000000
968.923000	969.073459	4.851787E-4	1.068630E-2	80.041800	1507645.000000	1507711.000000	-66.000000
968.922000	969.072599	4.853628E-4	1.068712E-2	80.039700	1510722.000000	1510753.000000	-31.000000
968.922000	969.071740	4.853651E-4	1.068389E-2	80.028700	1513749.000000	1513817.000000	-68.000000
968.921000	969.071036	4.853781E-4	1.068310E-2	80.015800	1516918.000000	1516945.000000	-27.000000
968.921000	969.070098	4.853982E-4	1.068222E-2	80.024800	1520026.000000	1520056.000000	-30.000000
968.921000	969.069161	4.854879E-4	1.068174E-2	80.021100	1523128.000000	1523158.000000	-30.000000
968.920000	969.068223	4.857434E-4	1.068237E-2	80.022400	1526219.000000	1526249.000000	-30.000000
968.919000	969.067363	4.857334E-4	1.067631E-2	80.014100	1529325.000000	1529356.000000	-31.000000
968.919000	969.066503	4.857310E-4	1.067067E-2	80.022000	1532431.000000	1532458.000000	-27.000000
968.918000	969.065644	4.856505E-4	1.066549E-2	80.063000	1535518.000000	1535549.000000	-31.000000
968.917000	969.064706	4.856181E-4	1.066269E-2	80.030200	1538623.000000	1538652.000000	-29.000000
968.917000	969.063846	4.855226E-4	1.065993E-2	80.020800	1541714.000000	1541744.000000	-30.000000
968.917000	969.062830	4.853501E-4	1.065461E-2	80.007500	1544817.000000	1544846.000000	-29.000000
968.917000	969.061892	4.853627E-4	1.065248E-2	79.993300	1547921.000000	1547949.000000	-28.000000
968.917000	969.060954	4.851367E-4	1.064775E-2	79.983200	1551011.000000	1551038.000000	-27.000000
968.916000	969.060016	4.853806E-4	1.064836E-2	79.978100	1554041.000000	1554109.000000	-68.000000
968.916000	969.059000	4.853399E-4	1.064400E-2	79.970800	1557220.000000	1557249.000000	-29.000000
968.915000	969.058062	4.851357E-4	1.063597E-2	79.967300	1560308.000000	1560339.000000	-31.000000
968.915000	969.057125	4.849630E-4	1.062522E-2	79.967200	1563414.000000	1563444.000000	-30.000000
968.914000	969.056108	4.848502E-4	1.061662E-2	79.973500	1566521.000000	1566552.000000	-31.000000
968.913000	969.055249	4.847442E-4	1.060689E-2	79.988600	1569608.000000	1569637.000000	-29.000000
968.912000	969.054233	4.845722E-4	1.059691E-2	80.002800	1572715.000000	1572747.000000	-32.000000
968.911000	969.053295	4.845788E-4	1.058752E-2	80.000700	1575737.000000	1575807.000000	-70.000000
968.910000	969.052357	4.845327E-4	1.057790E-2	79.997700	1578906.000000	1578935.000000	-29.000000
968.909000	969.051419	4.845447E-4	1.056961E-2	79.988700	1582014.000000	1582041.000000	-27.000000
968.909000	969.050559	4.846637E-4	1.056710E-2	80.011400	1585102.000000	1585132.000000	-30.000000
968.909000	969.049621	4.846890E-4	1.056576E-2	80.039400	1588136.000000	1588200.000000	-64.000000
968.908000	969.048605	4.847297E-4	1.056415E-2	80.043800	1591310.000000	1591339.000000	-29.000000
968.908000	969.047667	4.848714E-4	1.056280E-2	80.042600	1594403.000000	1594432.000000	-29.000000
968.908000	969.046808	4.851335E-4	1.056056E-2	80.034300	1597504.000000	1597531.000000	-27.000000
968.907000	969.046026	4.853393E-4	1.055826E-2	80.014600	1600611.000000	1600642.000000	-31.000000
968.907000	969.045088	4.854303E-4	1.055403E-2	80.024200	1603700.000000	1603731.000000	-31.000000
968.907000	969.044150	4.855837E-4	1.055255E-2	80.040500	1606806.000000	1606836.000000	-30.000000
968.906000	969.043212	4.857401E-4	1.055070E-2	80.047300	1609909.000000	1609939.000000	-30.000000
968.906000	969.042274	4.858281E-4	1.054825E-2	80.047300	1612998.000000	1613029.000000	-31.000000
968.905000	969.041337	4.859936E-4	1.054786E-2	80.034700	1616021.000000	1616103.000000	-82.000000
968.905000	969.040399	4.859793E-4	1.054311E-2	80.025200	1619126.000000	1619191.000000	-65.000000
968.904000	969.039461	4.862364E-4	1.053929E-2	80.030400	1622297.000000	1622323.000000	-26.000000
968.904000	969.038523	4.864678E-4	1.053359E-2	80.001700	1625404.000000	1625433.000000	-29.000000
968.903000	969.037585	4.866608E-4	1.052802E-2	80.000000	1628493.000000	1628520.000000	-27.000000
968.903000	969.036647	4.867021E-4	1.051965E-2	79.977800	1631597.000000	1631625.000000	-28.000000
968.902000	969.035709	4.867798E-4	1.051406E-2	79.976600	1634626.000000	1634696.000000	-70.000000
968.902000	969.034849	4.867838E-4	1.050753E-2	79.972600	1637792.000000	1637822.000000	-30.000000
968.902000	969.033990	4.867196E-4	1.050274E-2	79.982800	1640896.000000	1640924.000000	-28.000000
968.902000	969.033052	4.866534E-4	1.049698E-2	79.971400	1644002.000000	1644033.000000	-31.000000
968.901000	969.032114	4.869134E-4	1.049556E-2	79.985600	1647092.000000	1647120.000000	-28.000000
968.900000	969.031176	4.870682E-4	1.048743E-2	79.990900	1650196.000000	1650222.000000	-26.000000
968.899000	969.030316	4.869018E-4	1.047049E-2	80.027700	1653301.000000	1653331.000000	-30.000000
968.899000	969.029378	4.867899E-4	1.045618E-2	79.990500	1656389.000000	1656420.000000	-31.000000
968.898000	969.028440	4.868260E-4	1.044516E-2	79.990100	1659416.000000	1659484.000000	-68.000000
968.897000	969.027580	4.866439E-4	1.043138E-2	79.983800	1662510.000000	1662592.000000	-82.000000
968.897000	969.026643	4.864155E-4	1.041906E-2	79.992700	1665693.000000	1665722.000000	-29.000000
968.896000	969.025705	4.864300E-4	1.041416E-2	79.984800	1668790.000000	1668819.000000	-29.000000
968.896000	969.024767	4.864616E-4	1.040709E-2	79.998600	1671885.000000	1671914.000000	-29.000000
968.895000	969.023985	4.863360E-4	1.039372E-2	79.999900	1674987.000000	1675016.000000	-29.000000
968.895000	969.023125	4.863598E-4	1.038331E-2	80.009200	1678012.000000	1678079.000000	-67.000000
968.894000	969.022266	4.863737E-4	1.037398E-2	80.024400	1681182.000000	1681210.000000	-28.000000
968.894000	969.021328	4.863459E-4	1.036276E-2	80.022600	1684208.000000	1684277.000000	-69.000000
968.893000	969.020390	4.863284E-4	1.035486E-2	80.030300	1687394.000000	1687422.000000	-28.000000
968.893000	969.019452	4.863095E-4	1.034947E-2	80.014500	1690484.000000	1690516.000000	-32.000000
968.892000	969.018514	4.863333E-4	1.034565E-2	80.010200	1693586.000000	1693615.000000	-29.000000
968.892000	969.017576	4.863281E-4	1.034301E-2	80.022700	1696692.000000	1696719.000000	-27.000000
968.892000	969.016638	4.863554E-4	1.034005E-2	80.013800	1699780.000000	1699810.000000	-30.000000
968.892000	969.015700	4.863835E-4	1.033749E-2	80.005600	1702885.000000	1702915.000000	-30.000000
968.891000	969.014762	4.865209E-4	1.033308E-2	80.006300	1705979.000000	1706009.000000	-30.000000
968.890000	969.013902	4.867987E-4	1.032795E-2	79.996500	1709078.000000	1709108.000000	-30.000000
968.890000	969.013042	4.870026E-4	1.032363E-2	79.987400	1712184.000000	1712215.000000	-31.000000
968.889000	969.012183	4.871702E-4	1.032077E-2	79.979300	1715277.000000	1715307.000000	-30.000000
968.888000	969.040789	4.882883E-4	1.032057E-2	79.999000	1788457.000000	1788484.000000	-27.000000
968.887000	969.039930	4.884441E-4	1.032177E-2	79.982200	1791567.000000	1791596.000000	-29.000000
968.887000	969.038914	4.884539E-4	1.032094E-2	79.960600	1794654.000000	1794683.000000	-29.000000
968.887000	969.038054	4.885936E-4	1.032179E-2	79.963800	1797760.000000	1797790.000000	-30.000000
968.886000	969.037194	4.887098E-4	1.032301E-2	79.962600	1800866.000000	1800894.000000	-28.000000
968.886000	969.036256	4.886666E-4	1.032293E-2	79.967700	1803958.000000	1803987.000000	-29.000000
968.885000	969.035396	4.885335E-4	1.032317E-2	79.973600	1807061.000000	1807092.000000	-31.000000
968.884000	969.034615	4.883630E-4	1.032224E-2	79.983000	1810164.000000	1810191.000000	-27.000000
968.882000	969.035084	4.880527E-4	1.032520E-2	80.009500	1842148.000000	1842179.000000	-31.000000
968.882000	969.034146	4.880079E-4	1.032679E-2	79.996300	1845252.000000	1845277.000000	-25.000000
968.882000	969.033286	4.877766E-4	1.032360E-2	80.023000	1848280.000000	1848346.000000	-66.000000
968.881000	969.032426	4.875815E-4	1.032431E-2	80.042100	1851444.000000	1851471.000000	-27.000000
968.861000	969.012808	4.861077E-4	1.052798E-2	79.962900	2086299.000000	2086326.000000	-27.000000
968.861000	969.011870	4.861654E-4	1.053333E-2	79.968800	2089404.000000	2089431.000000	-27.000000
968.860000	969.010932	4.860575E-4	1.053624E-2	79.989500	2092418.000000	2092491.000000	-73.000000
968.859000	969.010072	4.863447E-4	1.054678E-2	79.997500	2095529.000000	2095593.000000	-64.000000
968.858000	969.009134	4.862039E-4	1.054827E-2	80.006100	2098700.000000	2098730.000000	-30.000000
968.858000	969.008275	4.862538E-4	1.055133E-2	79.989700	2101793.000000	2101823.000000	-30.000000
968.857000	969.007415	4.862228E-4	1.055215E-2	79.999900	2104898.000000	2104928.000000	-30.000000
968.857000	969.008900	4.863014E-4	1.055768E-2	80.011800	2138483.000000	2138511.000000	-28.000000
968.856000	969.008040	4.862282E-4	1.055685E-2	79.995200	2141585.000000	2141613.000000	-28.000000
968.856000	969.007180	4.867395E-4	1.057058E-2	80.001700	2144616.000000	2144686.000000	-70.000000
968.856000	969.006320	4.869909E-4	1.057814E-2	79.997200	2147778.000000	2147802.000000	-24.000000
968.855000	969.005382	4.872764E-4	1.058662E-2	79.978200	2150882.000000	2150912.000000	-30.000000
968.855000	969.004445	4.874346E-4	1.059003E-2	79.978700	2153988.000000	2154015.000000	-27.000000
968.855000	969.003585	4.877286E-4	1.059730E-2	79.965100	2157077.000000	2157103.000000	-26.000000
968.855000	969.002647	4.875931E-4	1.059626E-2	79.982700	2160181.000000	2160211.000000	-30.000000
968.854000	969.001709	4.875392E-4	1.059562E-2	79.984500	2163289.000000	2163315.000000	-26.000000
968.854000	969.000849	4.876784E-4	1.059959E-2	79.994000	2166299.000000	2166382.000000	-83.000000
968.854000	968.999911	4.875225E-4	1.059694E-2	79.994500	2169481.000000	2169510.000000	-29.000000
968.854000	968.998973	4.876082E-4	1.059866E-2	79.991600	2172582.000000	2172609.000000	-27.000000
968.854000	968.998035	4.876810E-4	1.060027E-2	80.008700	2175607.000000	2175675.000000	-68.000000
968.853000	968.997175	4.877694E-4	1.060307E-2	80.010100	2178783.000000	2178814.000000	-31.000000
968.853000	968.996316	4.881415E-4	1.061369E-2	80.037900	2181868.000000	2181896.000000	-28.000000
968.853000	968.995456	4.884145E-4	1.062145E-2	80.018100	2184974.000000	2185003.000000	-29.000000
968.852000	968.994596	4.888312E-4	1.063091E-2	80.021600	2188080.000000	2188106.000000	-26.000000
968.852000	968.993736	4.888620E-4	1.063310E-2	80.024900	2191169.000000	2191201.000000	-32.000000
968.852000	968.992876	4.890105E-4	1.063761E-2	80.007900	2194199.000000	2194268.000000	-69.000000
968.851000	968.992251	4.890244E-4	1.063994E-2	80.009300	2197379.000000	2197409.000000	-30.000000
968.851000	968.991313	4.889994E-4	1.064045E-2	80.022200	2200466.000000	2200496.000000	-30.000000
968.851000	968.990375	4.890764E-4	1.064247E-2	80.024800	2203573.000000	2203601.000000	-28.000000
968.851000	968.989437	4.889486E-4	1.064112E-2	80.024000	2206679.000000	2206710.000000	-31.000000
968.851000	968.988499	4.889797E-4	1.064315E-2	80.018600	2209765.000000	2209795.000000	-30.000000
968.850000	968.987639	4.891049E-4	1.064714E-2	80.022900	2212871.000000	2212899.000000	-28.000000
968.849000	968.986701	4.889677E-4	1.064593E-2	80.024100	2215968.000000	2215993.000000	-25.000000
968.848000	968.985763	4.888880E-4	1.064572E-2	80.014200	2219066.000000	2219096.000000	-30.000000
968.847000	968.984825	4.887988E-4	1.064540E-2	80.026800	2222172.000000	2222200.000000	-28.000000
968.846000	968.983887	4.886902E-4	1.064355E-2	80.020100	2225261.000000	2225287.000000	-26.000000
968.846000	968.982949	4.886698E-4	1.064328E-2	80.013600	2228363.000000	2228392.000000	-29.000000
968.845000	968.982011	4.884629E-4	1.063956E-2	80.042000	2231472.000000	2231502.000000	-30.000000
968.844000	968.981151	4.883695E-4	1.063748E-2	80.029600	2234558.000000	2234586.000000	-28.000000
968.844000	968.980292	4.882627E-4	1.063592E-2	80.015700	2237664.000000	2237694.000000	-30.000000
968.843000	968.979354	4.882857E-4	1.063718E-2	80.018400	2240692.000000	2240758.000000	-66.000000
968.843000	968.978494	4.882330E-4	1.063701E-2	80.001200	2243859.000000	2243889.000000	-30.000000
968.842000	968.977556	4.881504E-4	1.063531E-2	80.008800	2246966.000000	2246995.000000	-29.000000
968.842000	968.976696	4.881888E-4	1.063616E-2	79.997600	2250067.000000	2250097.000000	-30.000000
968.842000	968.975758	4.883071E-4	1.063953E-2	80.000900	2253157.000000	2253188.000000	-31.000000
968.842000	968.974820	4.884026E-4	1.064170E-2	79.993800	2256265.000000	2256295.000000	-30.000000
968.841000	968.973804	4.883908E-4	1.064173E-2	80.005200	2259285.000000	2259351.000000	-66.000000
968.841000	968.972866	4.886521E-4	1.064659E-2	79.993300	2262456.000000	2262484.000000	-28.000000
968.840000	968.971928	4.884816E-4	1.064368E-2	79.999200	2265562.000000	2265592.000000	-30.000000
968.840000	968.970912	4.886773E-4	1.064734E-2	79.976600	2268588.000000	2268657.000000	-69.000000
968.839000	968.969974	4.890819E-4	1.065626E-2	79.975800	2271759.000000	2271789.000000	-30.000000
968.839000	968.968957	4.893239E-4	1.066193E-2	79.973100	2274859.000000	2274888.000000	-29.000000
968.838000	968.968019	4.892860E-4	1.066220E-2	79.980800	2277947.000000	2277977.000000	-30.000000
968.837000	968.967081	4.900895E-4	4.085417E-1	79.975900	2281055.000000	2281084.000000	-29.000000
968.836000	968.966143	4.896896E-4	1.066815E-2	79.976300	2284160.000000	2284189.000000	-29.000000
968.835000	968.965205	4.899154E-4	1.067306E-2	79.980500	2287250.000000	2287280.000000	-30.000000
968.835000	968.964267	4.897668E-4	1.067001E-2	79.990200	2290273.000000	2290356.000000	-83.000000
968.834000	968.963329	4.897895E-4	1.067019E-2	79.993500	2293453.000000	2293481.000000	-28.000000
968.833000	968.962470	4.896701E-4	1.066657E-2	79.988700	2296482.000000	2296553.000000	-71.000000
968.832000	968.961532	4.895963E-4	1.066569E-2	79.994900	2299657.000000	2299686.000000	-29.000000
968.831000	968.960515	4.895257E-4	1.066193E-2	80.008300	2302743.000000	2302772.000000	-29.000000
968.831000	968.959499	4.893501E-4	1.065759E-2	80.018700	2305846.000000	2305874.000000	-28.000000
968.831000	968.958561	4.891965E-4	1.065394E-2	80.016000	2308955.000000	2308984.000000	-29.000000
968.830000	968.957545	4.891037E-4	1.065178E-2	80.016700	2312041.000000	2312070.000000	-29.000000
968.830000	968.956607	4.890789E-4	1.065073E-2	80.030600	2315148.000000	2315177.000000	-29.000000
968.828000	968.955669	4.890002E-4	1.064815E-2	80.029600	2318254.000000	2318284.000000	-30.000000
968.827000	968.954809	4.888853E-4	1.064406E-2	80.029700	2321279.000000	2321347.000000	-68.000000
968.826000	968.953949	4.888946E-4	1.064437E-2	80.038500	2324444.000000	2324474.000000	-30.000000
968.826000	968.953011	4.888158E-4	1.064030E-2	80.034300	2327553.000000	2327582.000000	-29.000000
968.825000	968.952073	4.889085E-4	1.064275E-2	80.025500	2330640.000000	2330670.000000	-30.000000
968.825000	968.951135	4.890352E-4	4.085157E-1	80.013100	2333747.000000	2333776.000000	-29.000000
968.824000	968.950197	4.888953E-4	1.063929E-2	80.019600	2336843.000000	2336872.000000	-29.000000
968.824000	968.949337	4.891492E-4	1.064428E-2	80.025200	2339940.000000	2339965.000000	-25.000000
968.823000	968.948399	4.895759E-4	1.065281E-2	80.024000	2343046.000000	2343072.000000	-26.000000
968.822000	968.947461	4.899030E-4	1.065781E-2	80.031200	2346131.000000	2346163.000000	-32.000000
968.822000	968.946523	4.900842E-4	1.065908E-2	80.038500	2349236.000000	2349265.000000	-29.000000
968.821000	968.945663	4.903420E-4	1.066403E-2	80.030300	2352343.000000	2352373.000000	-30.000000
968.821000	968.944725	4.908273E-4	1.067325E-2	80.013400	2355436.000000	2355466.000000	-30.000000
968.820000	968.943865	4.912956E-4	1.068155E-2	80.015700	2358539.000000	2358569.000000	-30.000000
968.818000	968.943005	4.916298E-4	1.068598E-2	80.010100	2361571.000000	2361641.000000	-70.000000
968.817000	968.942067	4.917234E-4	1.068729E-2	79.999800	2364734.000000	2364764.000000	-30.000000
968.817000	968.941129	4.917228E-4	1.068579E-2	80.009200	2367838.000000	2367866.000000	-28.000000
968.817000	968.940191	4.917139E-4	1.068400E-2	79.996200	2370942.000000	2370969.000000	-27.000000
968.817000	968.939331	4.917492E-4	1.068390E-2	80.008100	2374031.000000	2374060.000000	-29.000000
968.816000	968.938315	4.915836E-4	1.068080E-2	79.995100	2377135.000000	2377163.000000	-28.000000
968.816000	968.937377	4.917332E-4	1.068325E-2	79.988700	2380229.000000	2380261.000000	-32.000000
968.815000	968.936517	4.916558E-4	1.067931E-2	79.974400	2383331.000000	2383360.000000	-29.000000
968.814000	968.935579	4.915344E-4	1.067460E-2	79.973200	2386435.000000	2386463.000000	-28.000000
968.813000	968.934719	4.915063E-4	1.067211E-2	79.984500	2389456.000000	2389535.000000	-79.000000
968.813000	968.933859	4.916746E-4	1.067411E-2	79.981700	2392564.000000	2392625.000000	-61.000000
968.812000	968.933000	4.911646E-4	1.066263E-2	79.994800	2395734.000000	2395764.000000	-30.000000
968.811000	968.932061	4.909958E-4	1.065734E-2	79.986100	2398820.000000	2398850.000000	-30.000000
968.811000	968.931123	4.909072E-4	1.065464E-2	80.003200	2401927.000000	2401954.000000	-27.000000
968.810000	968.930185	4.909339E-4	1.065395E-2	80.001700	2405034.000000	2405063.000000	-29.000000
968.809000	968.929247	4.909287E-4	1.065153E-2	80.005700	2408124.000000	2408152.000000	-28.000000
968.809000	968.928309	4.909282E-4	1.064966E-2	79.990400	2411229.000000	2411255.000000	-26.000000
968.808000	968.927449	4.909264E-4	1.064785E-2	79.985900	2414334.000000	2414364.000000	-30.000000
968.807000	968.926589	4.909025E-4	1.064572E-2	79.991100	2417419.000000	2417447.000000	-28.000000
968.806000	968.925730	4.910182E-4	1.064734E-2	79.985200	2420527.000000	2420554.000000	-27.000000
968.806000	968.924791	4.910972E-4	1.064748E-2	80.001400	2423616.000000	2423645.000000	-29.000000
968.805000	968.923932	4.911682E-4	1.064850E-2	80.002500	2426658.000000	2426724.000000	-66.000000
968.804000	968.923072	4.913993E-4	1.065042E-2	80.000100	2429747.000000	2429827.000000	-80.000000
968.803000	968.952151	4.910937E-4	1.064623E-2	80.011500	2461145.000000	2461216.000000	-71.000000
968.802000	968.951213	4.911239E-4	1.064841E-2	80.016800	2464319.000000	2464347.000000	-28.000000
968.802000	968.950197	4.911580E-4	1.064762E-2	80.018500	2467409.000000	2467437.000000	-28.000000
968.802000	968.949181	4.912509E-4	1.064870E-2	80.019500	2470515.000000	2470543.000000	-28.000000
968.801000	968.948165	4.912195E-4	1.064736E-2	80.004400	2473614.000000	2473645.000000	-31.000000
968.800000	968.947148	4.911991E-4	1.064528E-2	80.006500	2476712.000000	2476741.000000	-29.000000
968.800000	968.946210	4.911102E-4	1.064107E-2	79.994300	2479813.000000	2479843.000000	-30.000000
968.799000	968.945194	4.909303E-4	1.063420E-2	79.983300	2482903.000000	2482932.000000	-29.000000
968.798000	968.944178	4.907242E-4	1.062857E-2	79.991000	2486010.000000	2486038.000000	-28.000000
968.798000	968.943162	4.905045E-4	1.062233E-2	79.977900	2489115.000000	2489144.000000	-29.000000
968.796000	968.942224	4.901623E-4	1.061223E-2	79.970200	2492200.000000	2492229.000000	-29.000000
968.795000	968.941207	4.899033E-4	1.060333E-2	79.984000	2495237.000000	2495304.000000	-67.000000
968.795000	968.940269	4.897279E-4	1.059684E-2	79.984200	2498411.000000	2498440.000000	-29.000000
968.794000	968.939331	4.895146E-4	1.059069E-2	79.985500	2501502.000000	2501532.000000	-30.000000
968.793000	968.938471	4.892600E-4	1.057985E-2	79.995300	2504604.000000	2504630.000000	-26.000000
968.792000	968.937533	4.890894E-4	1.057299E-2	80.051400	2507712.000000	2507742.000000	-30.000000
968.791000	968.936674	4.890657E-4	1.057021E-2	80.040600	2510741.000000	2510807.000000	-66.000000
968.791000	968.935736	4.890244E-4	1.056730E-2	80.001700	2513905.000000	2513933.000000	-28.000000
968.790000	968.934797	4.890839E-4	1.056681E-2	79.993200	2517004.000000	2517034.000000	-30.000000
968.790000	968.933859	4.890839E-4	1.056613E-2	79.985000	2520100.000000	2520127.000000	-27.000000
968.790000	968.932921	4.890889E-4	1.056503E-2	79.973400	2523207.000000	2523237.000000	-30.000000
968.789000	968.932061	4.893569E-4	1.056624E-2	79.980800	2526296.000000	2526327.000000	-31.000000
968.788000	968.931280	4.896370E-4	1.056749E-2	79.984400	2529334.000000	2529397.000000	-63.000000
968.787000	968.930420	4.898550E-4	1.056859E-2	79.991100	2532504.000000	2532532.000000	-28.000000
968.787000	968.929560	4.900036E-4	1.056899E-2	79.983300	2535594.000000	2535622.000000	-28.000000
968.787000	968.928700	4.901403E-4	1.056905E-2	79.991100	2538626.000000	2538698.000000	-72.000000
968.786000	968.927684	4.902237E-4	1.056930E-2	79.987000	2541805.000000	2541832.000000	-27.000000
968.786000	968.926824	4.905705E-4	1.057164E-2	79.990300	2544895.000000	2544924.000000	-29.000000
968.785000	968.925964	4.908499E-4	1.057430E-2	79.984200	2547923.000000	2547992.000000	-69.000000
968.784000	968.925104	4.912825E-4	1.057778E-2	79.995000	2551100.000000	2551129.000000	-29.000000
968.784000	968.924166	4.916390E-4	1.057996E-2	80.007600	2554190.000000	2554220.000000	-30.000000
968.783000	968.923306	4.918255E-4	1.057980E-2	80.013700	2557295.000000	2557323.000000	-28.000000
968.783000	968.922368	4.917967E-4	1.057656E-2	80.020900	2560389.000000	2560417.000000	-28.000000
968.783000	968.921352	4.918092E-4	1.057394E-2	80.011000	2563490.000000	2563520.000000	-30.000000
968.782000	968.920414	4.918482E-4	1.057187E-2	80.010600	2566594.000000	2566620.000000	-26.000000
968.782000	968.919554	4.919326E-4	1.056927E-2	80.011200	2569684.000000	2569712.000000	-28.000000
968.780000	968.918616	4.920769E-4	1.056593E-2	80.011700	2572792.000000	2572822.000000	-30.000000
968.779000	968.917756	4.920258E-4	1.056051E-2	80.017900	2575891.000000	2575920.000000	-29.000000
968.779000	968.916896	4.919616E-4	1.055491E-2	80.024300	2578982.000000	2579011.000000	-29.000000
968.778000	968.915958	4.919178E-4	1.055086E-2	80.034200	2582021.000000	2582086.000000	-65.000000
968.778000	968.915176	4.919364E-4	1.054722E-2	80.058800	2585114.000000	2585195.000000	-81.000000
968.777000	968.914316	4.919616E-4	-3.915646E-1	80.047400	2588280.000000	2588311.000000	-31.000000
968.777000	968.913456	4.919202E-4	1.054192E-2	80.032400	2591387.000000	2591415.000000	-28.000000
968.777000	968.912596	4.919535E-4	1.081484E+2	80.062000	2594491.000000	2594520.000000	-29.000000
968.777000	968.911658	4.920170E-4	1.054013E-2	80.040900	2597584.000000	2597612.000000	-28.000000
968.777000	968.910720	4.919909E-4	1.053823E-2	80.023100	2600686.000000	2600714.000000	-28.000000
968.776000	968.909938	4.920392E-4	1.053737E-2	80.018600	2603778.000000	2603808.000000	-30.000000
968.776000	968.909000	4.920907E-4	1.053694E-2	80.013700	2606883.000000	2606913.000000	-30.000000
968.776000	968.908062	4.922055E-4	1.053575E-2	80.034400	2609986.000000	2610015.000000	-29.000000
968.776000	968.907202	4.923144E-4	1.053251E-2	80.028800	2613078.000000	2613109.000000	-31.000000
968.775000	968.906342	4.924862E-4	1.052959E-2	80.009200	2616178.000000	2616207.000000	-29.000000
968.775000	968.905404	4.925743E-4	1.052776E-2	79.998600	2619282.000000	2619310.000000	-28.000000
968.774000	968.904466	4.928283E-4	1.052685E-2	79.996100	2622376.000000	2622406.000000	-30.000000
968.774000	968.903528	4.930300E-4	1.052559E-2	80.002100	2625480.000000	2625510.000000	-30.000000
968.774000	968.902590	4.931658E-4	1.052599E-2	79.994600	2628585.000000	2628617.000000	-32.000000
968.773000	968.901652	4.933138E-4	1.052544E-2	79.990000	2631675.000000	2631704.000000	-29.000000
968.773000	968.900792	4.934533E-4	1.052612E-2	79.997700	2634782.000000	2634812.000000	-30.000000
968.773000	968.899932	4.938775E-4	1.052742E-2	79.989800	2637880.000000	2637910.000000	-30.000000
968.772000	968.898994	4.942911E-4	1.052798E-2	80.000200	2640970.000000	2641000.000000	-30.000000
968.771000	968.898134	4.946137E-4	1.052846E-2	79.991200	2644077.000000	2644106.000000	-29.000000
968.771000	968.897196	4.948750E-4	1.052829E-2	79.986400	2647164.000000	2647191.000000	-27.000000
968.770000	968.896258	4.952598E-4	1.052786E-2	79.987400	2650274.000000	2650304.000000	-30.000000
968.769000	968.895398	4.954925E-4	1.052741E-2	80.003700	2653301.000000	2653372.000000	-71.000000
968.769000	968.894460	4.956166E-4	1.052444E-2	79.984500	2656406.000000	2656474.000000	-68.000000
968.769000	968.893522	4.956442E-4	1.052196E-2	79.976800	2659570.000000	2659599.000000	-29.000000
968.768000	968.892662	4.959037E-4	1.052018E-2	79.987300	2662677.000000	2662706.000000	-29.000000
968.767000	968.891724	4.962834E-4	1.051506E-2	79.979500	2665762.000000	2665788.000000	-26.000000
968.766000	968.890864	4.963153E-4	1.050709E-2	79.980500	2668868.000000	2668899.000000	-31.000000
968.766000	968.890004	4.964465E-4	1.050433E-2	79.981800	2672168.000000	2672197.000000	-29.000000
968.765000	968.889066	4.963516E-4	1.049909E-2	79.984000	2675197.000000	2675264.000000	-67.000000
968.765000	968.888128	4.964005E-4	1.049677E-2	79.995800	2678302.000000	2678370.000000	-68.000000
968.765000	968.887189	4.961901E-4	1.048945E-2	79.988400	2681467.000000	2681498.000000	-31.000000
968.765000	968.886251	4.961991E-4	1.048433E-2	79.993900	2684501.000000	2684570.000000	-69.000000
968.764000	968.885235	4.962176E-4	1.047856E-2	80.003100	2687588.000000	2687674.000000	-86.000000
968.764000	968.884297	4.959935E-4	1.046703E-2	79.999800	2690765.000000	2690795.000000	-30.000000
968.763000	968.883281	4.958032E-4	1.045411E-2	80.005200	2693868.000000	2693898.000000	-30.000000
968.763000	968.882342	4.956866E-4	1.043983E-2	79.996800	2696957.000000	2696988.000000	-31.000000
968.762000	968.881404	4.955359E-4	1.042336E-2	80.023000	2700064.000000	2700094.000000	-30.000000
968.761000	968.880466	4.954997E-4	1.040914E-2	80.027400	2703157.000000	2703178.000000	-21.000000
968.761000	968.879528	4.954137E-4	1.039505E-2	80.017100	2706257.000000	2706288.000000	-31.000000
968.760000	968.878512	4.954339E-4	1.038903E-2	80.020100	2709362.000000	2709393.000000	-31.000000
968.760000	968.877495	4.954565E-4	1.037984E-2	80.024700	2712454.000000	2712482.000000	-28.000000
968.757000	968.876479	4.955424E-4	1.036821E-2	80.040800	2715557.000000	2715587.000000	-30.000000
968.754000	968.875541	4.959474E-4	1.035349E-2	80.036500	2718663.000000	2718690.000000	-27.000000
968.753000	968.874603	4.962013E-4	1.034295E-2	80.024200	2721752.000000	2721782.000000	-30.000000
968.752000	968.873665	4.963830E-4	1.033381E-2	80.024500	2724858.000000	2724887.000000	-29.000000
968.752000	968.872726	4.963808E-4	1.032791E-2	80.020100	2727963.000000	2727992.000000	-29.000000
968.752000	968.871788	4.964022E-4	1.031968E-2	80.024500	2731052.000000	2731082.000000	-30.000000
968.751000	968.870850	4.967969E-4	1.031721E-2	80.026500	2734157.000000	2734188.000000	-31.000000
968.750000	968.869912	4.969389E-4	1.030935E-2	80.016800	2737190.000000	2737257.000000	-67.000000
968.750000	968.868974	4.970178E-4	1.029354E-2	80.019900	2740351.000000	2740378.000000	-27.000000
968.749000	968.868036	4.972306E-4	1.027849E-2	80.016000	2743454.000000	2743483.000000	-29.000000
968.748000	968.867098	4.973366E-4	1.026140E-2	80.017900	2746546.000000	2746573.000000	-27.000000
968.747000	968.866159	4.975059E-4	1.025122E-2	80.008000	2749652.000000	2749682.000000	-30.000000
968.747000	968.865221	4.975679E-4	1.023605E-2	80.009800	2752753.000000	2752782.000000	-29.000000
968.746000	968.864283	4.978474E-4	1.022206E-2	80.003800	2755846.000000	2755874.000000	-28.000000
968.744000	968.863423	4.975825E-4	1.018255E-2	79.988800	2758948.000000	2758979.000000	-31.000000
968.743000	968.862563	4.974177E-4	1.015004E-2	79.996400	2761980.000000	2762044.000000	-64.000000
968.743000	968.861625	4.971669E-4	1.012955E-2	79.997900	2765143.000000	2765173.000000	-30.000000
968.742000	968.860687	4.970829E-4	1.012258E-2	79.996000	2768247.000000	2768277.000000	-30.000000
968.742000	968.859749	4.970540E-4	1.011730E-2	79.985400	2771354.000000	2771380.000000	-26.000000
968.742000	968.858811	4.969309E-4	1.010864E-2	79.977500	2774444.000000	2774473.000000	-29.000000
968.741000	968.857951	4.969885E-4	1.008665E-2	80.007100	2777547.000000	2777575.000000	-28.000000
968.740000	968.857091	4.972224E-4	1.006851E-2	80.001400	2780643.000000	2780673.000000	-30.000000
968.739000	968.856152	4.974052E-4	1.005601E-2	80.002000	2783740.000000	2783767.000000	-27.000000
968.738000	968.855214	4.972487E-4	1.004826E-2	79.989300	2786774.000000	2786847.000000	-73.000000
968.738000	968.854276	4.972435E-4	1.004549E-2	79.977300	2789875.000000	2789943.000000	-68.000000
968.738000	968.853338	4.972509E-4	1.004081E-2	79.973200	2793043.000000	2793074.000000	-31.000000
968.738000	968.852478	4.973115E-4	1.003782E-2	79.977100	2796147.000000	2796178.000000	-31.000000
968.737000	968.851540	4.977715E-4	1.003649E-2	79.977100	2799236.000000	2799265.000000	-29.000000
968.736000	968.850680	4.982979E-4	1.003304E-2	79.981600	2802340.000000	2802370.000000	-30.000000
968.735000	968.849742	4.984680E-4	1.003090E-2	79.993200	2805442.000000	2805470.000000	-28.000000
968.735000	968.848882	4.986728E-4	1.002999E-2	79.990900	2808534.000000	2808562.000000	-28.000000
968.734000	968.847865	4.989256E-4	1.003114E-2	80.032800	2811637.000000	2811668.000000	-31.000000
968.733000	968.846849	4.992102E-4	1.003201E-2	80.021600	2814742.000000	2814770.000000	-28.000000
968.733000	968.845911	4.994821E-4	1.003229E-2	80.014500	2817835.000000	2817863.000000	-28.000000
968.731000	968.845051	4.999957E-4	1.003739E-2	79.996700	2820940.000000	2820966.000000	-26.000000
968.730000	968.844112	5.002324E-4	1.003967E-2	79.997500	2824035.000000	2824067.000000	-32.000000
968.730000	968.843252	5.002491E-4	1.003916E-2	79.992800	2827130.000000	2827156.000000	-26.000000
968.729000	968.842627	5.002930E-4	1.003964E-2	79.975300	2830231.000000	2830259.000000	-28.000000
968.728000	968.841689	5.000762E-4	1.003496E-2	79.995300	2833329.000000	2833357.000000	-28.000000
968.728000	968.840829	5.001101E-4	1.003575E-2	80.005800	2836430.000000	2836458.000000	-28.000000
968.727000	968.839891	4.999792E-4	1.003350E-2	80.000500	2839538.000000	2839566.000000	-28.000000
968.727000	968.839031	4.998516E-4	1.003086E-2	80.018400	2842624.000000	2842653.000000	-29.000000
968.726000	968.838171	4.997822E-4	1.003003E-2	80.008800	2845731.000000	2845761.000000	-30.000000
968.726000	968.837232	4.997909E-4	1.003106E-2	80.012500	2848835.000000	2848866.000000	-31.000000
968.726000	968.836294	4.995577E-4	1.002713E-2	80.021200	2851925.000000	2851955.000000	-30.000000
968.725000	968.835278	4.992746E-4	4.080167E-1	80.013600	2855030.000000	2855059.000000	-29.000000
968.724000	968.834261	4.992195E-4	1.002133E-2	80.024400	2858134.000000	2858164.000000	-30.000000
968.724000	968.833245	4.990730E-4	1.756015E+0	80.014600	2861224.000000	2861254.000000	-30.000000
968.723000	968.832229	4.989359E-4	1.001551E-2	80.019900	2864325.000000	2864354.000000	-29.000000
968.722000	968.831212	4.987909E-4	1.001281E-2	80.028100	2867420.000000	2867449.000000	-29.000000
968.722000	968.830196	4.987083E-4	1.001221E-2	80.047800	2870523.000000	2870552.000000	-29.000000
968.720000	968.829180	4.988330E-4	1.001408E-2	80.033100	2873626.000000	2873655.000000	-29.000000
968.719000	968.828241	4.989325E-4	1.001487E-2	80.030000	2876717.000000	2876739.000000	-22.000000
968.719000	968.827303	4.988903E-4	1.001244E-2	80.026200	2879821.000000	2879848.000000	-27.000000
968.718000	968.826365	4.988910E-4	1.001280E-2	80.021200	2882931.000000	2882959.000000	-28.000000
968.717000	968.825349	4.989730E-4	1.001284E-2	80.024200	2886018.000000	2886048.000000	-30.000000
968.717000	968.824332	4.989189E-4	1.001124E-2	80.025000	2889123.000000	2889152.000000	-29.000000
968.716000	968.823394	4.992661E-4	1.001478E-2	80.024500	2892226.000000	2892255.000000	-29.000000
968.715000	968.822378	4.993123E-4	1.001407E-2	80.005100	2895315.000000	2895345.000000	-30.000000
968.714000	968.821439	4.993415E-4	1.001246E-2	79.998300	2898421.000000	2898451.000000	-30.000000
968.712000	968.857951	4.988259E-4	9.993945E-3	79.989400	2938548.000000	2938613.000000	-65.000000
968.711000	968.856934	4.988152E-4	9.989403E-3	80.001000	2941706.000000	2941736.000000	-30.000000
968.711000	968.855996	4.984653E-4	9.978503E-3	79.989700	2944739.000000	2944809.000000	-70.000000
968.710000	968.855058	4.982358E-4	9.967968E-3	79.997400	2947912.000000	2947940.000000	-28.000000
968.710000	968.854120	4.979134E-4	9.958995E-3	79.998800	2950936.000000	2951006.000000	-70.000000
968.709000	968.853260	4.978686E-4	9.954638E-3	80.010200	2954106.000000	2954134.000000	-28.000000
968.709000	968.852243	4.977349E-4	9.948668E-3	80.018100	2957206.000000	2957233.000000	-27.000000
968.708000	968.851305	4.974686E-4	9.940003E-3	80.009600	2960299.000000	2960329.000000	-30.000000
968.708000	968.850367	4.973453E-4	9.931380E-3	80.007000	2963333.000000	2963403.000000	-70.000000
968.707000	968.849429	4.971115E-4	9.919701E-3	80.008300	2966511.000000	2966540.000000	-29.000000
968.706000	968.848569	4.970490E-4	9.909292E-3	80.019900	2969601.000000	2969631.000000	-30.000000
968.705000	968.847709	4.968826E-4	9.897599E-3	80.022900	2972701.000000	2972729.000000	-28.000000
968.704000	968.847083	4.969283E-4	9.892385E-3	80.026400	2975807.000000	2975834.000000	-27.000000
968.704000	968.846145	4.973731E-4	9.896162E-3	80.030100	2978897.000000	2978929.000000	-32.000000
968.703000	968.845285	4.971040E-4	9.886518E-3	80.030300	2982001.000000	2982028.000000	-27.000000
968.703000	968.844425	4.965463E-4	9.873674E-3	80.021300	2985091.000000	2985122.000000	-31.000000
968.703000	968.844425	4.969260E-4	9.881975E-3	80.021200	2987605.000000	2987632.000000	-27.000000
968.703000	968.843565	4.969211E-4	9.879457E-3	79.992800	2990691.000000	2990720.000000	-29.000000
968.702000	968.842627	4.968760E-4	9.875077E-3	80.012100	2993800.000000	2993829.000000	-29.000000
968.701000	968.841689	4.971375E-4	9.871113E-3	79.993100	2996907.000000	2996936.000000	-29.000000
968.701000	968.840751	4.973555E-4	9.868753E-3	80.002600	2999991.000000	3000020.000000	-29.000000
968.700000	968.839891	4.975888E-4	9.867503E-3	79.972600	3003036.000000	3003104.000000	-68.000000
968.700000	968.838952	4.975688E-4	9.862238E-3	79.975000	3006191.000000	3006220.000000	-29.000000
968.699000	968.838171	4.976247E-4	9.859360E-3	79.983600	3009290.000000	3009319.000000	-29.000000
968.699000	968.837311	4.976815E-4	9.858926E-3	79.992400	3012398.000000	3012427.000000	-29.000000
968.699000	968.836372	4.977538E-4	9.857084E-3	79.993400	3015486.000000	3015515.000000	-29.000000
968.699000	968.835434	4.977246E-4	9.853484E-3	79.976300	3018592.000000	3018621.000000	-29.000000
968.698000	968.834574	4.978157E-4	9.847738E-3	79.961000	3021696.000000	3021725.000000	-29.000000
968.698000	968.833714	4.981074E-4	9.840854E-3	79.969700	3024782.000000	3024812.000000	-30.000000
968.698000	968.832776	4.982917E-4	9.836125E-3	79.988300	3027891.000000	3027921.000000	-30.000000
968.697000	968.831838	4.984660E-4	9.831517E-3	79.990600	3030996.000000	3031026.000000	-30.000000
968.697000	968.830900	4.983129E-4	9.823089E-3	79.983900	3034086.000000	3034114.000000	-28.000000
968.697000	968.829961	4.983262E-4	9.816560E-3	80.002600	3037130.000000	3037197.000000	-67.000000
968.696000	968.829101	4.983929E-4	9.808225E-3	79.998100	3040218.000000	3040286.000000	-68.000000
968.696000	968.828163	4.983974E-4	9.800446E-3	79.997400	3043381.000000	3043412.000000	-31.000000
968.695000	968.827225	4.983532E-4	9.785698E-3	79.998500	3046586.000000	3046616.000000	-30.000000
968.694000	968.826443	4.981541E-4	9.764123E-3	80.001700	3049689.000000	3049717.000000	-28.000000
968.694000	968.825505	4.980134E-4	9.745631E-3	80.004400	3052779.000000	3052811.000000	-32.000000
968.693000	968.824723	4.980204E-4	9.732157E-3	80.008500	3055883.000000	3055912.000000	-29.000000
968.692000	968.823785	4.980429E-4	9.715209E-3	79.995700	3058912.000000	3058992.000000	-80.000000
968.691000	968.822925	4.980668E-4	9.706637E-3	79.992400	3062080.000000	3062111.000000	-31.000000
968.691000	968.821987	4.980689E-4	9.701824E-3	80.006300	3065183.000000	3065212.000000	-29.000000
968.691000	968.821048	4.979118E-4	9.694133E-3	80.000700	3068214.000000	3068283.000000	-69.000000
968.690000	968.820110	4.978655E-4	9.685831E-3	80.011800	3071376.000000	3071404.000000	-28.000000
968.690000	968.819172	4.979744E-4	9.673621E-3	80.013000	3074411.000000	3074479.000000	-68.000000
968.689000	968.818234	4.981177E-4	9.664223E-3	80.023000	3077575.000000	3077603.000000	-28.000000
968.689000	968.817217	4.982204E-4	9.658230E-3	80.030200	3080674.000000	3080705.000000	-31.000000
968.688000	968.816279	4.983431E-4	9.651006E-3	80.022700	3083782.000000	3083810.000000	-28.000000
968.688000	968.815341	4.984844E-4	9.642709E-3	80.024100	3086809.000000	3086876.000000	-67.000000
968.687000	968.814324	4.988146E-4	9.634822E-3	80.018800	3089914.000000	3089981.000000	-67.000000
968.686000	968.813308	4.990408E-4	9.625779E-3	80.015700	3093078.000000	3093105.000000	-27.000000
968.685000	968.812292	4.992462E-4	9.614553E-3	80.010500	3096171.000000	3096201.000000	-30.000000
968.684000	968.811275	4.995606E-4	9.601308E-3	80.021500	3099278.000000	3099307.000000	-29.000000
968.683000	968.810337	4.999320E-4	6.076728E-1	80.028400	3102376.000000	3102405.000000	-29.000000
968.682000	968.809399	5.002706E-4	9.578179E-3	80.018200	3105469.000000	3105497.000000	-28.000000
968.682000	968.808461	5.006478E-4	9.563647E-3	80.025900	3108575.000000	3108603.000000	-28.000000
968.681000	968.807444	5.009382E-4	9.544446E-3	80.018800	3111678.000000	3111708.000000	-30.000000
968.680000	968.806506	5.010005E-4	9.534288E-3	80.035200	3114703.000000	3114772.000000	-69.000000
968.680000	968.805489	5.010384E-4	9.521042E-3	80.024400	3117876.000000	3117904.000000	-28.000000
968.679000	968.804629	5.009741E-4	9.499392E-3	80.015800	3120906.000000	3120970.000000	-64.000000
968.678000	968.803691	5.009090E-4	9.480919E-3	79.999100	3124014.000000	3124076.000000	-62.000000
968.678000	968.802675	5.008171E-4	9.457875E-3	80.009400	3127171.000000	3127200.000000	-29.000000
968.677000	968.801737	5.007026E-4	9.426085E-3	80.010400	3130262.000000	3130292.000000	-30.000000
968.676000	968.800798	5.005127E-4	9.393821E-3	79.999700	3133364.000000	3133393.000000	-29.000000
968.675000	968.799860	5.001937E-4	9.359038E-3	80.002500	3136470.000000	3136498.000000	-28.000000
968.674000	968.798922	4.998455E-4	9.316078E-3	79.993800	3139561.000000	3139589.000000	-28.000000
968.673000	968.798062	4.997615E-4	9.291402E-3	79.985100	3142665.000000	3142693.000000	-28.000000
968.673000	968.797123	4.997686E-4	9.277014E-3	79.988200	3145770.000000	3145801.000000	-31.000000
968.673000	968.796107	4.997913E-4	9.262458E-3	79.989200	3148860.000000	3148890.000000	-30.000000
968.672000	968.795169	4.999427E-4	9.242393E-3	79.990800	3151961.000000	3151988.000000	-27.000000
968.670000	968.794231	5.003142E-4	9.208688E-3	79.987500	3155063.000000	3155091.000000	-28.000000
968.669000	968.793292	5.005955E-4	9.165776E-3	79.988600	3158159.000000	3158189.000000	-30.000000
968.668000	968.792354	5.007714E-4	9.136799E-3	79.989700	3161263.000000	3161294.000000	-31.000000
968.667000	968.791416	5.007356E-4	9.118573E-3	79.992800	3164355.000000	3164383.000000	-28.000000
968.667000	968.790556	5.009670E-4	9.104655E-3	79.991400	3167460.000000	3167488.000000	-28.000000
968.665000	968.789617	5.014770E-4	9.072186E-3	79.987200	3170564.000000	3170595.000000	-31.000000
968.664000	968.788679	5.018230E-4	9.027991E-3	79.984700	3173653.000000	3173683.000000	-30.000000
968.664000	968.787741	5.018034E-4	9.005530E-3	79.981800	3176755.000000	3176785.000000	-30.000000
968.663000	968.786803	5.017592E-4	8.990335E-3	79.981500	3179862.000000	3179893.000000	-31.000000
968.663000	968.785864	5.018467E-4	8.974253E-3	79.988300	3182951.000000	3182979.000000	-28.000000
968.662000	968.784926	5.018910E-4	8.951195E-3	79.997400	3186056.000000	3186087.000000	-31.000000
968.662000	968.783988	5.019441E-4	8.920446E-3	79.998500	3189159.000000	3189187.000000	-28.000000
968.660000	968.783128	5.020050E-4	8.858655E-3	80.005900	3192250.000000	3192280.000000	-30.000000
968.660000	968.782190	5.019053E-4	8.822463E-3	80.012600	3195356.000000	3195387.000000	-31.000000
968.659000	968.781251	5.018432E-4	8.782605E-3	80.022800	3198384.000000	3198461.000000	-77.000000
968.659000	968.780313	5.017205E-4	8.752687E-3	80.033500	3201550.000000	3201578.000000	-28.000000
968.658000	968.779375	5.015443E-4	8.723066E-3	80.043700	3204653.000000	3204681.000000	-28.000000
968.657000	968.778436	5.015160E-4	8.689840E-3	80.051800	3207743.000000	3207773.000000	-30.000000
968.657000	968.777498	5.015157E-4	8.648682E-3	80.046900	3210848.000000	3210879.000000	-31.000000
968.656000	968.776560	5.016092E-4	8.592897E-3	80.027600	3213954.000000	3213981.000000	-27.000000
968.655000	968.775622	5.016812E-4	8.546990E-3	80.016200	3217042.000000	3217073.000000	-31.000000
968.653000	968.774683	5.019500E-4	6.881011E-3	80.028800	3220146.000000	3220177.000000	-31.000000
968.652000	968.773823	5.023481E-4	8.431998E-3	80.018700	3223254.000000	3223286.000000	-32.000000
968.651000	968.772963	5.023874E-4	8.409733E-3	80.017500	3226343.000000	3226373.000000	-30.000000
968.651000	968.772025	5.024367E-4	8.391632E-3	80.019500	3229449.000000	3229478.000000	-29.000000
968.650000	968.771087	5.027143E-4	8.365617E-3	80.018100	3232549.000000	3232576.000000	-27.000000
968.650000	968.770148	5.028906E-4	8.337349E-3	80.015700	3235644.000000	3235674.000000	-30.000000
968.649000	968.769132	5.031279E-4	8.301353E-3	80.019700	3238745.000000	3238774.000000	-29.000000
968.648000	968.768115	2.032273E-2	8.258539E-3	80.032800	3241838.000000	3241867.000000	-29.000000
968.647000	968.767099	5.035982E-4	8.209101E-3	80.035000	3244876.000000	3244946.000000	-70.000000
968.646000	968.766161	5.038168E-4	8.152888E-3	80.025400	3248045.000000	3248074.000000	-29.000000
968.646000	968.765144	5.039322E-4	8.104351E-3	80.024000	3251074.000000	3251154.000000	-80.000000
968.645000	968.764128	5.039930E-4	8.050180E-3	80.034000	3254238.000000	3254262.000000	-24.000000
968.644000	968.763111	5.040154E-4	7.992511E-3	80.026400	3257343.000000	3257372.000000	-29.000000
968.643000	968.762095	5.038660E-4	7.922362E-3	80.018800	3260434.000000	3260466.000000	-32.000000
968.642000	968.761156	5.035650E-4	7.851079E-3	80.009700	3263536.000000	3263565.000000	-29.000000
968.642000	968.760218	5.032514E-4	7.773080E-3	80.013500	3266642.000000	3266671.000000	-29.000000
968.641000	968.759201	5.029846E-4	7.704978E-3	80.028600	3269732.000000	3269761.000000	-29.000000
968.641000	968.758185	5.027311E-4	7.653694E-3	80.032400	3272839.000000	3272866.000000	-27.000000
968.639000	968.757168	5.023429E-4	7.556172E-3	80.030800	3275936.000000	3275964.000000	-28.000000
968.639000	968.756152	5.020090E-4	7.477181E-3	80.036700	3279039.000000	3279071.000000	-32.000000
968.638000	968.755135	5.018155E-4	7.423056E-3	80.017800	3282137.000000	3282166.000000	-29.000000
968.638000	968.754119	5.016617E-4	7.385046E-3	80.012400	3285225.000000	3285254.000000	-29.000000
968.637000	968.753181	5.015916E-4	7.325049E-3	80.002000	3288329.000000	3288357.000000	-28.000000
968.636000	968.752242	5.015284E-4	7.224948E-3	79.995800	3291436.000000	3291467.000000	-31.000000
968.634000	968.751304	5.015921E-4	7.127972E-3	79.998700	3294524.000000	3294550.000000	-26.000000
968.633000	968.750288	5.018906E-4	7.024523E-3	79.989100	3297632.000000	3297661.000000	-29.000000
968.632000	968.749349	5.020054E-4	6.939962E-3	79.985500	3300667.000000	3300735.000000	-68.000000
968.631000	968.748489	5.020264E-4	6.880157E-3	79.976000	3303822.000000	3303851.000000	-29.000000
968.631000	968.747551	5.020030E-4	6.844212E-3	79.976300	3306928.000000	3306960.000000	-32.000000
968.630000	968.746534	5.020570E-4	6.809816E-3	79.983800	3310033.000000	3310059.000000	-26.000000
968.630000	968.745596	5.021190E-4	6.736794E-3	79.972800	3313123.000000	3313151.000000	-28.000000
968.629000	968.744658	5.021146E-4	6.619805E-3	79.966500	3316229.000000	3316258.000000	-29.000000
968.628000	968.743797	5.018948E-4	6.519606E-3	79.963300	3319325.000000	3319352.000000	-27.000000
968.627000	968.742859	5.017691E-4	6.442237E-3	79.971200	3322422.000000	3322449.000000	-27.000000
968.627000	968.741843	5.016782E-4	6.397888E-3	79.980200	3325529.000000	3325560.000000	-31.000000
968.626000	968.740904	5.015613E-4	6.350307E-3	79.977900	3328617.000000	3328647.000000	-30.000000
968.626000	968.739966	5.013370E-4	6.251294E-3	79.974700	3331721.000000	3331751.000000	-30.000000
968.626000	968.739106	5.010365E-4	6.150078E-3	79.983000	3334829.000000	3334858.000000	-29.000000
968.625000	968.738246	5.007915E-4	6.061912E-3	79.988500	3337917.000000	3337949.000000	-32.000000
968.625000	968.737386	5.006445E-4	5.976801E-3	80.003600	3341021.000000	3341051.000000	-30.000000
968.625000	968.736447	5.004892E-4	5.950580E-3	80.001900	3344127.000000	3344158.000000	-31.000000
968.625000	968.735431	5.003771E-4	5.935805E-3	79.991400	3347215.000000	3347244.000000	-29.000000
968.624000	968.734492	5.002369E-4	5.907826E-3	79.992100	3350251.000000	3350328.000000	-77.000000
968.624000	968.733476	5.001351E-4	5.862675E-3	80.002200	3353424.000000	3353451.000000	-27.000000
968.624000	968.732538	5.000380E-4	5.789401E-3	79.993200	3356515.000000	3356546.000000	-31.000000
968.623000	968.731677	4.998139E-4	5.664866E-3	80.000600	3359558.000000	3359623.000000	-65.000000
968.622000	968.730739	4.996936E-4	5.582474E-3	80.008800	3362710.000000	3362735.000000	-25.000000
968.622000	968.729879	4.996275E-4	5.523159E-3	80.005500	3365813.000000	3365840.000000	-27.000000
968.621000	968.728941	4.996727E-4	5.437759E-3	80.016800	3368918.000000	3368949.000000	-31.000000
968.621000	968.728080	4.996094E-4	5.369074E-3	80.017600	3372006.000000	3372036.000000	-30.000000
968.620000	968.727064	4.996293E-4	5.299148E-3	80.020300	3375112.000000	3375143.000000	-31.000000
968.619000	968.726125	4.998508E-4	5.196482E-3	80.043300	3378146.000000	3378218.000000	-72.000000
968.618000	968.725265	5.001848E-4	5.063608E-3	80.042500	3381306.000000	3381334.000000	-28.000000
968.617000	968.724327	5.004733E-4	4.938979E-3	80.024200	3384411.000000	3384441.000000	-30.000000
968.616000	968.723389	5.008983E-4	4.809403E-3	80.013800	3387519.000000	3387548.000000	-29.000000
968.615000	968.722528	5.011784E-4	4.702227E-3	80.011500	3390545.000000	3390614.000000	-69.000000
968.615000	968.721590	5.012181E-4	4.647473E-3	80.012700	3393711.000000	3393742.000000	-31.000000
968.614000	968.720652	5.012777E-4	4.587202E-3	80.013500	3396814.000000	3396842.000000	-28.000000
968.613000	968.719713	5.015853E-4	4.449426E-3	80.020400	3399904.000000	3399934.000000	-30.000000
968.612000	968.718853	5.016954E-4	4.299231E-3	80.015900	3403010.000000	3403039.000000	-29.000000
968.612000	968.717837	5.016369E-4	4.213387E-3	80.013500	3406046.000000	3406111.000000	-65.000000
968.612000	968.716820	5.018600E-4	4.141638E-3	80.024700	3409204.000000	3409234.000000	-30.000000
968.611000	968.715882	5.018475E-4	4.045861E-3	80.015400	3412242.000000	3412310.000000	-68.000000
968.611000	968.714865	5.018275E-4	3.948097E-3	80.006300	3415399.000000	3415429.000000	-30.000000
968.610000	968.713849	5.017666E-4	3.830012E-3	80.007800	3418442.000000	3418506.000000	-64.000000
968.609000	968.712910	5.017042E-4	3.699334E-3	80.010500	3421607.000000	3421637.000000	-30.000000
968.608000	968.711894	5.017634E-4	3.535982E-3	80.022800	3424696.000000	3424725.000000	-29.000000
968.608000	968.710877	5.014772E-4	3.375568E-3	80.035600	3427802.000000	3427831.000000	-29.000000
968.607000	968.709861	5.012469E-4	3.232620E-3	80.028000	3430911.000000	3430939.000000	-28.000000
968.606000	968.708922	5.013977E-4	3.082382E-3	80.033100	3433945.000000	3434013.000000	-68.000000
968.605000	968.707906	5.016032E-4	2.939383E-3	80.012200	3437101.000000	3437130.000000	-29.000000
968.604000	968.706889	5.016664E-4	2.812581E-3	79.993900	3440144.000000	3440211.000000	-67.000000
968.603000	968.705872	5.019508E-4	2.640657E-3	79.995700	3443295.000000	3443322.000000	-27.000000
968.602000	968.705012	5.023922E-4	2.410932E-3	79.994100	3446398.000000	3446428.000000	-30.000000
968.601000	968.704074	5.022910E-4	2.281258E-3	80.000300	3449425.000000	3449504.000000	-79.000000
968.600000	968.703057	5.025161E-4	2.210484E-3	79.993500	3452592.000000	3452616.000000	-24.000000
968.600000	968.702041	5.025520E-4	2.126291E-3	80.008000	3455698.000000	3455725.000000	-27.000000
968.596000	968.735353	5.037375E-4	1.483282E-3	80.008500	3509580.000000	3509608.000000	-28.000000
968.595000	968.734414	5.039062E-4	1.347143E-3	79.994300	3512618.000000	3512687.000000	-69.000000
968.595000	968.733398	5.040870E-4	1.261286E-3	79.990100	3515787.000000	3515816.000000	-29.000000
968.594000	968.732459	5.037915E-4	1.193268E-3	79.987800	3518877.000000	3518908.000000	-31.000000
968.594000	968.731521	5.037686E-4	1.107103E-3	79.986000	3521983.000000	3522012.000000	-29.000000
968.593000	968.730583	5.038154E-4	9.881784E-4	79.982600	3525080.000000	3525110.000000	-30.000000
968.591000	968.729722	5.033282E-4	8.350166E-4	79.985800	3528175.000000	3528204.000000	-29.000000
968.591000	968.728784	5.030391E-4	7.422520E-4	79.983600	3531280.000000	3531309.000000	-29.000000
968.590000	968.727846	5.028374E-4	6.826709E-4	79.988800	3534320.000000	3534386.000000	-66.000000
968.590000	968.726907	5.028807E-4	5.995559E-4	79.991900	3537473.000000	3537503.000000	-30.000000
968.589000	968.725969	5.027100E-4	5.230309E-4	79.986300	3540580.000000	3540607.000000	-27.000000
968.588000	968.725031	5.027544E-4	4.340161E-4	80.005600	3543671.000000	3543698.000000	-27.000000
968.587000	968.724092	5.029565E-4	3.762321E-4	80.004900	3546777.000000	3546807.000000	-30.000000
968.587000	968.723154	5.026660E-4	3.464738E-4	79.987600	3549881.000000	3549910.000000	-29.000000
968.586000	968.722216	5.025559E-4	3.164522E-4	79.984700	3552911.000000	3552976.000000	-65.000000
968.586000	968.721199	5.028481E-4	2.742720E-4	79.975700	3556076.000000	3556105.000000	-29.000000
968.585000	968.720261	5.031610E-4	2.212830E-4	79.975600	3559177.000000	3559207.000000	-30.000000
968.583000	968.719322	5.035666E-4	1.695820E-4	79.982000	3562265.000000	3562295.000000	-30.000000
968.582000	968.718384	5.035680E-4	1.423473E-4	79.982600	3565375.000000	3565406.000000	-31.000000
968.582000	968.717446	5.039420E-4	1.172815E-4	80.006700	3568471.000000	3568501.000000	-30.000000
968.581000	968.716507	5.039854E-4	8.729980E-5	80.020400	3571567.000000	3571597.000000	-30.000000
968.580000	968.715569	5.041514E-4	6.914896E-5	80.005200	3574673.000000	3574701.000000	-28.000000
968.578000	968.714631	5.044761E-4	5.289629E-5	79.984200	3577763.000000	3577793.000000	-30.000000
968.578000	968.713770	5.046851E-4	3.953426E-5	79.983700	3580867.000000	3580898.000000	-31.000000
968.577000	968.712832	5.044578E-4	3.019281E-5	79.997900	3583973.000000	3584000.000000	-27.000000
968.576000	968.711972	5.044479E-4	2.135371E-5	80.011400	3587061.000000	3587091.000000	-30.000000
968.575000	968.711034	5.044737E-4	1.698902E-5	79.999400	3590165.000000	3590195.000000	-30.000000
968.575000	968.710173	5.043098E-4	1.486912E-5	79.986800	3593269.000000	3593296.000000	-27.000000
968.574000	968.709235	5.042960E-4	1.317646E-5	79.988000	3596359.000000	3596389.000000	-30.000000
968.574000	968.708218	5.041599E-4	4.045638E-4	79.977800	3599464.000000	3599492.000000	-28.000000
968.573000	968.707280	5.039722E-4	7.788795E-6	79.978800	3602569.000000	3602598.000000	-29.000000
968.572000	968.706342	5.037532E-4	6.200171E-6	79.983600	3605659.000000	3605688.000000	-29.000000
968.571000	968.705325	5.037208E-4	5.842383E-6	79.979000	3608765.000000	3608796.000000	-31.000000
968.571000	968.704309	5.036426E-4	5.551084E-6	79.989700	3611858.000000	3611886.000000	-28.000000
968.570000	968.703370	5.035232E-4	5.207706E-6	80.007200	3614958.000000	3614988.000000	-30.000000
968.570000	968.702354	5.035760E-4	4.828635E-6	80.002300	3618065.000000	3618096.000000	-31.000000
968.569000	968.701337	5.038237E-4	4.522393E-6	80.002300	3621153.000000	3621176.000000	-23.000000
968.569000	968.700320	5.041600E-4	4.271695E-6	79.996800	3624259.000000	3624289.000000	-30.000000
968.568000	968.699382	5.043966E-4	4.090207E-6	79.995600	3627301.000000	3627370.000000	-69.000000
968.566000	968.698365	5.045214E-4	3.949770E-6	80.006400	3630454.000000	3630483.000000	-29.000000
968.566000	968.697349	5.047540E-4	3.863124E-6	79.998800	3633556.000000	3633586.000000	-30.000000
968.565000	968.696332	5.050282E-4	3.803361E-6	80.040300	3636660.000000	3636689.000000	-29.000000
968.564000	968.695316	5.053833E-4	3.760861E-6	80.055200	3639751.000000	3639779.000000	-28.000000
968.563000	968.694377	5.055647E-4	3.725965E-6	80.026400	3642852.000000	3642880.000000	-28.000000
968.562000	968.693439	5.056182E-4	3.691087E-6	80.017600	3645958.000000	3645987.000000	-29.000000
968.561000	968.692657	5.055480E-4	3.675176E-6	79.997800	3649048.000000	3649079.000000	-31.000000
968.560000	968.691718	5.055304E-4	3.677769E-6	79.989500	3652088.000000	3652158.000000	-70.000000
968.560000	968.690702	5.053238E-4	3.681743E-6	79.990800	3655244.000000	3655272.000000	-28.000000
968.559000	968.689685	5.050626E-4	3.689830E-6	79.991200	3658349.000000	3658376.000000	-27.000000
968.559000	968.688669	5.049808E-4	3.700076E-6	80.005300	3661393.000000	3661464.000000	-71.000000
968.558000	968.687652	5.048458E-4	3.720552E-6	80.000700	3664539.000000	3664569.000000	-30.000000
968.557000	968.686635	5.044359E-4	3.772121E-6	80.008600	3667649.000000	3667676.000000	-27.000000
968.556000	968.685697	5.039503E-4	3.848441E-6	80.001200	3670753.000000	3670783.000000	-30.000000
968.556000	968.684759	5.035526E-4	3.943434E-6	80.000600	3673843.000000	3673871.000000	-28.000000
968.555000	968.683742	5.033864E-4	4.044169E-6	79.997700	3676946.000000	3676975.000000	-29.000000
968.554000	968.682804	5.031934E-4	4.229970E-6	79.995300	3680054.000000	3680083.000000	-29.000000
968.553000	968.681943	5.030003E-4	4.671892E-6	79.999900	3683241.000000	3683270.000000	-29.000000
968.552000	968.681005	5.026610E-4	5.316530E-6	79.993800	3686345.000000	3686374.000000	-29.000000
968.551000	968.680145	5.022721E-4	6.102652E-6	80.007600	3689447.000000	3689475.000000	-28.000000
968.551000	968.679206	5.023108E-4	6.720966E-6	80.009000	3692539.000000	3692568.000000	-29.000000
968.550000	968.678268	5.022862E-4	7.177432E-6	80.018800	3695643.000000	3695674.000000	-31.000000
968.550000	968.677330	5.021962E-4	7.990397E-6	80.016600	3698745.000000	3698776.000000	-31.000000
968.549000	968.676391	5.021610E-4	9.809846E-6	80.011600	3701838.000000	3701865.000000	-27.000000
968.549000	968.675453	5.022680E-4	1.150541E-5	80.014800	3704941.000000	3704968.000000	-27.000000
968.548000	968.674514	5.024602E-4	1.479584E-5	80.010800	3708046.000000	3708075.000000	-29.000000
968.548000	968.673576	5.023797E-4	1.649770E-5	80.009300	3711134.000000	3711161.000000	-27.000000
968.548000	968.672637	5.024493E-4	1.842417E-5	80.016300	3714242.000000	3714271.000000	-29.000000
968.548000	968.671621	5.024106E-4	2.118149E-5	80.015000	3717341.000000	3717370.000000	-29.000000
968.547000	968.670604	5.024166E-4	2.572774E-5	80.011700	3720435.000000	3720464.000000	-29.000000
968.547000	968.669666	5.023293E-4	3.284677E-5	80.007000	3723538.000000	3723567.000000	-29.000000
968.546000	968.668727	5.022457E-4	4.040841E-5	80.011200	3726627.000000	3726657.000000	-30.000000
968.545000	968.667789	5.021202E-4	5.041410E-5	80.016400	3729734.000000	3729763.000000	-29.000000
968.544000	968.666772	5.020238E-4	6.373056E-5	80.008200	3732840.000000	3732868.000000	-28.000000
968.544000	968.665834	5.015840E-4	7.535374E-5	80.008300	3735928.000000	3735959.000000	-31.000000
968.543000	968.664817	5.011689E-4	9.332526E-5	80.004100	3739030.000000	3739057.000000	-27.000000
968.542000	968.663957	5.007997E-4	1.196753E-4	80.001900	3742139.000000	3742168.000000	-29.000000
968.540000	968.663019	5.003632E-4	1.465766E-4	80.026300	3745225.000000	3745254.000000	-29.000000
968.539000	968.662080	5.001795E-4	1.739916E-4	80.021200	3748332.000000	3748359.000000	-27.000000
968.539000	968.661142	5.001223E-4	1.978619E-4	80.004300	3751437.000000	3751466.000000	-29.000000
968.539000	968.660203	4.998654E-4	2.190600E-4	80.004300	3754524.000000	3754552.000000	-28.000000
968.538000	968.659187	4.996997E-4	2.474934E-4	80.000200	3757632.000000	3757662.000000	-30.000000
968.537000	968.658248	4.996482E-4	2.836627E-4	79.992000	3760727.000000	3760758.000000	-31.000000
968.536000	968.657388	4.996716E-4	3.362173E-4	79.987900	3763823.000000	3763851.000000	-28.000000
968.535000	968.656449	4.998470E-4	3.836298E-4	79.973400	3766928.000000	3766958.000000	-30.000000
968.535000	968.655511	4.999778E-4	4.167144E-4	79.986400	3770018.000000	3770047.000000	-29.000000
968.534000	968.654494	5.002510E-4	8.003676E-1	79.981600	3773123.000000	3773153.000000	-30.000000
968.534000	968.653399	5.006120E-4	5.192604E-4	79.976400	3776227.000000	3776258.000000	-31.000000
968.533000	968.652383	5.009616E-4	5.776709E-4	79.975000	3779431.000000	3779460.000000	-29.000000
968.532000	968.651366	5.011671E-4	6.439114E-4	79.981400	3782471.000000	3782534.000000	-63.000000
968.531000	968.650350	5.014360E-4	7.204497E-4	79.968900	3785624.000000	3785653.000000	-29.000000
968.530000	968.649333	5.020795E-4	8.002053E-4	79.979400	3788727.000000	3788757.000000	-30.000000
968.529000	968.648394	5.023339E-4	8.787371E-4	79.992500	3791759.000000	3791841.000000	-82.000000
968.528000	968.647378	5.024272E-4	9.677827E-4	79.995100	3794922.000000	3794953.000000	-31.000000
968.527000	968.646361	5.025179E-4	1.054083E-3	79.982600	3798014.000000	3798043.000000	-29.000000
968.526000	968.645344	5.025872E-4	1.143832E-3	79.984100	3801062.000000	3801130.000000	-68.000000
968.526000	968.644328	5.027908E-4	1.247974E-3	79.981000	3804220.000000	3804248.000000	-28.000000
968.522000	968.658796	5.027529E-4	1.597556E-3	80.005900	3842360.000000	3842427.000000	-67.000000
968.522000	968.657857	5.027219E-4	1.729508E-3	80.009200	3845504.000000	3845533.000000	-29.000000
968.521000	968.656919	5.025479E-4	1.818858E-3	80.004200	3848613.000000	3848639.000000	-26.000000
968.521000	968.655980	5.024614E-4	1.895351E-3	80.000500	3851714.000000	3851742.000000	-28.000000
968.520000	968.655042	5.024737E-4	2.034628E-3	79.994500	3854757.000000	3854820.000000	-63.000000
968.519000	968.654103	5.025920E-4	2.183182E-3	80.003400	3857909.000000	3857937.000000	-28.000000
968.518000	968.653165	5.027967E-4	2.327702E-3	80.011100	3861004.000000	3861032.000000	-28.000000
968.517000	968.652148	5.032414E-4	2.489035E-3	80.009700	3864102.000000	3864129.000000	-27.000000
968.516000	968.651210	5.035644E-4	2.665356E-3	79.980200	3867208.000000	3867229.000000	-21.000000
968.515000	968.650271	5.039097E-4	2.842899E-3	80.011000	3870295.000000	3870325.000000	-30.000000
968.514000	968.649411	5.043791E-4	3.070747E-3	79.999200	3873347.000000	3873414.000000	-67.000000
968.513000	968.648473	5.046570E-4	3.243701E-3	79.991700	3876507.000000	3876536.000000	-29.000000
968.512000	968.647456	5.047732E-4	3.311700E-3	79.997400	3879595.000000	3879625.000000	-30.000000
968.512000	968.646439	5.048330E-4	3.363648E-3	79.990500	3882702.000000	3882731.000000	-29.000000
968.512000	968.645501	5.046538E-4	3.446633E-3	79.979600	3885806.000000	3885837.000000	-31.000000
968.511000	968.644562	5.046191E-4	3.585731E-3	80.016900	3888896.000000	3888925.000000	-29.000000
968.510000	968.643546	5.045444E-4	3.116922E-3	80.019100	3891998.000000	3892023.000000	-25.000000
968.509000	968.642607	5.045429E-4	3.824601E-3	79.994300	3895102.000000	3895132.000000	-30.000000
968.508000	968.641591	5.043421E-4	3.926293E-3	79.992800	3898193.000000	3898221.000000	-28.000000
968.507000	968.640574	5.040953E-4	4.063989E-3	79.985800	3901248.000000	3901312.000000	-64.000000
968.506000	968.639557	5.038039E-4	4.205501E-3	79.984500	3904390.000000	3904418.000000	-28.000000
968.505000	968.638541	5.035934E-4	4.349265E-3	80.019000	3907493.000000	3907522.000000	-29.000000
968.505000	968.637524	5.034884E-4	4.452752E-3	79.991400	3910599.000000	3910627.000000	-28.000000
968.502000	968.639870	5.035399E-4	4.826422E-3	80.014400	3951990.000000	3952019.000000	-29.000000
968.502000	968.638932	5.036279E-4	4.921014E-3	80.008800	3955078.000000	3955105.000000	-27.000000
968.501000	968.637993	5.037629E-4	5.086261E-3	79.992400	3958182.000000	3958208.000000	-26.000000
968.500000	968.637133	5.040085E-4	5.206649E-3	79.987100	3961292.000000	3961323.000000	-31.000000
968.499000	968.636273	5.043596E-4	5.327024E-3	79.977600	3964381.000000	3964411.000000	-30.000000
968.498000	968.635334	5.048214E-4	5.459478E-3	80.013200	3967484.000000	3967514.000000	-30.000000
968.498000	968.634396	5.049857E-4	5.530938E-3	80.002800	3970577.000000	3970604.000000	-27.000000
968.498000	968.633379	5.050995E-4	5.569574E-3	79.987500	3973679.000000	3973708.000000	-29.000000
968.497000	968.632440	5.052140E-4	5.619198E-3	79.979000	3976785.000000	3976813.000000	-28.000000
968.496000	968.631502	5.053994E-4	5.708791E-3	79.973500	3979867.000000	3979898.000000	-31.000000
968.496000	968.630563	5.057515E-4	5.833540E-3	79.995100	3982981.000000	3983009.000000	-28.000000
968.495000	968.629625	5.058996E-4	5.902272E-3	79.989700	3986083.000000	3986113.000000	-30.000000
968.494000	968.628686	5.060734E-4	5.979608E-3	79.969800	3989123.000000	3989193.000000	-70.000000
968.493000	968.627748	5.061942E-4	6.054608E-3	79.988400	3992278.000000	3992307.000000	-29.000000
968.493000	968.626731	5.062929E-4	6.129356E-3	79.981200	3995381.000000	3995409.000000	-28.000000
968.492000	968.625715	5.063146E-4	6.202076E-3	79.975200	3998472.000000	3998503.000000	-31.000000
968.491000	968.624698	5.061985E-4	6.284151E-3	79.986400	4001579.000000	4001607.000000	-28.000000
968.490000	968.623681	5.060522E-4	6.378580E-3	79.980200	4004679.000000	4004708.000000	-29.000000
968.487000	968.624229	5.056256E-4	6.626204E-3	80.023900	4044061.000000	4044090.000000	-29.000000
968.487000	968.623290	5.056252E-4	6.697062E-3	80.016400	4047165.000000	4047193.000000	-28.000000
968.486000	968.622273	5.055794E-4	6.767272E-3	80.014500	4050267.000000	4050295.000000	-28.000000
968.485000	968.621257	5.056061E-4	6.814961E-3	80.025400	4053359.000000	4053389.000000	-30.000000
968.485000	968.620240	5.057138E-4	6.860718E-3	80.010200	4056409.000000	4056474.000000	-65.000000
968.484000	968.619223	5.058808E-4	6.930788E-3	80.013800	4059569.000000	4059599.000000	-30.000000
968.484000	968.618285	5.059709E-4	6.988658E-3	80.023900	4062655.000000	4062682.000000	-27.000000
968.483000	968.617268	5.061400E-4	7.040478E-3	80.024300	4065764.000000	4065794.000000	-30.000000
968.482000	968.616251	5.063117E-4	7.104919E-3	80.013600	4068857.000000	4068883.000000	-26.000000
968.481000	968.615235	5.065804E-4	7.187343E-3	80.014200	4071957.000000	4071988.000000	-31.000000
968.481000	968.614218	5.067308E-4	7.271895E-3	80.023400	4075062.000000	4075092.000000	-30.000000
968.480000	968.613201	8.004055E-1	7.345192E-3	80.025700	4078153.000000	4078180.000000	-27.000000
968.479000	968.612185	5.070205E-4	7.412338E-3	80.028400	4081257.000000	4081286.000000	-29.000000
968.478000	968.611246	5.070374E-4	7.502687E-3	80.028800	4084362.000000	4084392.000000	-30.000000
968.477000	968.610308	5.068494E-4	7.567263E-3	80.030200	4087453.000000	4087481.000000	-28.000000
968.476000	968.609447	5.067782E-4	7.632212E-3	80.021800	4090555.000000	4090585.000000	-30.000000
968.474000	968.608509	5.065236E-4	7.717119E-3	80.020000	4093660.000000	4093689.000000	-29.000000
968.474000	968.607648	5.063318E-4	7.755619E-3	80.031600	4096746.000000	4096774.000000	-28.000000
968.473000	968.606632	5.060758E-4	7.792650E-3	80.018100	4099792.000000	4099869.000000	-77.000000
968.472000	968.605693	5.058130E-4	7.837960E-3	80.021400	4102957.000000	4102986.000000	-29.000000
968.472000	968.604676	5.054077E-4	7.898124E-3	80.014000	4106051.000000	4106080.000000	-29.000000
968.472000	968.603738	5.048952E-4	7.968334E-3	80.009500	4109157.000000	4109187.000000	-30.000000
968.471000	968.602721	5.045796E-4	8.008377E-3	80.011800	4112244.000000	4112273.000000	-29.000000
968.470000	968.603660	5.037159E-4	8.152310E-3	80.002500	4144447.000000	4144475.000000	-28.000000
968.469000	968.602799	5.034585E-4	8.207241E-3	79.997700	4147536.000000	4147564.000000	-28.000000
968.468000	968.601783	5.033889E-4	8.259080E-3	79.996600	4150642.000000	4150672.000000	-30.000000
968.468000	968.600766	5.033991E-4	8.302888E-3	79.998300	4153750.000000	4153779.000000	-29.000000
968.467000	968.599749	5.033254E-4	8.363630E-3	80.005700	4156837.000000	4156867.000000	-30.000000
968.467000	968.598732	5.032650E-4	8.424447E-3	80.025100	4159942.000000	4159973.000000	-31.000000
968.466000	968.597716	5.034702E-4	8.490161E-3	80.031300	4163039.000000	4163067.000000	-28.000000
968.465000	968.596777	5.035203E-4	8.541585E-3	80.025200	4166135.000000	4166161.000000	-26.000000
968.464000	968.595839	5.035007E-4	8.597207E-3	80.015700	4169241.000000	4169271.000000	-30.000000
968.463000	968.594978	5.034609E-4	8.653658E-3	80.013600	4172332.000000	4172360.000000	-28.000000
968.463000	968.593962	5.036288E-4	8.691968E-3	80.014300	4175434.000000	4175461.000000	-27.000000
968.462000	968.593023	5.034177E-4	8.716933E-3	80.014500	4178541.000000	4178572.000000	-31.000000
968.461000	968.592006	5.031282E-4	8.748559E-3	80.013600	4181630.000000	4181656.000000	-26.000000
968.460000	968.591068	5.029000E-4	8.802903E-3	80.020000	4184736.000000	4184764.000000	-28.000000
968.459000	968.590207	5.029298E-4	8.850297E-3	80.016800	4187840.000000	4187868.000000	-28.000000
968.459000	968.589191	5.030574E-4	8.881820E-3	80.011100	4190928.000000	4190955.000000	-27.000000
968.458000	968.588174	5.027496E-4	8.907518E-3	80.015000	4194034.000000	4194063.000000	-29.000000
968.457000	968.587157	5.025381E-4	8.937665E-3	80.020100	4197142.000000	4197171.000000	-29.000000
968.456000	968.586140	5.022673E-4	8.974021E-3	80.025500	4200225.000000	4200255.000000	-30.000000
968.455000	968.585124	5.021240E-4	9.009937E-3	80.017700	4203274.000000	4203344.000000	-70.000000
968.454000	968.584107	5.019208E-4	9.044216E-3	80.016200	4206425.000000	4206452.000000	-27.000000
968.454000	968.583090	5.020116E-4	9.082712E-3	80.013300	4209525.000000	4209553.000000	-28.000000
968.453000	968.582073	5.018794E-4	9.111026E-3	80.010300	4212632.000000	4212662.000000	-30.000000
968.452000	968.581057	5.020945E-4	9.153640E-3	80.010100	4215665.000000	4215749.000000	-84.000000
968.451000	968.580040	5.022894E-4	9.200592E-3	80.013400	4218828.000000	4218858.000000	-30.000000
968.450000	968.579023	5.025937E-4	9.237422E-3	80.011600	4221931.000000	4221959.000000	-28.000000
968.450000	968.578006	5.030308E-4	1.140172E-1	80.012600	4225022.000000	4225048.000000	-26.000000
968.449000	968.576990	5.035422E-4	9.312977E-3	80.016200	4228127.000000	4228154.000000	-27.000000
968.448000	968.575973	5.040165E-4	9.349976E-3	80.010800	4231230.000000	4231261.000000	-31.000000
968.447000	968.574956	5.044248E-4	9.389875E-3	80.006000	4234319.000000	4234348.000000	-29.000000
968.447000	968.574017	5.047221E-4	9.423520E-3	80.008300	4237364.000000	4237433.000000	-69.000000
968.446000	968.573001	5.048386E-4	9.453607E-3	80.005200	4240526.000000	4240556.000000	-30.000000
968.445000	968.572062	5.051774E-4	9.496669E-3	80.009700	4243620.000000	4243648.000000	-28.000000
968.443000	968.571124	5.056692E-4	9.546792E-3	80.006500	4246669.000000	4246741.000000	-72.000000
968.442000	968.570263	5.063464E-4	9.586934E-3	80.009100	4249812.000000	4249843.000000	-31.000000
968.441000	968.569325	5.053016E-4	9.585768E-3	80.000800	4252871.000000	4252937.000000	-66.000000
968.440000	968.568386	5.054576E-4	9.614707E-3	79.998900	4256023.000000	4256053.000000	-30.000000
968.439000	968.567448	5.054286E-4	9.641487E-3	79.991500	4259115.000000	4259144.000000	-29.000000
968.438000	968.566587	5.051319E-4	9.668095E-3	80.000600	4262218.000000	4262247.000000	-29.000000
968.437000	968.565649	5.050254E-4	9.684903E-3	80.023200	4265323.000000	4265350.000000	-27.000000
968.437000	968.564710	5.049390E-4	9.700252E-3	80.011400	4268411.000000	4268443.000000	-32.000000
968.436000	968.563771	5.049619E-4	9.723670E-3	80.044900	4271516.000000	4271546.000000	-30.000000
968.435000	968.562833	5.048175E-4	9.743108E-3	80.046000	4274623.000000	4274650.000000	-27.000000
968.434000	968.561894	5.048340E-4	9.769123E-3	80.061600	4277662.000000	4277728.000000	-66.000000
968.433000	968.560956	5.048392E-4	9.785512E-3	80.037700	4280815.000000	4280844.000000	-29.000000
968.433000	968.560017	5.049891E-4	9.799523E-3	80.020800	4283913.000000	4283941.000000	-28.000000
968.433000	968.559000	5.053082E-4	9.816205E-3	80.020700	4287008.000000	4287035.000000	-27.000000
968.432000	968.557984	5.057048E-4	9.843965E-3	80.028000	4290058.000000	4290123.000000	-65.000000
968.430000	968.557123	5.059282E-4	9.875646E-3	80.017000	4293204.000000	4293232.000000	-28.000000
968.430000	968.556185	5.058889E-4	9.891018E-3	80.038200	4296309.000000	4296339.000000	-30.000000
968.429000	968.555246	5.060664E-4	9.913022E-3	80.028300	4299413.000000	4299442.000000	-29.000000
968.428000	968.554229	5.061617E-4	9.930298E-3	80.022900	4302501.000000	4302530.000000	-29.000000
968.427000	968.553212	5.062303E-4	9.943305E-3	80.016000	4305606.000000	4305636.000000	-30.000000
968.426000	968.552352	5.062599E-4	9.960795E-3	80.023200	4308716.000000	4308747.000000	-31.000000
968.425000	968.551413	5.060263E-4	9.975336E-3	80.035800	4311804.000000	4311832.000000	-28.000000
968.424000	968.550475	5.056748E-4	9.983275E-3	80.061700	4314907.000000	4314937.000000	-30.000000
968.423000	968.549536	5.052898E-4	9.989264E-3	80.045300	4317951.000000	4318024.000000	-73.000000
968.421000	968.548598	5.050278E-4	9.997826E-3	80.021700	4321102.000000	4321131.000000	-29.000000
968.421000	968.547659	5.049522E-4	1.000426E-2	80.014600	4324207.000000	4324238.000000	-31.000000
968.420000	968.546720	5.048451E-4	1.000993E-2	80.011100	4327299.000000	4327328.000000	-29.000000
968.420000	968.545782	5.047276E-4	1.001686E-2	80.014400	4330402.000000	4330430.000000	-28.000000
968.419000	968.544843	5.046795E-4	1.002261E-2	80.028200	4333506.000000	4333535.000000	-29.000000
968.418000	968.543905	5.046638E-4	1.002881E-2	80.034000	4336595.000000	4336623.000000	-28.000000
968.418000	968.542966	5.046825E-4	1.003616E-2	80.012800	4339703.000000	4339733.000000	-30.000000
968.417000	968.542027	5.047223E-4	1.004587E-2	80.014800	4342804.000000	4342832.000000	-28.000000
968.416000	968.541011	5.049224E-4	1.005681E-2	80.037200	4345893.000000	4345922.000000	-29.000000
968.416000	968.539994	5.052063E-4	1.006956E-2	80.023400	4349000.000000	4349029.000000	-29.000000
968.415000	968.538977	5.055739E-4	1.008340E-2	80.012200	4352103.000000	4352134.000000	-31.000000
968.414000	968.537960	5.056892E-4	1.009106E-2	80.022900	4355193.000000	4355223.000000	-30.000000
968.413000	968.536943	5.059320E-4	1.010086E-2	80.024400	4358297.000000	4358326.000000	-29.000000
968.412000	968.535926	5.062286E-4	1.011174E-2	80.015400	4361403.000000	4361432.000000	-29.000000
968.412000	968.534910	5.065507E-4	1.012261E-2	80.018800	4364491.000000	4364519.000000	-28.000000
968.411000	968.533893	5.067321E-4	1.012989E-2	80.013500	4367532.000000	4367615.000000	-83.000000
968.409000	968.532876	5.067855E-4	1.013314E-2	80.024000	4370688.000000	4370717.000000	-29.000000
968.408000	968.531937	5.067002E-4	1.013206E-2	80.028100	4373791.000000	4373820.000000	-29.000000
968.407000	968.530920	5.067159E-4	1.013296E-2	80.014700	4376896.000000	4376925.000000	-29.000000
968.407000	968.529904	5.067542E-4	1.013275E-2	80.012600	4379988.000000	4380018.000000	-30.000000
968.405000	968.528887	5.065870E-4	3.610376E-2	80.005600	4383089.000000	4383118.000000	-29.000000
968.404000	968.527870	5.065049E-4	1.012655E-2	80.000400	4386198.000000	4386228.000000	-30.000000
968.403000	968.526853	5.061452E-4	1.011621E-2	80.052000	4389285.000000	4389312.000000	-27.000000
968.402000	968.525914	5.059776E-4	1.010906E-2	80.039500	4392387.000000	4392418.000000	-31.000000
968.402000	968.525054	5.060246E-4	1.010540E-2	80.020500	4395496.000000	4395524.000000	-28.000000
968.400000	968.524115	5.058475E-4	1.009866E-2	80.009800	4398583.000000	4398613.000000	-30.000000
968.400000	968.523099	5.058088E-4	1.009366E-2	79.994800	4401690.000000	4401720.000000	-30.000000
968.399000	968.522082	5.058008E-4	1.008930E-2	80.002400	4404788.000000	4404817.000000	-29.000000
968.398000	968.521143	5.060315E-4	1.008911E-2	79.998300	4407882.000000	4407911.000000	-29.000000
968.398000	968.520204	5.061230E-4	1.008803E-2	80.033800	4410987.000000	4411016.000000	-29.000000
968.397000	968.519188	5.061052E-4	1.008416E-2	80.018900	4414077.000000	4414105.000000	-28.000000
968.396000	968.518171	5.062686E-4	1.008538E-2	80.018800	4417183.000000	4417213.000000	-30.000000
968.395000	968.517310	5.065490E-4	1.008644E-2	80.016800	4420286.000000	4420314.000000	-28.000000
968.395000	968.516372	5.064479E-4	1.008269E-2	80.045200	4423373.000000	4423403.000000	-30.000000
968.395000	968.515433	5.063057E-4	1.007992E-2	80.035400	4426482.000000	4426510.000000	-28.000000
968.394000	968.514416	5.061622E-4	1.007582E-2	80.013000	4429585.000000	4429612.000000	-27.000000
968.394000	968.513477	5.060468E-4	1.007422E-2	80.008400	4432674.000000	4432703.000000	-29.000000
968.393000	968.512539	5.061069E-4	1.007592E-2	80.002500	4435781.000000	4435811.000000	-30.000000
968.392000	968.511600	5.057067E-4	1.007240E-2	80.005200	4438886.000000	4438915.000000	-29.000000
968.391000	968.510583	5.051837E-4	1.335405E+1	79.997700	4441975.000000	4442004.000000	-29.000000
968.391000	968.509645	5.049957E-4	1.006774E-2	80.010100	4445076.000000	4445106.000000	-30.000000
968.390000	968.508628	5.043289E-4	1.006223E-2	80.004600	4448122.000000	4448190.000000	-68.000000
968.389000	968.507611	5.035508E-4	1.006071E-2	80.003800	4451274.000000	4451304.000000	-30.000000
968.388000	968.506594	5.034100E-4	1.006980E-2	80.002200	4454379.000000	4454409.000000	-30.000000
968.387000	968.505655	5.030315E-4	1.007826E-2	80.017100	4457469.000000	4457499.000000	-30.000000
968.386000	968.504638	5.022191E-4	1.007730E-2	80.014800	4460572.000000	4460601.000000	-29.000000
968.386000	968.503622	5.017095E-4	1.008600E-2	79.998900	4463625.000000	4463691.000000	-66.000000
968.385000	968.502683	5.016090E-4	1.010186E-2	80.021400	4466766.000000	4466796.000000	-30.000000
968.385000	968.501744	5.016321E-4	1.011793E-2	80.041700	4469868.000000	4469896.000000	-28.000000
968.382000	968.500806	5.015159E-4	1.013428E-2	80.027400	4472975.000000	4473004.000000	-29.000000
968.380000	968.499945	5.015523E-4	1.015682E-2	80.024900	4476063.000000	4476092.000000	-29.000000
968.379000	968.499007	5.017308E-4	1.017579E-2	80.005200	4479110.000000	4479195.000000	-85.000000
968.377000	968.510036	5.015053E-4	1.023839E-2	79.996400	4532154.000000	4532184.000000	-30.000000
968.376000	968.509019	5.015609E-4	1.025409E-2	79.997300	4535253.000000	4535283.000000	-30.000000
968.375000	968.508002	5.017360E-4	1.027386E-2	79.994200	4538360.000000	4538388.000000	-28.000000
968.374000	968.506985	5.018912E-4	1.029278E-2	79.992800	4541449.000000	4541477.000000	-28.000000
968.374000	968.505890	5.016614E-4	1.031252E-2	79.996000	4544555.000000	4544584.000000	-29.000000
968.373000	968.504873	5.015565E-4	1.032711E-2	79.994200	4547659.000000	4547688.000000	-29.000000
968.372000	968.503856	5.015348E-4	1.034311E-2	80.000900	4550749.000000	4550777.000000	-28.000000
968.371000	968.502839	5.015811E-4	1.036320E-2	79.998600	4553856.000000	4553885.000000	-29.000000
968.370000	968.501823	5.014216E-4	1.037858E-2	79.991600	4556897.000000	4556967.000000	-70.000000
968.369000	968.500806	5.012294E-4	1.038749E-2	79.999200	4560047.000000	4560079.000000	-32.000000
968.368000	968.499867	5.011469E-4	1.039486E-2	80.003900	4563154.000000	4563184.000000	-30.000000
968.368000	968.498850	5.010819E-4	1.040633E-2	80.002600	4566254.000000	4566282.000000	-28.000000
968.367000	968.497833	5.011941E-4	1.042164E-2	80.002000	4569344.000000	4569370.000000	-26.000000
968.365000	968.495878	5.013155E-4	1.044380E-2	80.020800	4575539.000000	4575568.000000	-29.000000
968.363000	968.494000	5.021467E-4	1.048631E-2	79.997400	4581752.000000	4581780.000000	-28.000000
968.362000	968.492983	5.027931E-4	1.051487E-2	79.998900	4584842.000000	4584870.000000	-28.000000
968.361000	968.492045	5.030581E-4	1.053117E-2	79.999400	4587946.000000	4587976.000000	-30.000000
968.360000	968.491028	5.035901E-4	1.055081E-2	80.002600	4591050.000000	4591079.000000	-29.000000
968.360000	968.490089	5.038560E-4	1.056608E-2	79.991700	4594138.000000	4594166.000000	-28.000000
968.359000	968.489229	5.042321E-4	1.058481E-2	80.019200	4597187.000000	4597257.000000	-70.000000
968.357000	968.488212	5.045503E-4	1.060323E-2	80.014000	4600350.000000	4600380.000000	-30.000000
968.357000	968.487195	5.046671E-4	1.061197E-2	80.031200	4603438.000000	4603465.000000	-27.000000
968.356000	968.486178	5.047705E-4	1.061810E-2	80.025300	4606544.000000	4606573.000000	-29.000000
968.356000	968.485239	5.047676E-4	1.062456E-2	80.006200	4609642.000000	4609670.000000	-28.000000
968.355000	968.484301	5.047440E-4	1.063576E-2	80.007600	4612737.000000	4612767.000000	-30.000000
968.353000	968.483362	5.045887E-4	1.064374E-2	80.003400	4615843.000000	4615871.000000	-28.000000
968.351000	968.485317	5.040834E-4	1.064660E-2	80.013100	4642131.000000	4642162.000000	-31.000000
968.350000	968.483440	5.040228E-4	1.065733E-2	80.001800	4679367.000000	4679445.000000	-78.000000
968.348000	968.482501	5.040291E-4	1.066413E-2	79.998800	4682526.000000	4682554.000000	-28.000000
968.348000	968.481563	5.040551E-4	1.066973E-2	80.002600	4685617.000000	4685647.000000	-30.000000
968.347000	968.480546	5.041594E-4	1.067566E-2	80.010800	4688721.000000	4688750.000000	-29.000000
968.346000	968.479529	5.043210E-4	1.068468E-2	80.015900	4691824.000000	4691853.000000	-29.000000
968.345000	968.478512	5.045169E-4	1.069513E-2	80.007900	4694915.000000	4694943.000000	-28.000000
968.344000	968.477573	5.048269E-4	1.070740E-2	80.003500	4698022.000000	4698051.000000	-29.000000
968.343000	968.476635	5.050300E-4	8.714056E-3	80.009900	4701126.000000	4701152.000000	-26.000000
968.343000	968.475696	5.052797E-4	1.072230E-2	80.006100	4704216.000000	4704245.000000	-29.000000
968.342000	968.474679	5.055203E-4	1.073193E-2	80.006400	4707318.000000	4707348.000000	-30.000000
968.341000	968.473740	5.056814E-4	1.073970E-2	80.021000	4710426.000000	4710449.000000	-23.000000
968.341000	968.472802	5.056798E-4	1.074218E-2	80.031900	4713514.000000	4713544.000000	-30.000000
968.339000	968.471863	5.057493E-4	1.074659E-2	80.020700	4716622.000000	4716651.000000	-29.000000
968.339000	968.470924	5.057551E-4	1.075103E-2	80.014100	4719719.000000	4719749.000000	-30.000000
968.338000	968.469985	5.057203E-4	1.075351E-2	80.016800	4722814.000000	4722843.000000	-29.000000
968.338000	968.468968	5.057732E-4	1.075556E-2	80.021900	4725921.000000	4725950.000000	-29.000000
968.337000	968.467952	5.057514E-4	1.075637E-2	80.013400	4729007.000000	4729038.000000	-31.000000
968.336000	968.466935	5.056227E-4	1.075590E-2	80.013700	4732113.000000	4732141.000000	-28.000000
968.336000	968.466935	5.055826E-4	1.075563E-2	80.019900	4734609.000000	4734639.000000	-30.000000
968.335000	968.465918	5.055099E-4	1.075597E-2	80.021800	4737714.000000	4737743.000000	-29.000000
968.334000	968.464901	5.054000E-4	1.075632E-2	80.060400	4740815.000000	4740844.000000	-29.000000
968.334000	968.463884	5.053691E-4	1.075730E-2	80.033200	4743909.000000	4743939.000000	-30.000000
968.333000	968.462867	5.053637E-4	1.075900E-2	80.021100	4747017.000000	4747044.000000	-27.000000
968.332000	968.461850	5.054210E-4	1.076186E-2	80.008900	4750103.000000	4750133.000000	-30.000000
968.331000	968.460833	5.055548E-4	1.076531E-2	80.003400	4753207.000000	4753236.000000	-29.000000
968.330000	968.459816	5.058563E-4	1.077271E-2	80.002000	4756313.000000	4756342.000000	-29.000000
968.329000	968.458799	5.060738E-4	1.077832E-2	80.001700	4759403.000000	4759432.000000	-29.000000
968.328000	968.457860	5.063242E-4	1.078390E-2	80.004300	4762507.000000	4762534.000000	-27.000000
968.327000	968.456922	5.066806E-4	1.079198E-2	79.996500	4765615.000000	4765645.000000	-30.000000
968.326000	968.455905	5.070043E-4	1.079800E-2	80.000100	4768703.000000	4768733.000000	-30.000000
968.325000	968.454888	5.073351E-4	1.080506E-2	79.995200	4771807.000000	4771837.000000	-30.000000
968.325000	968.453871	5.077280E-4	1.081244E-2	80.002400	4774911.000000	4774939.000000	-28.000000
968.324000	968.452854	5.081017E-4	1.081944E-2	79.999900	4778001.000000	4778029.000000	-28.000000
968.323000	968.451915	5.082971E-4	1.082241E-2	79.991400	4781104.000000	4781131.000000	-27.000000
968.322000	968.450898	5.084704E-4	1.082476E-2	79.993100	4784202.000000	4784230.000000	-28.000000
968.321000	968.449959	5.085575E-4	1.082456E-2	80.020300	4787301.000000	4787329.000000	-28.000000
968.321000	968.449021	5.085434E-4	1.082271E-2	80.003300	4790407.000000	4790433.000000	-26.000000
968.320000	968.448082	5.083551E-4	1.081641E-2	80.024600	4793491.000000	4793522.000000	-31.000000
968.319000	968.447143	5.080391E-4	1.864533E-2	80.015400	4796597.000000	4796626.000000	-29.000000
968.318000	968.446204	5.078453E-4	1.080143E-2	80.005800	4799704.000000	4799733.000000	-29.000000
968.318000	968.445187	5.077470E-4	1.079660E-2	79.999500	4802793.000000	4802819.000000	-26.000000
968.317000	968.444249	5.074394E-4	1.078761E-2	80.004700	4805847.000000	4805918.000000	-71.000000
968.317000	968.443310	5.071207E-4	1.077839E-2	80.001800	4809001.000000	4809031.000000	-30.000000
968.316000	968.442371	5.068638E-4	1.076978E-2	79.993600	4812092.000000	4812121.000000	-29.000000
968.316000	968.441511	5.069276E-4	1.076804E-2	79.987100	4815198.000000	4815226.000000	-28.000000
968.315000	968.440572	5.069405E-4	1.076686E-2	79.995800	4818301.000000	4818330.000000	-29.000000
968.315000	968.439555	5.068992E-4	1.076502E-2	79.991800	4821389.000000	4821418.000000	-29.000000
968.314000	968.438538	5.068794E-4	1.076322E-2	79.989300	4824496.000000	4824523.000000	-27.000000
968.313000	968.437599	5.069965E-4	1.076226E-2	79.980300	4827590.000000	4827618.000000	-28.000000
968.312000	968.436582	5.070306E-4	1.076055E-2	79.979800	4830690.000000	4830722.000000	-32.000000
968.311000	968.435565	5.070064E-4	1.075797E-2	79.983500	4833796.000000	4833822.000000	-26.000000
968.310000	968.434548	5.069254E-4	1.075315E-2	79.984500	4836884.000000	4836913.000000	-29.000000
968.309000	968.433531	5.068496E-4	1.074912E-2	79.993600	4839988.000000	4840017.000000	-29.000000
968.308000	968.432593	5.067341E-4	1.074448E-2	80.000200	4843096.000000	4843125.000000	-29.000000
968.307000	968.431654	5.066640E-4	1.073950E-2	80.001300	4846182.000000	4846212.000000	-30.000000
968.307000	968.430715	5.064651E-4	8.732648E-3	80.008700	4849287.000000	4849315.000000	-28.000000
968.306000	968.429776	5.061592E-4	1.072296E-2	79.991300	4852343.000000	4852412.000000	-69.000000
968.305000	968.428837	4.057726E-4	1.071176E-2	79.992200	4855439.000000	4855503.000000	-64.000000
968.305000	968.427820	5.053906E-4	1.070147E-2	80.036300	4858592.000000	4858621.000000	-29.000000
968.304000	968.426803	5.051043E-4	1.069209E-2	80.011900	4861690.000000	4861719.000000	-29.000000
968.303000	968.425865	5.045986E-4	1.067584E-2	80.009400	4864782.000000	4864808.000000	-26.000000
968.302000	968.425004	5.039947E-4	1.065698E-2	79.991300	4867887.000000	4867916.000000	-29.000000
968.301000	968.424222	5.035944E-4	1.064565E-2	79.998000	4870976.000000	4871005.000000	-29.000000
968.301000	968.423205	5.033602E-4	1.063663E-2	79.987400	4874030.000000	4874100.000000	-70.000000
968.300000	968.422188	5.030772E-4	1.062587E-2	79.986900	4877186.000000	4877215.000000	-29.000000
968.299000	968.421171	5.027673E-4	1.061181E-2	79.989300	4880275.000000	4880307.000000	-32.000000
968.298000	968.420154	5.025516E-4	1.060118E-2	79.991500	4883382.000000	4883412.000000	-30.000000
968.297000	968.419137	5.025668E-4	1.059339E-2	79.992800	4886485.000000	4886516.000000	-31.000000
968.296000	968.418120	5.026042E-4	1.058619E-2	79.982200	4889571.000000	4889598.000000	-27.000000
968.295000	968.417103	5.027349E-4	1.058125E-2	79.983300	4892682.000000	4892712.000000	-30.000000
968.294000	968.416164	5.029014E-4	8.344591E-1	79.988800	4895782.000000	4895811.000000	-29.000000
968.293000	968.415147	5.031932E-4	1.057007E-2	79.998500	4898875.000000	4898905.000000	-30.000000
968.292000	968.414130	5.036003E-4	1.057082E-2	79.988800	4901978.000000	4902009.000000	-31.000000
968.291000	968.413113	5.037045E-4	1.056774E-2	79.985500	4905032.000000	4905100.000000	-68.000000
968.291000	968.412096	5.036005E-4	1.055801E-2	79.978200	4908172.000000	4908200.000000	-28.000000
968.290000	968.411157	5.035552E-4	1.055154E-2	79.977400	4911273.000000	4911301.000000	-28.000000
968.289000	968.410140	5.036503E-4	1.054981E-2	79.980000	4914367.000000	4914397.000000	-30.000000
968.288000	968.409123	5.038939E-4	1.055227E-2	79.982600	4917471.000000	4917500.000000	-29.000000
968.288000	968.408106	5.038810E-4	1.055115E-2	79.988100	4920580.000000	4920608.000000	-28.000000
968.287000	968.407089	5.037164E-4	1.054829E-2	79.977100	4923666.000000	4923695.000000	-29.000000
968.286000	968.406150	5.035775E-4	1.054806E-2	79.994900	4926772.000000	4926800.000000	-28.000000
968.285000	968.405211	5.037779E-4	1.055612E-2	79.991500	4929874.000000	4929903.000000	-29.000000
968.284000	968.404194	5.034213E-4	1.055449E-2	79.984000	4932964.000000	4932994.000000	-30.000000
968.283000	968.403177	5.032196E-4	1.056018E-2	79.986700	4936023.000000	4936088.000000	-65.000000
968.282000	968.402160	5.032336E-4	1.057235E-2	79.990500	4939173.000000	4939203.000000	-30.000000
968.281000	968.401143	5.032313E-4	1.058558E-2	79.994500	4942264.000000	4942289.000000	-25.000000
968.280000	968.400204	5.033156E-4	1.060219E-2	79.990000	4945369.000000	4945398.000000	-29.000000
968.279000	968.399187	5.033789E-4	1.061630E-2	79.988300	4948413.000000	4948487.000000	-74.000000
968.278000	968.398170	5.036341E-4	1.063768E-2	80.006300	4951561.000000	4951588.000000	-27.000000
968.276000	968.397232	5.041613E-4	1.067203E-2	80.007400	4954669.000000	4954698.000000	-29.000000
968.276000	968.396371	5.042943E-4	1.068908E-2	79.987800	4957756.000000	4957785.000000	-29.000000
968.275000	968.395432	5.046145E-4	1.070476E-2	80.034800	4960861.000000	4960891.000000	-30.000000
968.275000	968.394415	5.046519E-4	1.071400E-2	80.019900	4963967.000000	4963998.000000	-31.000000
968.274000	968.393476	5.048609E-4	1.073719E-2	80.002800	4967058.000000	4967086.000000	-28.000000
968.273000	968.392538	5.053111E-4	1.077013E-2	79.987300	4970116.000000	4970188.000000	-72.000000
968.272000	968.391520	5.055951E-4	1.079157E-2	79.985800	4973268.000000	4973295.000000	-27.000000
968.271000	968.390503	5.055893E-4	1.080289E-2	79.984600	4976355.000000	4976384.000000	-29.000000
968.270000	968.389486	5.058516E-4	1.082600E-2	79.982700	4979408.000000	4979482.000000	-74.000000
968.269000	968.388548	5.054050E-4	1.083484E-2	80.029400	4982565.000000	4982595.000000	-30.000000
968.269000	968.387530	1.704222E-3	1.084737E-2	80.015000	4985607.000000	4985686.000000	-79.000000
968.267000	968.386592	5.054817E-4	1.086638E-2	80.009000	4988758.000000	4988785.000000	-27.000000
968.266000	968.385653	5.056593E-4	1.088200E-2	79.992400	4991857.000000	4991885.000000	-28.000000
968.265000	968.384636	5.054264E-4	4.087132E-1	79.991300	4994955.000000	4994985.000000	-30.000000
968.265000	968.383697	5.051290E-4	1.089322E-2	79.981800	4998058.000000	4998087.000000	-29.000000
968.264000	968.382758	5.050805E-4	1.089899E-2	79.993600	5001150.000000	5001175.000000	-25.000000
968.263000	968.381741	5.052205E-4	1.090910E-2	79.986200	5004253.000000	5004284.000000	-31.000000
968.262000	968.380880	5.055834E-4	1.092840E-2	79.979800	5007360.000000	5007388.000000	-28.000000
968.261000	968.379942	5.059458E-4	1.094391E-2	79.983200	5010449.000000	5010478.000000	-29.000000
968.260000	968.378925	5.062299E-4	1.095893E-2	79.987500	5013551.000000	5013578.000000	-27.000000
968.259000	968.377986	5.064388E-4	1.097290E-2	79.980200	5016702.000000	5016674.000000	28.000000
968.258000	968.376969	5.067315E-4	1.098596E-2	79.977100	5019745.000000	5019775.000000	-30.000000
968.258000	968.375952	5.070780E-4	1.100040E-2	79.979600	5022846.000000	5022874.000000	-28.000000
968.257000	968.374934	5.073963E-4	1.101459E-2	79.976100	5025953.000000	5025981.000000	-28.000000
968.256000	968.373917	5.075737E-4	1.102569E-2	79.984200	5029048.000000	5029076.000000	-28.000000
968.255000	968.372900	5.078175E-4	1.103985E-2	79.985000	5032149.000000	5032176.000000	-27.000000
968.254000	968.371883	5.078571E-4	1.104859E-2	79.986300	5035240.000000	5035268.000000	-28.000000
968.254000	968.370944	5.077438E-4	1.105367E-2	79.991500	5038345.000000	5038373.000000	-28.000000
968.251000	968.380959	5.071016E-4	1.106603E-2	79.993300	5079133.000000	5079162.000000	-29.000000
968.250000	968.379942	5.071973E-4	1.107042E-2	80.001000	5082240.000000	5082270.000000	-30.000000
968.250000	968.378925	5.067882E-4	1.106723E-2	79.993400	5085328.000000	5085354.000000	-26.000000
968.249000	968.377907	5.065932E-4	1.106697E-2	79.984600	5088431.000000	5088462.000000	-31.000000
968.248000	968.376890	5.066817E-4	1.107418E-2	79.986000	5091491.000000	5091559.000000	-68.000000
968.247000	968.375873	5.067051E-4	1.107993E-2	79.989300	5094627.000000	5094655.000000	-28.000000
968.246000	968.374856	5.069306E-4	1.109306E-2	79.989300	5097689.000000	5097757.000000	-68.000000
968.245000	968.373917	5.072761E-4	1.110598E-2	79.980400	5100781.000000	5100860.000000	-79.000000
968.241000	968.372900	5.080498E-4	1.113913E-2	79.972200	5184010.000000	5184040.000000	-30.000000
968.240000	968.371961	5.083206E-4	1.114782E-2	79.987700	5187115.000000	5187145.000000	-30.000000
968.240000	968.371023	5.084673E-4	1.115248E-2	79.988700	5190206.000000	5190238.000000	-32.000000
968.239000	968.370084	5.086260E-4	1.115949E-2	79.987800	5193311.000000	5193341.000000	-30.000000
968.238000	968.369145	5.090105E-4	1.117102E-2	79.994000	5196419.000000	5196448.000000	-29.000000
968.238000	968.368206	5.089292E-4	1.117102E-2	80.006600	5199505.000000	5199536.000000	-31.000000
968.237000	968.367189	5.087106E-4	1.116901E-2	80.006400	5202608.000000	5202635.000000	-27.000000
968.237000	968.366250	5.086759E-4	1.117213E-2	79.991100	5205716.000000	5205744.000000	-28.000000
968.237000	968.365311	5.086112E-4	1.117323E-2	79.996000	5208805.000000	5208831.000000	-26.000000
968.236000	968.364294	5.083667E-4	1.116878E-2	79.990500	5211907.000000	5211936.000000	-29.000000
968.236000	968.363277	5.081660E-4	1.116728E-2	79.986200	5215013.000000	5215043.000000	-30.000000
968.236000	968.362260	5.078263E-4	1.116145E-2	80.011300	5218103.000000	5218132.000000	-29.000000
968.235000	968.361243	5.075273E-4	1.115812E-2	80.011900	5221208.000000	5221239.000000	-31.000000
968.234000	968.360304	5.071498E-4	1.115267E-2	79.994800	5224305.000000	5224335.000000	-30.000000
968.234000	968.359365	5.069058E-4	1.114946E-2	79.987300	5227402.000000	5227432.000000	-30.000000
968.233000	968.358348	5.068081E-4	1.115055E-2	80.020300	5230507.000000	5230536.000000	-29.000000
968.229000	968.358270	5.054411E-4	1.112797E-2	79.994800	5273994.000000	5274021.000000	-27.000000
968.229000	968.357253	5.052280E-4	1.112504E-2	79.986100	5277099.000000	5277129.000000	-30.000000
968.228000	968.356236	5.053492E-4	1.112860E-2	79.996000	5280185.000000	5280215.000000	-30.000000
968.227000	968.355297	5.056002E-4	1.113805E-2	79.983400	5283287.000000	5283318.000000	-31.000000
968.226000	968.354436	5.059210E-4	1.114690E-2	79.983500	5286340.000000	5286410.000000	-70.000000
968.226000	968.353497	5.053494E-4	1.113531E-2	79.977000	5289451.000000	5289519.000000	-68.000000
968.225000	968.352558	5.050349E-4	1.113088E-2	79.975900	5292592.000000	5292622.000000	-30.000000
968.224000	968.351620	5.051775E-4	1.113637E-2	79.995500	5295698.000000	5295729.000000	-31.000000
968.223000	968.350602	5.048580E-4	1.113230E-2	79.989900	5298786.000000	5298817.000000	-31.000000
968.223000	968.349585	5.045908E-4	1.112826E-2	79.980400	5301988.000000	5302016.000000	-28.000000
968.222000	968.348568	5.047465E-4	1.113391E-2	80.002600	5305093.000000	5305123.000000	-30.000000
968.222000	968.347551	5.040795E-4	1.112049E-2	79.995100	5308183.000000	5308212.000000	-29.000000
968.221000	968.346534	5.037102E-4	1.111362E-2	79.984100	5311286.000000	5311318.000000	-32.000000
968.220000	968.345517	5.036000E-4	1.111388E-2	79.991300	5314394.000000	5314424.000000	-30.000000
968.220000	968.344500	5.032744E-4	1.110952E-2	79.994200	5317480.000000	5317510.000000	-30.000000
968.219000	968.343483	5.026630E-4	1.109790E-2	79.990700	5320584.000000	5320613.000000	-29.000000
968.218000	968.342465	5.021740E-4	1.108853E-2	79.987700	5323689.000000	5323717.000000	-28.000000
968.217000	968.341448	5.020925E-4	1.108905E-2	79.977500	5326780.000000	5326809.000000	-29.000000
968.216000	968.340431	5.014599E-4	1.107799E-2	79.976800	5329884.000000	5329910.000000	-26.000000
968.215000	968.339414	5.010910E-4	1.107174E-2	79.976400	5332933.000000	5333014.000000	-81.000000
968.214000	968.338475	5.009963E-4	1.107139E-2	79.972600	5336080.000000	5336108.000000	-28.000000
968.213000	968.337458	5.010828E-4	1.107455E-2	79.971600	5339183.000000	5339214.000000	-31.000000
968.213000	968.336441	5.010084E-4	1.107375E-2	79.976900	5342235.000000	5342306.000000	-71.000000
968.212000	968.335424	5.011858E-4	1.107928E-2	79.979500	5345326.000000	5345409.000000	-83.000000
968.211000	968.334407	5.014265E-4	1.108531E-2	79.991400	5348429.000000	5348499.000000	-70.000000
968.210000	968.333389	5.015371E-4	1.108900E-2	79.991600	5351572.000000	5351602.000000	-30.000000
968.209000	968.332451	5.020915E-4	1.110264E-2	79.995700	5354676.000000	5354706.000000	-30.000000
968.208000	968.331512	5.026242E-4	1.111548E-2	79.998700	5357780.000000	5357809.000000	-29.000000
968.207000	968.330573	5.030218E-4	1.112552E-2	80.015400	5360829.000000	5360895.000000	-66.000000
968.207000	968.329634	5.030316E-4	1.112601E-2	79.996700	5363978.000000	5364007.000000	-29.000000
968.206000	968.328617	5.030986E-4	1.112989E-2	79.994500	5367083.000000	5367114.000000	-31.000000
968.205000	968.327678	5.031667E-4	1.113288E-2	79.996300	5370172.000000	5370201.000000	-29.000000
968.204000	968.326661	5.031146E-4	1.113278E-2	80.007500	5373275.000000	5373302.000000	-27.000000
968.203000	968.325644	5.033647E-4	1.113984E-2	79.998900	5376370.000000	5376399.000000	-29.000000
968.203000	968.324626	5.032981E-4	1.113995E-2	79.989800	5379470.000000	5379501.000000	-31.000000
968.202000	968.323766	5.033273E-4	1.114234E-2	79.981200	5382528.000000	5382597.000000	-69.000000
968.201000	968.322749	5.034227E-4	1.114618E-2	79.978100	5385620.000000	5385696.000000	-76.000000
968.200000	968.321810	5.035837E-4	1.115046E-2	79.981000	5388769.000000	5388799.000000	-30.000000
968.199000	968.320792	5.033190E-4	1.114505E-2	79.989500	5391873.000000	5391901.000000	-28.000000
968.199000	968.319775	5.032609E-4	1.114451E-2	79.998900	5394963.000000	5394992.000000	-29.000000
968.198000	968.318758	5.033790E-4	1.114792E-2	79.992600	5398067.000000	5398096.000000	-29.000000
968.197000	968.317741	5.036106E-4	1.909226E-1	79.985900	5401173.000000	5401200.000000	-27.000000
968.196000	968.316802	5.038417E-4	1.115928E-2	79.981800	5404261.000000	5404289.000000	-28.000000
968.194000	968.315863	5.043162E-4	9.171048E-3	80.020500	5407367.000000	5407397.000000	-30.000000
968.194000	968.314846	5.045636E-4	1.117749E-2	80.021300	5410470.000000	5410500.000000	-30.000000
968.193000	968.313829	5.047820E-4	1.118170E-2	80.013900	5413560.000000	5413588.000000	-28.000000
968.192000	968.312890	5.051819E-4	1.119222E-2	80.061300	5416619.000000	5416691.000000	-72.000000
968.191000	968.311873	5.057725E-4	1.120442E-2	80.045200	5419757.000000	5419788.000000	-31.000000
968.190000	968.310934	5.060318E-4	1.121028E-2	80.016600	5422860.000000	5422890.000000	-30.000000
968.189000	968.309995	5.063209E-4	1.121722E-2	80.024800	5425968.000000	5425997.000000	-29.000000
968.189000	968.309056	5.065855E-4	1.122296E-2	80.011000	5429055.000000	5429085.000000	-30.000000
968.188000	968.308039	5.067701E-4	1.122669E-2	80.011200	5432159.000000	5432188.000000	-29.000000
968.187000	968.307100	5.068411E-4	1.122872E-2	80.003400	5435266.000000	5435296.000000	-30.000000
968.186000	968.306161	5.067061E-4	1.122533E-2	79.997500	5438352.000000	5438383.000000	-31.000000
968.186000	968.305222	5.066298E-4	1.122390E-2	79.995900	5441456.000000	5441483.000000	-27.000000
968.185000	968.304205	5.065521E-4	1.122214E-2	80.000400	5444564.000000	5444592.000000	-28.000000
968.184000	968.303188	5.063400E-4	4.089744E-1	80.004900	5447653.000000	5447682.000000	-29.000000
968.183000	968.302170	5.061667E-4	1.121374E-2	80.004700	5450755.000000	5450786.000000	-31.000000
968.182000	968.301153	5.059534E-4	1.120964E-2	80.001500	5453856.000000	5453885.000000	-29.000000
968.181000	968.300136	5.058446E-4	1.120661E-2	79.990000	5456952.000000	5456981.000000	-29.000000
968.181000	968.299119	5.057739E-4	1.120460E-2	80.006400	5460154.000000	5460184.000000	-30.000000
968.180000	968.298102	5.056918E-4	1.120425E-2	80.009900	5463215.000000	5463277.000000	-62.000000
968.179000	968.297084	5.057727E-4	1.120608E-2	80.013900	5466348.000000	5466375.000000	-27.000000
968.177000	968.296067	5.058832E-4	1.120888E-2	80.052000	5469446.000000	5469476.000000	-30.000000
968.177000	968.295050	5.061497E-4	1.121494E-2	80.041600	5472557.000000	5472585.000000	-28.000000
968.174000	968.299588	5.070895E-4	1.123970E-2	79.996100	5506995.000000	5507065.000000	-70.000000
968.173000	968.298571	5.072496E-4	1.124366E-2	80.002700	5510101.000000	5510172.000000	-71.000000
968.173000	968.297554	5.074281E-4	1.124795E-2	80.009300	5513245.000000	5513274.000000	-29.000000
968.172000	968.296537	5.076292E-4	1.125290E-2	80.009800	5516335.000000	5516360.000000	-25.000000
968.171000	968.295519	5.077220E-4	1.125549E-2	80.006600	5519439.000000	5519468.000000	-29.000000
968.170000	968.294502	5.078200E-4	1.125821E-2	80.012000	5522545.000000	5522575.000000	-30.000000
968.169000	968.293563	5.078046E-4	1.125826E-2	80.009800	5525631.000000	5525660.000000	-29.000000
968.168000	968.292624	5.076274E-4	1.125481E-2	80.006000	5528738.000000	5528767.000000	-29.000000
968.167000	968.291607	5.074951E-4	1.125253E-2	80.008400	5531847.000000	5531876.000000	-29.000000
968.167000	968.290590	5.074045E-4	1.125055E-2	80.006200	5534933.000000	5534961.000000	-28.000000
968.166000	968.289573	5.072924E-4	1.124818E-2	80.008600	5538039.000000	5538069.000000	-30.000000
968.165000	968.288556	5.071494E-4	1.124541E-2	80.003700	5541140.000000	5541167.000000	-27.000000
968.164000	968.287538	5.071416E-4	1.124560E-2	80.012800	5544233.000000	5544264.000000	-31.000000
968.163000	968.286599	5.072680E-4	1.124864E-2	80.017900	5547334.000000	5547360.000000	-26.000000
968.162000	968.285582	5.073030E-4	1.125065E-2	80.024500	5550426.000000	5550455.000000	-29.000000
968.161000	968.284565	5.074454E-4	1.125413E-2	80.017700	5553528.000000	5553557.000000	-29.000000
968.160000	968.283548	5.074955E-4	1.125576E-2	80.013600	5556634.000000	5556657.000000	-23.000000
968.160000	968.282531	5.075388E-4	1.125757E-2	80.015300	5559686.000000	5559749.000000	-63.000000
968.160000	968.281513	5.077870E-4	1.126303E-2	80.002100	5562831.000000	5562862.000000	-31.000000
968.159000	968.280574	5.081685E-4	1.127168E-2	80.006800	5565936.000000	5565965.000000	-29.000000
968.158000	968.279714	5.084946E-4	1.127878E-2	80.004400	5569024.000000	5569055.000000	-31.000000
968.158000	968.278775	5.086795E-4	1.128411E-2	80.006700	5572129.000000	5572159.000000	-30.000000
968.157000	968.277836	5.088499E-4	1.128763E-2	80.014800	5575235.000000	5575264.000000	-29.000000
968.156000	968.276897	5.088269E-4	1.128820E-2	80.046400	5578323.000000	5578351.000000	-28.000000
968.155000	968.275958	5.088990E-4	1.129016E-2	80.039700	5581527.000000	5581558.000000	-31.000000
968.154000	968.274940	5.088962E-4	1.128960E-2	80.012600	5584631.000000	5584661.000000	-30.000000
968.154000	968.274001	5.086833E-4	1.128485E-2	80.004500	5587720.000000	5587750.000000	-30.000000
968.152000	968.273063	5.084298E-4	1.127970E-2	80.005800	5590823.000000	5590851.000000	-28.000000
968.151000	968.272124	5.081222E-4	1.127275E-2	80.016200	5593927.000000	5593957.000000	-30.000000
968.151000	968.271185	5.078394E-4	1.126646E-2	80.014900	5597015.000000	5597044.000000	-29.000000
968.151000	968.270167	5.075792E-4	1.126085E-2	80.026300	5600123.000000	5600153.000000	-30.000000
968.150000	968.269228	5.071766E-4	1.125263E-2	80.013900	5603229.000000	5603258.000000	-29.000000
968.149000	968.268289	5.066596E-4	1.124080E-2	80.017900	5606317.000000	5606346.000000	-29.000000
968.148000	968.267350	5.063554E-4	4.089874E-1	80.014700	5609423.000000	5609452.000000	-29.000000
968.148000	968.266411	5.061786E-4	1.123060E-2	80.005600	5612522.000000	5612550.000000	-28.000000
968.147000	968.265394	5.060005E-4	1.356981E+0	80.010100	5615616.000000	5615644.000000	-28.000000
968.146000	968.264377	5.058210E-4	1.122225E-2	80.018100	5618716.000000	5618746.000000	-30.000000
968.146000	968.263360	5.057444E-4	1.122042E-2	80.047200	5621812.000000	5621842.000000	-30.000000
968.145000	968.262342	5.057408E-4	1.122025E-2	80.046500	5624918.000000	5624948.000000	-30.000000
968.144000	968.261403	5.057405E-4	1.122010E-2	80.036800	5628021.000000	5628049.000000	-28.000000
968.143000	968.260386	5.056693E-4	1.121831E-2	80.026200	5631108.000000	5631136.000000	-28.000000
968.142000	968.259369	5.056574E-4	1.121801E-2	80.016700	5634213.000000	5634241.000000	-28.000000
968.141000	968.258430	5.057077E-4	1.121907E-2	80.036600	5637318.000000	5637346.000000	-28.000000
968.141000	968.257413	5.057754E-4	1.122081E-2	80.057000	5640410.000000	5640441.000000	-31.000000
968.139000	968.256395	5.057062E-4	1.121887E-2	80.023400	5643514.000000	5643546.000000	-32.000000
968.138000	968.255378	5.055678E-4	1.121602E-2	80.015200	5646619.000000	5646648.000000	-29.000000
968.138000	968.254361	5.053380E-4	1.121036E-2	80.015000	5649673.000000	5649738.000000	-65.000000
968.137000	968.253422	5.050886E-4	1.120507E-2	80.017600	5652814.000000	5652843.000000	-29.000000
968.136000	968.252405	5.049591E-4	1.120161E-2	80.024300	5655910.000000	5655942.000000	-32.000000
968.135000	968.251387	5.048701E-4	1.119890E-2	80.011200	5659005.000000	5659035.000000	-30.000000
968.132000	968.255300	5.044019E-4	1.118523E-2	80.020500	5713497.000000	5713527.000000	-30.000000
968.131000	968.254283	5.043087E-4	1.118261E-2	80.017200	5716602.000000	5716629.000000	-27.000000
968.130000	968.253344	5.043649E-4	1.118413E-2	80.023600	5719688.000000	5719717.000000	-29.000000
968.130000	968.252326	5.045535E-4	1.118821E-2	80.025800	5722796.000000	5722824.000000	-28.000000
968.129000	968.251309	5.047312E-4	1.119189E-2	80.011400	5725900.000000	5725929.000000	-29.000000
968.128000	968.250292	5.049371E-4	1.119614E-2	79.997600	5728992.000000	5729023.000000	-31.000000
968.128000	968.249274	5.051477E-4	1.120099E-2	79.996000	5732097.000000	5732129.000000	-32.000000
968.126000	968.248257	5.056032E-4	1.121081E-2	80.010200	5735187.000000	5735215.000000	-28.000000
968.125000	968.247318	5.062960E-4	1.122511E-2	80.002500	5738289.000000	5738314.000000	-25.000000
968.125000	968.246379	5.068186E-4	1.123708E-2	80.007900	5741394.000000	5741423.000000	-29.000000
968.123000	968.245440	5.073301E-4	1.124867E-2	79.993800	5744483.000000	5744505.000000	-22.000000
968.123000	968.244423	5.075529E-4	1.125419E-2	80.000500	5747582.000000	5747614.000000	-32.000000
968.122000	968.243406	5.079380E-4	1.126236E-2	79.999000	5750696.000000	5750726.000000	-30.000000
968.121000	968.242388	5.084146E-4	1.127353E-2	79.988500	5753786.000000	5753817.000000	-31.000000
968.120000	968.241371	5.086429E-4	4.090223E-1	79.994300	5756890.000000	5756920.000000	-30.000000
968.119000	968.240432	5.088625E-4	1.128430E-2	79.992000	5759996.000000	5760024.000000	-28.000000
968.118000	968.239493	5.090438E-4	1.128952E-2	79.997800	5763044.000000	5763112.000000	-68.000000
968.117000	968.238476	5.093644E-4	1.129769E-2	79.994800	5766187.000000	5766216.000000	-29.000000
968.116000	968.237537	5.087940E-4	1.128432E-2	80.018400	5769289.000000	5769319.000000	-30.000000
968.116000	968.236598	5.088542E-4	1.128546E-2	80.037600	5772381.000000	5772408.000000	-27.000000
968.115000	968.235659	5.089565E-4	1.128864E-2	80.024700	5775441.000000	5775512.000000	-71.000000
968.114000	968.234720	5.090798E-4	1.129151E-2	80.017000	5778574.000000	5778604.000000	-30.000000
968.113000	968.233781	5.090482E-4	1.129131E-2	80.007400	5781678.000000	5781707.000000	-29.000000
968.112000	968.232842	5.091434E-4	1.129336E-2	80.005000	5784788.000000	5784816.000000	-28.000000
968.112000	968.231981	5.093372E-4	1.129857E-2	80.010300	5787873.000000	5787901.000000	-28.000000
968.111000	968.230963	5.096289E-4	1.130506E-2	80.015400	5790980.000000	5791008.000000	-28.000000
968.110000	968.229946	5.099984E-4	1.131365E-2	80.029800	5794083.000000	5794113.000000	-30.000000
968.109000	968.229085	5.105749E-4	1.132711E-2	80.015900	5797175.000000	5797201.000000	-26.000000
968.108000	968.228146	5.107695E-4	1.133256E-2	80.004800	5800279.000000	5800308.000000	-29.000000
968.106000	968.229555	5.111780E-4	1.134270E-2	79.990600	5829170.000000	5829199.000000	-29.000000
968.105000	968.228538	5.116157E-4	1.135303E-2	79.986100	5832276.000000	5832307.000000	-31.000000
968.105000	968.227520	5.120699E-4	1.136406E-2	79.982600	5835367.000000	5835395.000000	-28.000000
968.104000	968.226503	5.117591E-4	1.135709E-2	79.985200	5838471.000000	5838499.000000	-28.000000
968.103000	968.225486	5.119837E-4	1.136172E-2	79.993400	5841577.000000	5841607.000000	-30.000000
968.102000	968.224468	5.115384E-4	1.135353E-2	79.989900	5844668.000000	5844697.000000	-29.000000
968.101000	968.223451	5.115375E-4	1.135474E-2	79.982200	5847767.000000	5847796.000000	-29.000000
968.100000	968.222434	5.111822E-4	1.134667E-2	79.978200	5850867.000000	5850897.000000	-30.000000
968.099000	968.221416	5.110163E-4	1.134366E-2	79.980900	5853966.000000	5853995.000000	-29.000000
968.096000	968.219773	5.105811E-4	1.133227E-2	80.045300	5887458.000000	5887486.000000	-28.000000
968.096000	968.218834	5.106167E-4	1.133289E-2	80.028300	5890555.000000	5890585.000000	-30.000000
968.095000	968.217817	5.105170E-4	1.133063E-2	80.007200	5893664.000000	5893694.000000	-30.000000
968.093000	968.216173	5.109963E-4	1.134030E-2	80.013600	5924850.000000	5924879.000000	-29.000000
968.092000	968.215156	5.111968E-4	1.134572E-2	80.010500	5927949.000000	5927980.000000	-31.000000
968.091000	968.214217	5.115921E-4	1.135639E-2	80.012500	5931056.000000	5931086.000000	-30.000000
968.090000	968.213278	5.118544E-4	1.136342E-2	80.011500	5934143.000000	5934172.000000	-29.000000
968.090000	968.212261	5.120825E-4	1.136868E-2	79.999100	5937249.000000	5937277.000000	-28.000000
968.089000	968.211243	5.124113E-4	1.137723E-2	79.993400	5940351.000000	5940383.000000	-32.000000
968.088000	968.210382	5.127237E-4	4.091077E-1	79.999800	5943442.000000	5943465.000000	-23.000000
968.087000	968.209443	5.128024E-4	1.138814E-2	80.001100	5946495.000000	5946582.000000	-87.000000
968.086000	968.208504	5.128936E-4	1.806311E+1	80.000400	5949652.000000	5949684.000000	-32.000000
968.085000	968.207487	5.133982E-4	1.140314E-2	80.007400	5952742.000000	5952768.000000	-26.000000
968.084000	968.206548	5.128407E-4	1.139013E-2	80.024500	5955806.000000	5955872.000000	-66.000000
968.083000	968.205687	5.127248E-4	1.139037E-2	80.049500	5958952.000000	5958981.000000	-29.000000
968.082000	968.204670	5.126698E-4	1.139053E-2	80.031900	5962039.000000	5962065.000000	-26.000000
968.082000	968.203652	5.127258E-4	1.139243E-2	80.018600	5965145.000000	5965175.000000	-30.000000
968.082000	968.202635	5.126216E-4	1.139201E-2	80.017800	5968238.000000	5968267.000000	-29.000000
968.081000	968.201618	5.121370E-4	1.138177E-2	80.013100	5971307.000000	5971374.000000	-67.000000
968.080000	968.200679	5.119277E-4	1.137904E-2	80.008600	5974443.000000	5974471.000000	-28.000000
968.079000	968.199740	5.117371E-4	1.137748E-2	80.000100	5977535.000000	5977562.000000	-27.000000
968.078000	968.198800	5.119897E-4	1.138252E-2	80.002700	5980636.000000	5980666.000000	-30.000000
968.078000	968.197861	5.120515E-4	1.138625E-2	80.015600	5983743.000000	5983773.000000	-30.000000
968.077000	968.196922	5.119413E-4	1.138530E-2	80.011300	5986832.000000	5986857.000000	-25.000000
968.077000	968.195905	5.120461E-4	1.138897E-2	80.017100	5989896.000000	5989964.000000	-68.000000
968.076000	968.194966	5.121372E-4	1.139280E-2	80.006300	5993040.000000	5993068.000000	-28.000000
968.093000	968.216173	5.109963E-4	1.134030E-2	80.013600	5924850.000000	5924879.000000	-29.000000
968.092000	968.215156	5.111968E-4	1.134572E-2	80.010500	5927949.000000	5927980.000000	-31.000000
968.091000	968.214217	5.115921E-4	1.135639E-2	80.012500	5931056.000000	5931086.000000	-30.000000
968.090000	968.213278	5.118544E-4	1.136342E-2	80.011500	5934143.000000	5934172.000000	-29.000000
968.090000	968.212261	5.120825E-4	1.136868E-2	79.999100	5937249.000000	5937277.000000	-28.000000
968.089000	968.211243	5.124113E-4	1.137723E-2	79.993400	5940351.000000	5940383.000000	-32.000000
968.088000	968.210382	5.127237E-4	4.091077E-1	79.999800	5943442.000000	5943465.000000	-23.000000
968.087000	968.209443	5.128024E-4	1.138814E-2	80.001100	5946495.000000	5946582.000000	-87.000000
968.086000	968.208504	5.128936E-4	1.806311E+1	80.000400	5949652.000000	5949684.000000	-32.000000
968.085000	968.207487	5.133982E-4	1.140314E-2	80.007400	5952742.000000	5952768.000000	-26.000000
968.084000	968.206548	5.128407E-4	1.139013E-2	80.024500	5955806.000000	5955872.000000	-66.000000
968.083000	968.205687	5.127248E-4	1.139037E-2	80.049500	5958952.000000	5958981.000000	-29.000000
968.082000	968.204670	5.126698E-4	1.139053E-2	80.031900	5962039.000000	5962065.000000	-26.000000
968.082000	968.203652	5.127258E-4	1.139243E-2	80.018600	5965145.000000	5965175.000000	-30.000000
968.082000	968.202635	5.126216E-4	1.139201E-2	80.017800	5968238.000000	5968267.000000	-29.000000
968.081000	968.201618	5.121370E-4	1.138177E-2	80.013100	5971307.000000	5971374.000000	-67.000000
968.080000	968.200679	5.119277E-4	1.137904E-2	80.008600	5974443.000000	5974471.000000	-28.000000
968.079000	968.199740	5.117371E-4	1.137748E-2	80.000100	5977535.000000	5977562.000000	-27.000000
968.078000	968.198800	5.119897E-4	1.138252E-2	80.002700	5980636.000000	5980666.000000	-30.000000
968.078000	968.197861	5.120515E-4	1.138625E-2	80.015600	5983743.000000	5983773.000000	-30.000000
968.077000	968.196922	5.119413E-4	1.138530E-2	80.011300	5986832.000000	5986857.000000	-25.000000
968.077000	968.195905	5.120461E-4	1.138897E-2	80.017100	5989896.000000	5989964.000000	-68.000000
968.076000	968.194966	5.121372E-4	1.139280E-2	80.006300	5993040.000000	5993068.000000	-28.000000

















